Season,Round,Season_Round,Grand_Prix,Driver,Team,Quali_Position,Pole_Gap_Position,Pole_Time,Quali_Time,Normalised_Pole_Gap
2018,1,2018-01,Australian Grand Prix,HAM,Mercedes,1,1,81.164,81.164,0
2018,1,2018-01,Australian Grand Prix,RAI,Ferrari,2,2,81.164,81.828,0.008180967
2018,1,2018-01,Australian Grand Prix,VET,Ferrari,3,3,81.164,81.838,0.008304174
2018,1,2018-01,Australian Grand Prix,VER,Red Bull Racing,4,4,81.164,81.879,0.008809324
2018,1,2018-01,Australian Grand Prix,RIC,Red Bull Racing,5,6,81.164,82.152,0.012172885
2018,1,2018-01,Australian Grand Prix,MAG,Haas F1 Team,6,8,81.164,83.187,0.024924844
2018,1,2018-01,Australian Grand Prix,GRO,Haas F1 Team,7,9,81.164,83.339,0.026797595
2018,1,2018-01,Australian Grand Prix,HUL,Alpine,8,10,81.164,83.532,0.029175497
2018,1,2018-01,Australian Grand Prix,SAI,Alpine,9,7,81.164,83.061,0.023372431
2018,1,2018-01,Australian Grand Prix,BOT,Mercedes,10,5,81.164,82.089,0.011396678
2018,1,2018-01,Australian Grand Prix,ALO,McLaren,11,11,81.164,83.597,0.029976344
2018,1,2018-01,Australian Grand Prix,VAN,McLaren,12,12,81.164,83.853,0.033130452
2018,1,2018-01,Australian Grand Prix,PER,Force India,13,13,81.164,84.005,0.035003203
2018,1,2018-01,Australian Grand Prix,STR,Williams,14,14,81.164,84.23,0.037775368
2018,1,2018-01,Australian Grand Prix,OCO,Force India,15,15,81.164,84.503,0.041138929
2018,1,2018-01,Australian Grand Prix,HAR,Racing Bulls,16,16,81.164,84.532,0.04149623
2018,1,2018-01,Australian Grand Prix,ERI,Kick Sauber,17,17,81.164,84.556,0.041791927
2018,1,2018-01,Australian Grand Prix,LEC,Kick Sauber,18,18,81.164,84.636,0.042777586
2018,1,2018-01,Australian Grand Prix,SIR,Williams,19,19,81.164,84.922,0.046301316
2018,1,2018-01,Australian Grand Prix,GAS,Racing Bulls,20,20,81.164,85.295,0.050896949
2018,2,2018-02,Bahrain Grand Prix,VET,Ferrari,1,1,87.958,87.958,0
2018,2,2018-02,Bahrain Grand Prix,RAI,Ferrari,2,2,87.958,88.101,0.001625776
2018,2,2018-02,Bahrain Grand Prix,BOT,Mercedes,3,3,87.958,88.124,0.001887264
2018,2,2018-02,Bahrain Grand Prix,HAM,Mercedes,4,4,87.958,88.22,0.002978694
2018,2,2018-02,Bahrain Grand Prix,RIC,Red Bull Racing,5,5,87.958,88.398,0.005002388
2018,2,2018-02,Bahrain Grand Prix,GAS,Racing Bulls,6,7,87.958,89.329,0.015586985
2018,2,2018-02,Bahrain Grand Prix,MAG,Haas F1 Team,7,8,87.958,89.358,0.015916688
2018,2,2018-02,Bahrain Grand Prix,HUL,Alpine,8,6,87.958,89.187,0.013972578
2018,2,2018-02,Bahrain Grand Prix,OCO,Force India,9,11,87.958,89.874,0.021783124
2018,2,2018-02,Bahrain Grand Prix,SAI,Alpine,10,10,87.958,89.802,0.020964551
2018,2,2018-02,Bahrain Grand Prix,HAR,Racing Bulls,11,12,87.958,90.105,0.024409377
2018,2,2018-02,Bahrain Grand Prix,PER,Force India,12,13,87.958,90.156,0.024989199
2018,2,2018-02,Bahrain Grand Prix,ALO,McLaren,13,14,87.958,90.212,0.025625867
2018,2,2018-02,Bahrain Grand Prix,VAN,McLaren,14,15,87.958,90.479,0.028661407
2018,2,2018-02,Bahrain Grand Prix,VER,Red Bull Racing,15,9,87.958,89.374,0.016098593
2018,2,2018-02,Bahrain Grand Prix,GRO,Haas F1 Team,16,16,87.958,90.53,0.029241229
2018,2,2018-02,Bahrain Grand Prix,ERI,Kick Sauber,17,17,87.958,91.063,0.035300939
2018,2,2018-02,Bahrain Grand Prix,SIR,Williams,18,18,87.958,91.414,0.03929148
2018,2,2018-02,Bahrain Grand Prix,LEC,Kick Sauber,19,19,87.958,91.42,0.039359694
2018,2,2018-02,Bahrain Grand Prix,STR,Williams,20,20,87.958,91.503,0.040303327
2018,3,2018-03,Chinese Grand Prix,VET,Ferrari,1,1,91.095,91.095,0
2018,3,2018-03,Chinese Grand Prix,RAI,Ferrari,2,2,91.095,91.182,0.000955047
2018,3,2018-03,Chinese Grand Prix,BOT,Mercedes,3,3,91.095,91.625,0.005818102
2018,3,2018-03,Chinese Grand Prix,HAM,Mercedes,4,4,91.095,91.675,0.00636698
2018,3,2018-03,Chinese Grand Prix,VER,Red Bull Racing,5,5,91.095,91.796,0.007695263
2018,3,2018-03,Chinese Grand Prix,RIC,Red Bull Racing,6,6,91.095,91.948,0.009363851
2018,3,2018-03,Chinese Grand Prix,HUL,Alpine,7,7,91.095,92.494,0.015357594
2018,3,2018-03,Chinese Grand Prix,PER,Force India,8,9,91.095,92.758,0.018255667
2018,3,2018-03,Chinese Grand Prix,SAI,Alpine,9,10,91.095,92.819,0.018925298
2018,3,2018-03,Chinese Grand Prix,GRO,Haas F1 Team,10,8,91.095,92.524,0.01568692
2018,3,2018-03,Chinese Grand Prix,MAG,Haas F1 Team,11,11,91.095,92.986,0.020758549
2018,3,2018-03,Chinese Grand Prix,OCO,Force India,12,12,91.095,93.057,0.021537955
2018,3,2018-03,Chinese Grand Prix,ALO,McLaren,13,13,91.095,93.232,0.023459026
2018,3,2018-03,Chinese Grand Prix,VAN,McLaren,14,14,91.095,93.505,0.026455898
2018,3,2018-03,Chinese Grand Prix,HAR,Racing Bulls,15,15,91.095,93.795,0.029639387
2018,3,2018-03,Chinese Grand Prix,SIR,Williams,16,16,91.095,94.062,0.032570394
2018,3,2018-03,Chinese Grand Prix,GAS,Racing Bulls,17,17,91.095,94.101,0.032998518
2018,3,2018-03,Chinese Grand Prix,STR,Williams,18,18,91.095,94.285,0.035018387
2018,3,2018-03,Chinese Grand Prix,LEC,Kick Sauber,19,19,91.095,94.454,0.036873594
2018,3,2018-03,Chinese Grand Prix,ERI,Kick Sauber,20,20,91.095,94.914,0.041923267
2018,4,2018-04,Azerbaijan Grand Prix,VET,Ferrari,1,1,101.498,101.498,0
2018,4,2018-04,Azerbaijan Grand Prix,HAM,Mercedes,2,2,101.498,101.677,0.001763582
2018,4,2018-04,Azerbaijan Grand Prix,BOT,Mercedes,3,3,101.498,101.837,0.003339967
2018,4,2018-04,Azerbaijan Grand Prix,RIC,Red Bull Racing,4,4,101.498,101.911,0.004069046
2018,4,2018-04,Azerbaijan Grand Prix,VER,Red Bull Racing,5,5,101.498,101.994,0.004886796
2018,4,2018-04,Azerbaijan Grand Prix,RAI,Ferrari,6,6,101.498,102.49,0.009773592
2018,4,2018-04,Azerbaijan Grand Prix,OCO,Force India,7,7,101.498,102.523,0.010098721
2018,4,2018-04,Azerbaijan Grand Prix,PER,Force India,8,8,101.498,102.547,0.010335179
2018,4,2018-04,Azerbaijan Grand Prix,HUL,Alpine,9,9,101.498,103.066,0.01544858
2018,4,2018-04,Azerbaijan Grand Prix,SAI,Alpine,10,10,101.498,103.351,0.018256517
2018,4,2018-04,Azerbaijan Grand Prix,STR,Williams,11,11,101.498,103.585,0.020561982
2018,4,2018-04,Azerbaijan Grand Prix,SIR,Williams,12,14,101.498,103.886,0.023527557
2018,4,2018-04,Azerbaijan Grand Prix,ALO,McLaren,13,15,101.498,104.01,0.024749256
2018,4,2018-04,Azerbaijan Grand Prix,LEC,Kick Sauber,14,13,101.498,103.752,0.022207334
2018,4,2018-04,Azerbaijan Grand Prix,MAG,Haas F1 Team,15,12,101.498,103.674,0.021438846
2018,4,2018-04,Azerbaijan Grand Prix,VAN,McLaren,16,16,101.498,104.489,0.029468561
2018,4,2018-04,Azerbaijan Grand Prix,GAS,Racing Bulls,17,17,101.498,104.496,0.029537528
2018,4,2018-04,Azerbaijan Grand Prix,ERI,Kick Sauber,18,18,101.498,105.541,0.039833297
2018,4,2018-04,Azerbaijan Grand Prix,HAR,Racing Bulls,19,19,101.498,117.354,0.156219827
2018,5,2018-05,Spanish Grand Prix,HAM,Mercedes,1,1,76.173,76.173,0
2018,5,2018-05,Spanish Grand Prix,BOT,Mercedes,2,2,76.173,76.213,0.00052512
2018,5,2018-05,Spanish Grand Prix,VET,Ferrari,3,3,76.173,76.305,0.001732897
2018,5,2018-05,Spanish Grand Prix,RAI,Ferrari,4,4,76.173,76.612,0.005763197
2018,5,2018-05,Spanish Grand Prix,VER,Red Bull Racing,5,5,76.173,76.816,0.008441311
2018,5,2018-05,Spanish Grand Prix,RIC,Red Bull Racing,6,6,76.173,76.818,0.008467567
2018,5,2018-05,Spanish Grand Prix,MAG,Haas F1 Team,7,7,76.173,77.618,0.018969976
2018,5,2018-05,Spanish Grand Prix,ALO,McLaren,8,9,76.173,77.721,0.020322161
2018,5,2018-05,Spanish Grand Prix,SAI,Alpine,9,10,76.173,77.79,0.021227994
2018,5,2018-05,Spanish Grand Prix,GRO,Haas F1 Team,10,8,76.173,77.699,0.020033345
2018,5,2018-05,Spanish Grand Prix,VAN,McLaren,11,11,76.173,78.323,0.028225224
2018,5,2018-05,Spanish Grand Prix,GAS,Racing Bulls,12,12,76.173,78.463,0.030063146
2018,5,2018-05,Spanish Grand Prix,OCO,Force India,13,14,76.173,78.696,0.033121972
2018,5,2018-05,Spanish Grand Prix,LEC,Kick Sauber,14,13,76.173,78.661,0.032662492
2018,5,2018-05,Spanish Grand Prix,PER,Force India,15,15,76.173,78.74,0.033699605
2018,5,2018-05,Spanish Grand Prix,HUL,Alpine,16,16,76.173,78.923,0.036102031
2018,5,2018-05,Spanish Grand Prix,ERI,Kick Sauber,17,17,76.173,79.493,0.043584997
2018,5,2018-05,Spanish Grand Prix,SIR,Williams,18,18,76.173,79.695,0.046236856
2018,5,2018-05,Spanish Grand Prix,STR,Williams,19,19,76.173,80.225,0.053194702
2018,6,2018-06,Monaco Grand Prix,RIC,Red Bull Racing,1,1,70.81,70.81,0
2018,6,2018-06,Monaco Grand Prix,VET,Ferrari,2,2,70.81,71.039,0.003234006
2018,6,2018-06,Monaco Grand Prix,HAM,Mercedes,3,3,70.81,71.232,0.00595961
2018,6,2018-06,Monaco Grand Prix,RAI,Ferrari,4,4,70.81,71.266,0.006439768
2018,6,2018-06,Monaco Grand Prix,BOT,Mercedes,5,5,70.81,71.441,0.008911171
2018,6,2018-06,Monaco Grand Prix,OCO,Force India,6,6,70.81,72.061,0.017666996
2018,6,2018-06,Monaco Grand Prix,ALO,McLaren,7,7,70.81,72.11,0.018358989
2018,6,2018-06,Monaco Grand Prix,SAI,Alpine,8,8,70.81,72.13,0.018641435
2018,6,2018-06,Monaco Grand Prix,PER,Force India,9,9,70.81,72.154,0.01898037
2018,6,2018-06,Monaco Grand Prix,GAS,Racing Bulls,10,10,70.81,72.221,0.019926564
2018,6,2018-06,Monaco Grand Prix,HUL,Alpine,11,11,70.81,72.411,0.022609801
2018,6,2018-06,Monaco Grand Prix,VAN,McLaren,12,12,70.81,72.44,0.023019348
2018,6,2018-06,Monaco Grand Prix,SIR,Williams,13,13,70.81,72.521,0.024163254
2018,6,2018-06,Monaco Grand Prix,LEC,Kick Sauber,14,14,70.81,72.714,0.026888858
2018,6,2018-06,Monaco Grand Prix,GRO,Haas F1 Team,15,15,70.81,72.728,0.02708657
2018,6,2018-06,Monaco Grand Prix,HAR,Racing Bulls,16,16,70.81,73.179,0.033455727
2018,6,2018-06,Monaco Grand Prix,ERI,Kick Sauber,17,17,70.81,73.265,0.034670244
2018,6,2018-06,Monaco Grand Prix,STR,Williams,18,18,70.81,73.323,0.035489338
2018,6,2018-06,Monaco Grand Prix,MAG,Haas F1 Team,19,19,70.81,73.393,0.036477899
2018,7,2018-07,Canadian Grand Prix,VET,Ferrari,1,1,70.764,70.764,0
2018,7,2018-07,Canadian Grand Prix,BOT,Mercedes,2,2,70.764,70.857,0.001314228
2018,7,2018-07,Canadian Grand Prix,VER,Red Bull Racing,3,3,70.764,70.937,0.002444746
2018,7,2018-07,Canadian Grand Prix,HAM,Mercedes,4,4,70.764,70.996,0.003278503
2018,7,2018-07,Canadian Grand Prix,RAI,Ferrari,5,5,70.764,71.095,0.00467752
2018,7,2018-07,Canadian Grand Prix,RIC,Red Bull Racing,6,6,70.764,71.116,0.004974281
2018,7,2018-07,Canadian Grand Prix,HUL,Alpine,7,7,70.764,71.916,0.016279464
2018,7,2018-07,Canadian Grand Prix,OCO,Force India,8,8,70.764,72.084,0.018653553
2018,7,2018-07,Canadian Grand Prix,SAI,Alpine,9,9,70.764,72.097,0.018837262
2018,7,2018-07,Canadian Grand Prix,PER,Force India,10,10,70.764,72.395,0.023048443
2018,7,2018-07,Canadian Grand Prix,MAG,Haas F1 Team,11,12,70.764,72.606,0.026030185
2018,7,2018-07,Canadian Grand Prix,HAR,Racing Bulls,12,11,70.764,72.587,0.025761687
2018,7,2018-07,Canadian Grand Prix,LEC,Kick Sauber,13,13,70.764,72.661,0.026807416
2018,7,2018-07,Canadian Grand Prix,ALO,McLaren,14,14,70.764,72.856,0.029563055
2018,7,2018-07,Canadian Grand Prix,VAN,McLaren,15,15,70.764,72.865,0.029690238
2018,7,2018-07,Canadian Grand Prix,GAS,Racing Bulls,16,16,70.764,73.047,0.032262167
2018,7,2018-07,Canadian Grand Prix,STR,Williams,17,17,70.764,73.59,0.03993556
2018,7,2018-07,Canadian Grand Prix,SIR,Williams,18,18,70.764,73.643,0.040684529
2018,7,2018-07,Canadian Grand Prix,ERI,Kick Sauber,19,19,70.764,74.593,0.054109434
2018,8,2018-08,French Grand Prix,HAM,Mercedes,1,1,90.029,90.029,0
2018,8,2018-08,French Grand Prix,BOT,Mercedes,2,2,90.029,90.147,0.001310689
2018,8,2018-08,French Grand Prix,VET,Ferrari,3,3,90.029,90.4,0.004120894
2018,8,2018-08,French Grand Prix,VER,Red Bull Racing,4,4,90.029,90.705,0.007508692
2018,8,2018-08,French Grand Prix,RIC,Red Bull Racing,5,6,90.029,90.895,0.009619123
2018,8,2018-08,French Grand Prix,RAI,Ferrari,6,5,90.029,90.772,0.008252896
2018,8,2018-08,French Grand Prix,SAI,Alpine,7,9,90.029,92.016,0.022070666
2018,8,2018-08,French Grand Prix,LEC,Kick Sauber,8,10,90.029,92.055,0.02250386
2018,8,2018-08,French Grand Prix,MAG,Haas F1 Team,9,8,90.029,91.51,0.016450255
2018,8,2018-08,French Grand Prix,GRO,Haas F1 Team,10,7,90.029,91.472,0.016028169
2018,8,2018-08,French Grand Prix,OCO,Force India,11,11,90.029,92.075,0.022726011
2018,8,2018-08,French Grand Prix,HUL,Alpine,12,12,90.029,92.115,0.023170312
2018,8,2018-08,French Grand Prix,PER,Force India,13,14,90.029,92.454,0.026935765
2018,8,2018-08,French Grand Prix,GAS,Racing Bulls,14,13,90.029,92.447,0.026858012
2018,8,2018-08,French Grand Prix,ERI,Kick Sauber,15,15,90.029,92.804,0.030823401
2018,8,2018-08,French Grand Prix,ALO,McLaren,16,16,90.029,92.976,0.032733897
2018,8,2018-08,French Grand Prix,HAR,Racing Bulls,17,17,90.029,93.025,0.033278166
2018,8,2018-08,French Grand Prix,VAN,McLaren,18,18,90.029,93.162,0.034799898
2018,8,2018-08,French Grand Prix,SIR,Williams,19,19,90.029,93.636,0.040064868
2018,8,2018-08,French Grand Prix,STR,Williams,20,20,90.029,93.729,0.041097868
2018,9,2018-09,Austrian Grand Prix,BOT,Mercedes,1,1,63.13,63.13,0
2018,9,2018-09,Austrian Grand Prix,HAM,Mercedes,2,2,63.13,63.149,0.000300966
2018,9,2018-09,Austrian Grand Prix,VET,Ferrari,3,3,63.13,63.464,0.00529067
2018,9,2018-09,Austrian Grand Prix,RAI,Ferrari,4,4,63.13,63.66,0.008395375
2018,9,2018-09,Austrian Grand Prix,VER,Red Bull Racing,5,5,63.13,63.84,0.011246634
2018,9,2018-09,Austrian Grand Prix,GRO,Haas F1 Team,6,6,63.13,63.892,0.012070331
2018,9,2018-09,Austrian Grand Prix,RIC,Red Bull Racing,7,7,63.13,63.996,0.013717725
2018,9,2018-09,Austrian Grand Prix,MAG,Haas F1 Team,8,8,63.13,64.051,0.014588943
2018,9,2018-09,Austrian Grand Prix,SAI,Alpine,9,9,63.13,64.561,0.022667511
2018,9,2018-09,Austrian Grand Prix,HUL,Alpine,10,10,63.13,64.676,0.024489149
2018,9,2018-09,Austrian Grand Prix,OCO,Force India,11,11,63.13,64.845,0.027166165
2018,9,2018-09,Austrian Grand Prix,GAS,Racing Bulls,12,12,63.13,64.874,0.027625535
2018,9,2018-09,Austrian Grand Prix,LEC,Kick Sauber,13,14,63.13,64.967,0.029098685
2018,9,2018-09,Austrian Grand Prix,ALO,McLaren,14,13,63.13,64.965,0.029067005
2018,9,2018-09,Austrian Grand Prix,STR,Williams,15,15,63.13,65.264,0.033803263
2018,9,2018-09,Austrian Grand Prix,VAN,McLaren,16,16,63.13,65.271,0.033914145
2018,9,2018-09,Austrian Grand Prix,PER,Force India,17,17,63.13,65.279,0.034040868
2018,9,2018-09,Austrian Grand Prix,SIR,Williams,18,18,63.13,65.322,0.034722002
2018,9,2018-09,Austrian Grand Prix,HAR,Racing Bulls,19,19,63.13,65.366,0.035418977
2018,9,2018-09,Austrian Grand Prix,ERI,Kick Sauber,20,20,63.13,65.479,0.037208934
2018,10,2018-10,British Grand Prix,HAM,Mercedes,1,1,85.892,85.892,0
2018,10,2018-10,British Grand Prix,VET,Ferrari,2,2,85.892,85.936,0.000512271
2018,10,2018-10,British Grand Prix,RAI,Ferrari,3,3,85.892,85.99,0.001140968
2018,10,2018-10,British Grand Prix,BOT,Mercedes,4,4,85.892,86.217,0.003783822
2018,10,2018-10,British Grand Prix,VER,Red Bull Racing,5,5,85.892,86.602,0.008266195
2018,10,2018-10,British Grand Prix,RIC,Red Bull Racing,6,6,85.892,87.099,0.014052531
2018,10,2018-10,British Grand Prix,MAG,Haas F1 Team,7,7,85.892,87.244,0.015740698
2018,10,2018-10,British Grand Prix,GRO,Haas F1 Team,8,8,85.892,87.455,0.018197271
2018,10,2018-10,British Grand Prix,LEC,Kick Sauber,9,9,85.892,87.79,0.022097518
2018,10,2018-10,British Grand Prix,OCO,Force India,10,10,85.892,87.843,0.022714572
2018,10,2018-10,British Grand Prix,HUL,Alpine,11,11,85.892,87.901,0.023389838
2018,10,2018-10,British Grand Prix,PER,Force India,12,12,85.892,87.928,0.023704187
2018,10,2018-10,British Grand Prix,ALO,McLaren,13,13,85.892,88.139,0.02616076
2018,10,2018-10,British Grand Prix,GAS,Racing Bulls,14,15,85.892,88.343,0.028535836
2018,10,2018-10,British Grand Prix,ERI,Kick Sauber,15,14,85.892,88.249,0.027441438
2018,10,2018-10,British Grand Prix,SAI,Alpine,16,16,85.892,88.456,0.029851441
2018,10,2018-10,British Grand Prix,VAN,McLaren,17,17,85.892,89.096,0.037302659
2018,10,2018-10,British Grand Prix,SIR,Williams,18,18,85.892,89.252,0.039118893
2018,11,2018-11,German Grand Prix,VET,Ferrari,1,1,71.212,71.212,0
2018,11,2018-11,German Grand Prix,BOT,Mercedes,2,2,71.212,71.416,0.002864686
2018,11,2018-11,German Grand Prix,RAI,Ferrari,3,3,71.212,71.547,0.004704263
2018,11,2018-11,German Grand Prix,VER,Red Bull Racing,4,4,71.212,71.822,0.008565972
2018,11,2018-11,German Grand Prix,MAG,Haas F1 Team,5,5,71.212,72.2,0.013874066
2018,11,2018-11,German Grand Prix,GRO,Haas F1 Team,6,6,71.212,72.544,0.018704713
2018,11,2018-11,German Grand Prix,HUL,Alpine,7,7,71.212,72.56,0.018929394
2018,11,2018-11,German Grand Prix,SAI,Alpine,8,8,71.212,72.692,0.020783014
2018,11,2018-11,German Grand Prix,LEC,Kick Sauber,9,9,71.212,72.717,0.021134079
2018,11,2018-11,German Grand Prix,PER,Force India,10,10,71.212,72.774,0.021934505
2018,11,2018-11,German Grand Prix,ALO,McLaren,11,14,71.212,73.614,0.03373027
2018,11,2018-11,German Grand Prix,SIR,Williams,12,15,71.212,73.702,0.034966017
2018,11,2018-11,German Grand Prix,ERI,Kick Sauber,13,13,71.212,73.562,0.033000056
2018,11,2018-11,German Grand Prix,HAM,Mercedes,14,11,71.212,73.012,0.025276639
2018,11,2018-11,German Grand Prix,RIC,Red Bull Racing,15,12,71.212,73.318,0.029573667
2018,11,2018-11,German Grand Prix,OCO,Force India,16,16,71.212,73.72,0.035218783
2018,11,2018-11,German Grand Prix,GAS,Racing Bulls,17,17,71.212,73.749,0.035626018
2018,11,2018-11,German Grand Prix,HAR,Racing Bulls,18,18,71.212,74.045,0.039782621
2018,11,2018-11,German Grand Prix,STR,Williams,19,19,71.212,74.206,0.042043476
2018,11,2018-11,German Grand Prix,VAN,McLaren,20,20,71.212,74.401,0.044781778
2018,12,2018-12,Hungarian Grand Prix,HAM,Mercedes,1,4,76.666,77.419,0.009821825
2018,12,2018-12,Hungarian Grand Prix,BOT,Mercedes,2,3,76.666,77.123,0.005960921
2018,12,2018-12,Hungarian Grand Prix,RAI,Ferrari,3,5,76.666,77.526,0.011217489
2018,12,2018-12,Hungarian Grand Prix,VET,Ferrari,4,1,76.666,76.666,0
2018,12,2018-12,Hungarian Grand Prix,SAI,Alpine,5,6,76.666,77.829,0.015169697
2018,12,2018-12,Hungarian Grand Prix,GAS,Racing Bulls,6,14,76.666,78.577,0.024926304
2018,12,2018-12,Hungarian Grand Prix,VER,Red Bull Racing,7,2,76.666,76.94,0.003573944
2018,12,2018-12,Hungarian Grand Prix,HAR,Racing Bulls,8,11,76.666,78.429,0.022995852
2018,12,2018-12,Hungarian Grand Prix,MAG,Haas F1 Team,9,10,76.666,78.314,0.021495839
2018,12,2018-12,Hungarian Grand Prix,GRO,Haas F1 Team,10,7,76.666,77.901,0.016108836
2018,12,2018-12,Hungarian Grand Prix,ALO,McLaren,11,9,76.666,78.208,0.020113218
2018,12,2018-12,Hungarian Grand Prix,RIC,Red Bull Racing,12,12,76.666,78.54,0.024443691
2018,12,2018-12,Hungarian Grand Prix,HUL,Alpine,13,8,76.666,77.905,0.01616101
2018,12,2018-12,Hungarian Grand Prix,ERI,Kick Sauber,14,15,76.666,78.641,0.025761094
2018,12,2018-12,Hungarian Grand Prix,STR,Williams,15,13,76.666,78.56,0.024704563
2018,12,2018-12,Hungarian Grand Prix,VAN,McLaren,16,16,76.666,78.782,0.02760024
2018,12,2018-12,Hungarian Grand Prix,LEC,Kick Sauber,17,17,76.666,78.817,0.028056766
2018,12,2018-12,Hungarian Grand Prix,OCO,Force India,18,18,76.666,79.142,0.032295933
2018,12,2018-12,Hungarian Grand Prix,PER,Force India,19,19,76.666,79.2,0.033052461
2018,12,2018-12,Hungarian Grand Prix,SIR,Williams,20,20,76.666,79.301,0.034369864
2018,13,2018-13,Belgian Grand Prix,HAM,Mercedes,1,3,101.501,101.553,0.00051231
2018,13,2018-13,Belgian Grand Prix,VET,Ferrari,2,1,101.501,101.501,0
2018,13,2018-13,Belgian Grand Prix,OCO,Aston Martin,3,9,101.501,103.302,0.017743668
2018,13,2018-13,Belgian Grand Prix,PER,Aston Martin,4,6,101.501,103.014,0.014906257
2018,13,2018-13,Belgian Grand Prix,GRO,Haas F1 Team,5,7,101.501,103.042,0.015182116
2018,13,2018-13,Belgian Grand Prix,RAI,Ferrari,6,2,101.501,101.533,0.000315268
2018,13,2018-13,Belgian Grand Prix,VER,Red Bull Racing,7,5,101.501,102.554,0.010374282
2018,13,2018-13,Belgian Grand Prix,RIC,Red Bull Racing,8,8,101.501,103.126,0.016009694
2018,13,2018-13,Belgian Grand Prix,MAG,Haas F1 Team,9,10,101.501,103.32,0.017921006
2018,13,2018-13,Belgian Grand Prix,BOT,Mercedes,10,4,101.501,102.191,0.006797963
2018,13,2018-13,Belgian Grand Prix,GAS,Racing Bulls,11,12,101.501,103.844,0.023083516
2018,13,2018-13,Belgian Grand Prix,HAR,Racing Bulls,12,14,101.501,103.865,0.023290411
2018,13,2018-13,Belgian Grand Prix,LEC,Kick Sauber,13,11,101.501,103.654,0.021211614
2018,13,2018-13,Belgian Grand Prix,ERI,Kick Sauber,14,13,101.501,103.846,0.023103221
2018,13,2018-13,Belgian Grand Prix,HUL,Alpine,15,15,101.501,104.145,0.026049004
2018,13,2018-13,Belgian Grand Prix,SAI,Alpine,16,16,101.501,104.489,0.029438134
2018,13,2018-13,Belgian Grand Prix,ALO,McLaren,17,17,101.501,104.917,0.033654841
2018,13,2018-13,Belgian Grand Prix,SIR,Williams,18,18,101.501,104.998,0.034452863
2018,13,2018-13,Belgian Grand Prix,STR,Williams,19,19,101.501,105.134,0.035792751
2018,13,2018-13,Belgian Grand Prix,VAN,McLaren,20,20,101.501,105.307,0.037497168
2018,14,2018-14,Italian Grand Prix,RAI,Ferrari,1,1,79.119,79.119,0
2018,14,2018-14,Italian Grand Prix,VET,Ferrari,2,2,79.119,79.28,0.002034909
2018,14,2018-14,Italian Grand Prix,HAM,Mercedes,3,3,79.119,79.294,0.002211858
2018,14,2018-14,Italian Grand Prix,BOT,Mercedes,4,4,79.119,79.656,0.006787245
2018,14,2018-14,Italian Grand Prix,VER,Red Bull Racing,5,5,79.119,80.333,0.015343976
2018,14,2018-14,Italian Grand Prix,GRO,Haas F1 Team,6,6,79.119,80.936,0.022965407
2018,14,2018-14,Italian Grand Prix,SAI,Alpine,7,7,79.119,81.041,0.024292521
2018,14,2018-14,Italian Grand Prix,OCO,Aston Martin,8,8,79.119,81.099,0.025025594
2018,14,2018-14,Italian Grand Prix,GAS,Racing Bulls,9,10,79.119,81.35,0.028198031
2018,14,2018-14,Italian Grand Prix,STR,Williams,10,11,79.119,81.494,0.030018074
2018,14,2018-14,Italian Grand Prix,MAG,Haas F1 Team,11,12,79.119,81.669,0.032229932
2018,14,2018-14,Italian Grand Prix,SIR,Williams,12,13,79.119,81.732,0.033026201
2018,14,2018-14,Italian Grand Prix,ALO,McLaren,13,15,79.119,81.85,0.034517625
2018,14,2018-14,Italian Grand Prix,HUL,Alpine,14,14,79.119,81.801,0.033898305
2018,14,2018-14,Italian Grand Prix,RIC,Red Bull Racing,15,9,79.119,81.28,0.027313288
2018,14,2018-14,Italian Grand Prix,PER,Aston Martin,16,16,79.119,81.888,0.034997915
2018,14,2018-14,Italian Grand Prix,LEC,Kick Sauber,17,17,79.119,81.889,0.035010554
2018,14,2018-14,Italian Grand Prix,HAR,Racing Bulls,18,18,79.119,81.934,0.035579317
2018,14,2018-14,Italian Grand Prix,ERI,Kick Sauber,19,19,79.119,82.048,0.037020185
2018,14,2018-14,Italian Grand Prix,VAN,McLaren,20,20,79.119,82.085,0.037487835
2018,15,2018-15,Singapore Grand Prix,HAM,Mercedes,1,1,96.015,96.015,0
2018,15,2018-15,Singapore Grand Prix,VER,Red Bull Racing,2,2,96.015,96.334,0.003322398
2018,15,2018-15,Singapore Grand Prix,VET,Ferrari,3,3,96.015,96.628,0.006384419
2018,15,2018-15,Singapore Grand Prix,BOT,Mercedes,4,4,96.015,96.702,0.007155132
2018,15,2018-15,Singapore Grand Prix,RAI,Ferrari,5,5,96.015,96.794,0.008113316
2018,15,2018-15,Singapore Grand Prix,RIC,Red Bull Racing,6,6,96.015,96.996,0.010217154
2018,15,2018-15,Singapore Grand Prix,PER,Aston Martin,7,7,96.015,97.985,0.020517627
2018,15,2018-15,Singapore Grand Prix,GRO,Haas F1 Team,8,8,96.015,98.32,0.024006666
2018,15,2018-15,Singapore Grand Prix,OCO,Aston Martin,9,9,96.015,98.365,0.024475342
2018,15,2018-15,Singapore Grand Prix,HUL,Alpine,10,10,96.015,98.45,0.025360621
2018,15,2018-15,Singapore Grand Prix,ALO,McLaren,11,11,96.015,98.641,0.027349893
2018,15,2018-15,Singapore Grand Prix,SAI,Alpine,12,12,96.015,98.716,0.028131021
2018,15,2018-15,Singapore Grand Prix,LEC,Kick Sauber,13,13,96.015,98.747,0.028453887
2018,15,2018-15,Singapore Grand Prix,ERI,Kick Sauber,14,14,96.015,99.366,0.034900797
2018,15,2018-15,Singapore Grand Prix,GAS,Racing Bulls,15,15,96.015,99.614,0.037483727
2018,15,2018-15,Singapore Grand Prix,MAG,Haas F1 Team,16,16,96.015,99.644,0.037796178
2018,15,2018-15,Singapore Grand Prix,HAR,Racing Bulls,17,17,96.015,99.809,0.039514659
2018,15,2018-15,Singapore Grand Prix,VAN,McLaren,18,18,96.015,99.864,0.040087486
2018,15,2018-15,Singapore Grand Prix,SIR,Williams,19,19,96.015,101.263,0.054658126
2018,15,2018-15,Singapore Grand Prix,STR,Williams,20,20,96.015,101.334,0.055397594
2018,16,2018-16,Russian Grand Prix,BOT,Mercedes,1,1,91.387,91.387,0
2018,16,2018-16,Russian Grand Prix,HAM,Mercedes,2,2,91.387,91.532,0.001586659
2018,16,2018-16,Russian Grand Prix,VET,Ferrari,3,3,91.387,91.943,0.006084016
2018,16,2018-16,Russian Grand Prix,RAI,Ferrari,4,4,91.387,92.237,0.009301104
2018,16,2018-16,Russian Grand Prix,MAG,Haas F1 Team,5,6,91.387,93.181,0.019630801
2018,16,2018-16,Russian Grand Prix,OCO,Aston Martin,6,8,91.387,93.413,0.022169455
2018,16,2018-16,Russian Grand Prix,LEC,Kick Sauber,7,9,91.387,93.419,0.02223511
2018,16,2018-16,Russian Grand Prix,PER,Aston Martin,8,11,91.387,93.563,0.023810826
2018,16,2018-16,Russian Grand Prix,GRO,Haas F1 Team,9,10,91.387,93.517,0.023307473
2018,16,2018-16,Russian Grand Prix,ERI,Kick Sauber,10,12,91.387,93.995,0.028537976
2018,16,2018-16,Russian Grand Prix,VER,Red Bull Racing,11,5,91.387,93.048,0.018175452
2018,16,2018-16,Russian Grand Prix,RIC,Red Bull Racing,12,7,91.387,93.247,0.020353004
2018,16,2018-16,Russian Grand Prix,GAS,Racing Bulls,13,13,91.387,94.383,0.032783656
2018,16,2018-16,Russian Grand Prix,SAI,Alpine,14,14,91.387,94.626,0.035442678
2018,16,2018-16,Russian Grand Prix,HUL,Alpine,15,15,91.387,94.655,0.03576001
2018,16,2018-16,Russian Grand Prix,HAR,Racing Bulls,16,16,91.387,95.037,0.039940035
2018,16,2018-16,Russian Grand Prix,ALO,McLaren,17,17,91.387,95.504,0.045050171
2018,16,2018-16,Russian Grand Prix,SIR,Williams,18,18,91.387,95.612,0.046231959
2018,16,2018-16,Russian Grand Prix,VAN,McLaren,19,19,91.387,95.977,0.050225962
2018,16,2018-16,Russian Grand Prix,STR,Williams,20,20,91.387,96.437,0.055259501
2018,17,2018-17,Japanese Grand Prix,HAM,Mercedes,1,1,87.76,87.76,0
2018,17,2018-17,Japanese Grand Prix,BOT,Mercedes,2,2,87.76,87.987,0.0025866
2018,17,2018-17,Japanese Grand Prix,VER,Red Bull Racing,3,5,87.76,88.849,0.012408842
2018,17,2018-17,Japanese Grand Prix,RAI,Ferrari,4,4,87.76,88.595,0.009514585
2018,17,2018-17,Japanese Grand Prix,GRO,Haas F1 Team,5,8,87.76,89.678,0.021855059
2018,17,2018-17,Japanese Grand Prix,HAR,Racing Bulls,6,12,87.76,89.848,0.02379216
2018,17,2018-17,Japanese Grand Prix,GAS,Racing Bulls,7,11,87.76,89.81,0.023359161
2018,17,2018-17,Japanese Grand Prix,OCO,Aston Martin,8,6,87.76,89.538,0.020259799
2018,17,2018-17,Japanese Grand Prix,VET,Ferrari,9,3,87.76,88.279,0.005913856
2018,17,2018-17,Japanese Grand Prix,PER,Aston Martin,10,7,87.76,89.567,0.020590246
2018,17,2018-17,Japanese Grand Prix,LEC,Kick Sauber,11,9,87.76,89.706,0.022174111
2018,17,2018-17,Japanese Grand Prix,MAG,Haas F1 Team,12,13,87.76,90.219,0.028019599
2018,17,2018-17,Japanese Grand Prix,SAI,Alpine,13,14,87.76,90.236,0.028213309
2018,17,2018-17,Japanese Grand Prix,STR,Williams,14,15,87.76,90.317,0.029136281
2018,17,2018-17,Japanese Grand Prix,RIC,Red Bull Racing,15,10,87.76,89.806,0.023313582
2018,17,2018-17,Japanese Grand Prix,HUL,Alpine,16,16,87.76,90.361,0.029637648
2018,17,2018-17,Japanese Grand Prix,SIR,Williams,17,17,87.76,90.372,0.02976299
2018,17,2018-17,Japanese Grand Prix,ALO,McLaren,18,18,87.76,90.573,0.032053327
2018,17,2018-17,Japanese Grand Prix,VAN,McLaren,19,19,87.76,91.041,0.037386053
2018,17,2018-17,Japanese Grand Prix,ERI,Kick Sauber,20,20,87.76,91.213,0.039345943
2018,18,2018-18,United States Grand Prix,HAM,Mercedes,1,1,92.237,92.237,0
2018,18,2018-18,United States Grand Prix,VET,Ferrari,2,2,92.237,92.298,0.00066134
2018,18,2018-18,United States Grand Prix,RAI,Ferrari,3,3,92.237,92.307,0.000758915
2018,18,2018-18,United States Grand Prix,BOT,Mercedes,4,4,92.237,92.616,0.00410898
2018,18,2018-18,United States Grand Prix,RIC,Red Bull Racing,5,5,92.237,93.494,0.013627937
2018,18,2018-18,United States Grand Prix,OCO,Aston Martin,6,6,92.237,94.145,0.020685842
2018,18,2018-18,United States Grand Prix,HUL,Alpine,7,7,92.237,94.215,0.021444756
2018,18,2018-18,United States Grand Prix,GRO,Haas F1 Team,8,8,92.237,94.25,0.021824214
2018,18,2018-18,United States Grand Prix,LEC,Kick Sauber,9,9,92.237,94.255,0.021878422
2018,18,2018-18,United States Grand Prix,PER,Aston Martin,10,10,92.237,94.525,0.024805664
2018,18,2018-18,United States Grand Prix,SAI,Alpine,11,11,92.237,94.566,0.025250171
2018,18,2018-18,United States Grand Prix,MAG,Haas F1 Team,12,12,92.237,94.732,0.027049882
2018,18,2018-18,United States Grand Prix,GAS,Racing Bulls,13,14,92.237,94.85,0.028329195
2018,18,2018-18,United States Grand Prix,HAR,Racing Bulls,14,15,92.237,95.206,0.032188818
2018,18,2018-18,United States Grand Prix,VER,Red Bull Racing,15,13,92.237,94.766,0.027418498
2018,18,2018-18,United States Grand Prix,ALO,McLaren,16,16,92.237,95.294,0.033142882
2018,18,2018-18,United States Grand Prix,SIR,Williams,17,17,92.237,95.362,0.033880113
2018,18,2018-18,United States Grand Prix,STR,Williams,18,18,92.237,95.48,0.035159426
2018,18,2018-18,United States Grand Prix,ERI,Kick Sauber,19,19,92.237,95.536,0.035766558
2018,18,2018-18,United States Grand Prix,VAN,McLaren,20,20,92.237,95.735,0.037924043
2018,19,2018-19,Mexican Grand Prix,RIC,Red Bull Racing,1,1,74.759,74.759,0
2018,19,2018-19,Mexican Grand Prix,VER,Red Bull Racing,2,2,74.759,74.785,0.000347784
2018,19,2018-19,Mexican Grand Prix,HAM,Mercedes,3,3,74.759,74.894,0.001805803
2018,19,2018-19,Mexican Grand Prix,VET,Ferrari,4,4,74.759,74.97,0.002822403
2018,19,2018-19,Mexican Grand Prix,BOT,Mercedes,5,5,74.759,75.16,0.005363903
2018,19,2018-19,Mexican Grand Prix,RAI,Ferrari,6,6,74.759,75.33,0.007637876
2018,19,2018-19,Mexican Grand Prix,HUL,Alpine,7,7,74.759,75.827,0.014285905
2018,19,2018-19,Mexican Grand Prix,SAI,Alpine,8,8,74.759,76.084,0.017723619
2018,19,2018-19,Mexican Grand Prix,LEC,Kick Sauber,9,9,74.759,76.189,0.019128132
2018,19,2018-19,Mexican Grand Prix,ERI,Kick Sauber,10,12,74.759,76.513,0.023462058
2018,19,2018-19,Mexican Grand Prix,OCO,Aston Martin,11,11,74.759,76.252,0.01997084
2018,19,2018-19,Mexican Grand Prix,ALO,McLaren,12,15,74.759,76.857,0.028063511
2018,19,2018-19,Mexican Grand Prix,PER,Aston Martin,13,10,74.759,76.242,0.019837076
2018,19,2018-19,Mexican Grand Prix,HAR,Racing Bulls,14,13,74.759,76.682,0.025722655
2018,19,2018-19,Mexican Grand Prix,GAS,Racing Bulls,15,14,74.759,76.828,0.027675598
2018,19,2018-19,Mexican Grand Prix,GRO,Haas F1 Team,16,16,74.759,76.911,0.028785832
2018,19,2018-19,Mexican Grand Prix,VAN,McLaren,17,17,74.759,76.966,0.029521529
2018,19,2018-19,Mexican Grand Prix,MAG,Haas F1 Team,18,18,74.759,77.599,0.037988737
2018,19,2018-19,Mexican Grand Prix,STR,Williams,19,19,74.759,77.689,0.039192606
2018,19,2018-19,Mexican Grand Prix,SIR,Williams,20,20,74.759,77.886,0.04182774
2018,20,2018-20,Brazilian Grand Prix,HAM,Mercedes,1,1,67.281,67.281,0
2018,20,2018-20,Brazilian Grand Prix,VET,Ferrari,2,2,67.281,67.374,0.001382262
2018,20,2018-20,Brazilian Grand Prix,BOT,Mercedes,3,3,67.281,67.441,0.002378086
2018,20,2018-20,Brazilian Grand Prix,RAI,Ferrari,4,4,67.281,67.456,0.002601031
2018,20,2018-20,Brazilian Grand Prix,VER,Red Bull Racing,5,5,67.281,67.778,0.007386929
2018,20,2018-20,Brazilian Grand Prix,RIC,Red Bull Racing,6,6,67.281,67.78,0.007416656
2018,20,2018-20,Brazilian Grand Prix,ERI,Kick Sauber,7,8,67.281,68.296,0.015085983
2018,20,2018-20,Brazilian Grand Prix,LEC,Kick Sauber,8,9,67.281,68.335,0.015665641
2018,20,2018-20,Brazilian Grand Prix,GRO,Haas F1 Team,9,7,67.281,68.239,0.01423879
2018,20,2018-20,Brazilian Grand Prix,GAS,Racing Bulls,10,11,67.281,68.616,0.019842155
2018,20,2018-20,Brazilian Grand Prix,MAG,Haas F1 Team,11,10,67.281,68.474,0.017731603
2018,20,2018-20,Brazilian Grand Prix,PER,Aston Martin,12,12,67.281,68.741,0.021700034
2018,20,2018-20,Brazilian Grand Prix,OCO,Aston Martin,13,13,67.281,68.77,0.022131062
2018,20,2018-20,Brazilian Grand Prix,HUL,Alpine,14,14,67.281,68.834,0.023082297
2018,20,2018-20,Brazilian Grand Prix,SIR,Williams,15,15,67.281,69.259,0.029399087
2018,20,2018-20,Brazilian Grand Prix,SAI,Alpine,16,16,67.281,69.269,0.029547718
2018,20,2018-20,Brazilian Grand Prix,HAR,Racing Bulls,17,17,67.281,69.28,0.029711211
2018,20,2018-20,Brazilian Grand Prix,ALO,McLaren,18,18,67.281,69.402,0.031524502
2018,20,2018-20,Brazilian Grand Prix,STR,Williams,19,19,67.281,69.441,0.03210416
2018,20,2018-20,Brazilian Grand Prix,VAN,McLaren,20,20,67.281,69.601,0.034482246
2018,21,2018-21,Abu Dhabi Grand Prix,HAM,Mercedes,1,1,94.794,94.794,0
2018,21,2018-21,Abu Dhabi Grand Prix,BOT,Mercedes,2,2,94.794,94.956,0.001708969
2018,21,2018-21,Abu Dhabi Grand Prix,VET,Ferrari,3,3,94.794,95.125,0.003491782
2018,21,2018-21,Abu Dhabi Grand Prix,RAI,Ferrari,4,4,94.794,95.365,0.006023588
2018,21,2018-21,Abu Dhabi Grand Prix,RIC,Red Bull Racing,5,5,94.794,95.401,0.006403359
2018,21,2018-21,Abu Dhabi Grand Prix,VER,Red Bull Racing,6,6,94.794,95.589,0.008386607
2018,21,2018-21,Abu Dhabi Grand Prix,GRO,Haas F1 Team,7,7,94.794,96.192,0.014747769
2018,21,2018-21,Abu Dhabi Grand Prix,LEC,Kick Sauber,8,8,94.794,96.237,0.015222482
2018,21,2018-21,Abu Dhabi Grand Prix,OCO,Aston Martin,9,9,94.794,96.54,0.018418887
2018,21,2018-21,Abu Dhabi Grand Prix,HUL,Alpine,10,10,94.794,96.542,0.018439986
2018,21,2018-21,Abu Dhabi Grand Prix,SAI,Alpine,11,11,94.794,96.982,0.02308163
2018,21,2018-21,Abu Dhabi Grand Prix,ERI,Kick Sauber,12,12,94.794,97.132,0.024664008
2018,21,2018-21,Abu Dhabi Grand Prix,MAG,Haas F1 Team,13,14,94.794,97.309,0.026531215
2018,21,2018-21,Abu Dhabi Grand Prix,PER,Aston Martin,14,13,94.794,97.255,0.025961559
2018,21,2018-21,Abu Dhabi Grand Prix,ALO,McLaren,15,15,94.794,97.743,0.031109564
2018,21,2018-21,Abu Dhabi Grand Prix,HAR,Racing Bulls,16,16,94.794,97.994,0.033757411
2018,21,2018-21,Abu Dhabi Grand Prix,GAS,Racing Bulls,17,17,94.794,98.166,0.035571872
2018,21,2018-21,Abu Dhabi Grand Prix,VAN,McLaren,18,18,94.794,98.577,0.039907589
2018,21,2018-21,Abu Dhabi Grand Prix,SIR,Williams,19,19,94.794,98.635,0.040519442
2018,21,2018-21,Abu Dhabi Grand Prix,STR,Williams,20,20,94.794,98.682,0.041015254
2019,1,2019-01,Australian Grand Prix,HAM,Mercedes,1,1,80.486,80.486,0
2019,1,2019-01,Australian Grand Prix,BOT,Mercedes,2,2,80.486,80.598,0.001391546
2019,1,2019-01,Australian Grand Prix,VET,Ferrari,3,3,80.486,81.19,0.008746863
2019,1,2019-01,Australian Grand Prix,VER,Red Bull Racing,4,4,80.486,81.32,0.010362051
2019,1,2019-01,Australian Grand Prix,LEC,Ferrari,5,5,80.486,81.442,0.011877842
2019,1,2019-01,Australian Grand Prix,GRO,Haas F1 Team,6,6,80.486,81.826,0.016648858
2019,1,2019-01,Australian Grand Prix,MAG,Haas F1 Team,7,7,80.486,82.099,0.020040752
2019,1,2019-01,Australian Grand Prix,NOR,McLaren,8,8,80.486,82.304,0.022587779
2019,1,2019-01,Australian Grand Prix,RAI,Kick Sauber,9,9,80.486,82.314,0.022712024
2019,1,2019-01,Australian Grand Prix,PER,Aston Martin,10,12,80.486,82.532,0.02542057
2019,1,2019-01,Australian Grand Prix,HUL,Alpine,11,13,80.486,82.54,0.025519966
2019,1,2019-01,Australian Grand Prix,RIC,Alpine,12,14,80.486,82.57,0.025892702
2019,1,2019-01,Australian Grand Prix,ALB,Racing Bulls,13,15,80.486,82.636,0.02671272
2019,1,2019-01,Australian Grand Prix,GIO,Kick Sauber,14,10,80.486,82.431,0.024165693
2019,1,2019-01,Australian Grand Prix,KVY,Racing Bulls,15,11,80.486,82.511,0.025159655
2019,1,2019-01,Australian Grand Prix,STR,Aston Martin,16,16,80.486,83.017,0.031446463
2019,1,2019-01,Australian Grand Prix,GAS,Red Bull Racing,17,17,80.486,83.02,0.031483736
2019,1,2019-01,Australian Grand Prix,SAI,McLaren,18,18,80.486,83.084,0.032278906
2019,1,2019-01,Australian Grand Prix,RUS,Williams,19,19,80.486,84.36,0.048132594
2019,1,2019-01,Australian Grand Prix,KUB,Williams,20,20,80.486,86.067,0.069341252
2019,2,2019-02,Bahrain Grand Prix,LEC,Ferrari,1,1,87.866,87.866,0
2019,2,2019-02,Bahrain Grand Prix,VET,Ferrari,2,2,87.866,88.16,0.003346004
2019,2,2019-02,Bahrain Grand Prix,HAM,Mercedes,3,3,87.866,88.19,0.003687433
2019,2,2019-02,Bahrain Grand Prix,BOT,Mercedes,4,4,87.866,88.256,0.004438577
2019,2,2019-02,Bahrain Grand Prix,VER,Red Bull Racing,5,5,87.866,88.752,0.010083536
2019,2,2019-02,Bahrain Grand Prix,MAG,Haas F1 Team,6,6,87.866,88.757,0.010140441
2019,2,2019-02,Bahrain Grand Prix,SAI,McLaren,7,7,87.866,88.813,0.010777775
2019,2,2019-02,Bahrain Grand Prix,GRO,Haas F1 Team,8,8,87.866,89.015,0.01307673
2019,2,2019-02,Bahrain Grand Prix,RAI,Kick Sauber,9,9,87.866,89.022,0.013156397
2019,2,2019-02,Bahrain Grand Prix,NOR,McLaren,10,10,87.866,89.043,0.013395398
2019,2,2019-02,Bahrain Grand Prix,RIC,Alpine,11,11,87.866,89.488,0.018459928
2019,2,2019-02,Bahrain Grand Prix,ALB,Racing Bulls,12,12,87.866,89.513,0.018744452
2019,2,2019-02,Bahrain Grand Prix,GAS,Red Bull Racing,13,13,87.866,89.526,0.018892404
2019,2,2019-02,Bahrain Grand Prix,PER,Aston Martin,14,14,87.866,89.756,0.021510027
2019,2,2019-02,Bahrain Grand Prix,KVY,Racing Bulls,15,15,87.866,89.854,0.022625361
2019,2,2019-02,Bahrain Grand Prix,GIO,Kick Sauber,16,16,87.866,90.026,0.024582888
2019,2,2019-02,Bahrain Grand Prix,HUL,Alpine,17,17,87.866,90.034,0.024673935
2019,2,2019-02,Bahrain Grand Prix,STR,Aston Martin,18,18,87.866,90.217,0.026756652
2019,2,2019-02,Bahrain Grand Prix,RUS,Williams,19,19,87.866,91.759,0.044306102
2019,2,2019-02,Bahrain Grand Prix,KUB,Williams,20,20,87.866,91.799,0.044761341
2019,3,2019-03,Chinese Grand Prix,BOT,Mercedes,1,1,91.547,91.547,0
2019,3,2019-03,Chinese Grand Prix,HAM,Mercedes,2,2,91.547,91.57,0.000251237
2019,3,2019-03,Chinese Grand Prix,VET,Ferrari,3,3,91.547,91.848,0.003287929
2019,3,2019-03,Chinese Grand Prix,LEC,Ferrari,4,4,91.547,91.865,0.003473626
2019,3,2019-03,Chinese Grand Prix,VER,Red Bull Racing,5,5,91.547,92.089,0.005920456
2019,3,2019-03,Chinese Grand Prix,GAS,Red Bull Racing,6,6,91.547,92.93,0.015106994
2019,3,2019-03,Chinese Grand Prix,RIC,Alpine,7,7,91.547,92.958,0.015412848
2019,3,2019-03,Chinese Grand Prix,HUL,Alpine,8,8,91.547,92.962,0.015456541
2019,3,2019-03,Chinese Grand Prix,MAG,Haas F1 Team,9,9,91.547,93.15,0.017510131
2019,3,2019-03,Chinese Grand Prix,GRO,Haas F1 Team,10,10,91.547,93.156,0.017575672
2019,3,2019-03,Chinese Grand Prix,KVY,Racing Bulls,11,11,91.547,93.236,0.01844954
2019,3,2019-03,Chinese Grand Prix,PER,Aston Martin,12,12,91.547,93.299,0.019137711
2019,3,2019-03,Chinese Grand Prix,RAI,Kick Sauber,13,13,91.547,93.419,0.020448513
2019,3,2019-03,Chinese Grand Prix,SAI,McLaren,14,14,91.547,93.523,0.021584541
2019,3,2019-03,Chinese Grand Prix,NOR,McLaren,15,15,91.547,93.967,0.026434509
2019,3,2019-03,Chinese Grand Prix,STR,Aston Martin,16,16,91.547,94.292,0.029984598
2019,3,2019-03,Chinese Grand Prix,RUS,Williams,17,17,91.547,95.253,0.040481938
2019,3,2019-03,Chinese Grand Prix,KUB,Williams,18,18,91.547,95.281,0.040787792
2019,4,2019-04,Azerbaijan Grand Prix,BOT,Mercedes,1,1,100.495,100.495,0
2019,4,2019-04,Azerbaijan Grand Prix,HAM,Mercedes,2,2,100.495,100.554,0.000587094
2019,4,2019-04,Azerbaijan Grand Prix,VET,Ferrari,3,3,100.495,100.797,0.003005125
2019,4,2019-04,Azerbaijan Grand Prix,VER,Red Bull Racing,4,4,100.495,101.069,0.005711727
2019,4,2019-04,Azerbaijan Grand Prix,PER,Aston Martin,5,7,100.495,101.593,0.010925917
2019,4,2019-04,Azerbaijan Grand Prix,KVY,Racing Bulls,6,8,100.495,101.681,0.011801582
2019,4,2019-04,Azerbaijan Grand Prix,NOR,McLaren,7,9,100.495,101.886,0.013841485
2019,4,2019-04,Azerbaijan Grand Prix,GIO,Kick Sauber,8,12,100.495,102.14,0.016368974
2019,4,2019-04,Azerbaijan Grand Prix,LEC,Ferrari,9,6,100.495,101.426,0.009264142
2019,4,2019-04,Azerbaijan Grand Prix,SAI,McLaren,10,10,100.495,101.936,0.014339022
2019,4,2019-04,Azerbaijan Grand Prix,RIC,Alpine,11,15,100.495,102.477,0.019722374
2019,4,2019-04,Azerbaijan Grand Prix,ALB,Racing Bulls,12,13,100.495,102.154,0.016508284
2019,4,2019-04,Azerbaijan Grand Prix,MAG,Haas F1 Team,13,14,100.495,102.382,0.018777054
2019,4,2019-04,Azerbaijan Grand Prix,STR,Aston Martin,14,16,100.495,102.63,0.021244838
2019,4,2019-04,Azerbaijan Grand Prix,GRO,Haas F1 Team,15,17,100.495,103.407,0.028976566
2019,4,2019-04,Azerbaijan Grand Prix,HUL,Alpine,16,18,100.495,103.427,0.029175581
2019,4,2019-04,Azerbaijan Grand Prix,RUS,Williams,17,19,100.495,105.062,0.045445047
2019,4,2019-04,Azerbaijan Grand Prix,KUB,Williams,18,20,100.495,105.455,0.049355689
2019,4,2019-04,Azerbaijan Grand Prix,RAI,Kick Sauber,19,11,100.495,102.059,0.015562963
2019,4,2019-04,Azerbaijan Grand Prix,GAS,Red Bull Racing,20,5,100.495,101.335,0.008358625
2019,5,2019-05,Spanish Grand Prix,BOT,Mercedes,1,1,75.406,75.406,0
2019,5,2019-05,Spanish Grand Prix,HAM,Mercedes,2,2,75.406,76.038,0.008381296
2019,5,2019-05,Spanish Grand Prix,VET,Ferrari,3,3,75.406,76.272,0.011484497
2019,5,2019-05,Spanish Grand Prix,VER,Red Bull Racing,4,4,75.406,76.357,0.012611729
2019,5,2019-05,Spanish Grand Prix,LEC,Ferrari,5,5,75.406,76.588,0.015675145
2019,5,2019-05,Spanish Grand Prix,GAS,Red Bull Racing,6,6,75.406,76.708,0.017266531
2019,5,2019-05,Spanish Grand Prix,GRO,Haas F1 Team,7,7,75.406,76.911,0.019958624
2019,5,2019-05,Spanish Grand Prix,MAG,Haas F1 Team,8,8,75.406,76.922,0.020104501
2019,5,2019-05,Spanish Grand Prix,KVY,Racing Bulls,9,9,75.406,77.243,0.024361457
2019,5,2019-05,Spanish Grand Prix,RIC,Alpine,10,10,75.406,77.299,0.025104103
2019,5,2019-05,Spanish Grand Prix,NOR,McLaren,11,11,75.406,77.338,0.025621303
2019,5,2019-05,Spanish Grand Prix,ALB,Racing Bulls,12,12,75.406,77.445,0.027040289
2019,5,2019-05,Spanish Grand Prix,SAI,McLaren,13,13,75.406,77.599,0.029082566
2019,5,2019-05,Spanish Grand Prix,RAI,Kick Sauber,14,14,75.406,77.788,0.031588998
2019,5,2019-05,Spanish Grand Prix,PER,Aston Martin,15,15,75.406,77.886,0.03288863
2019,5,2019-05,Spanish Grand Prix,HUL,Alpine,16,16,75.406,78.404,0.039758109
2019,5,2019-05,Spanish Grand Prix,STR,Aston Martin,17,17,75.406,78.471,0.040646633
2019,5,2019-05,Spanish Grand Prix,GIO,Kick Sauber,18,18,75.406,78.664,0.043206111
2019,5,2019-05,Spanish Grand Prix,RUS,Williams,19,19,75.406,79.072,0.048616821
2019,5,2019-05,Spanish Grand Prix,KUB,Williams,20,20,75.406,80.254,0.064291966
2019,6,2019-06,Monaco Grand Prix,HAM,Mercedes,1,1,70.166,70.166,0
2019,6,2019-06,Monaco Grand Prix,BOT,Mercedes,2,2,70.166,70.252,0.001225665
2019,6,2019-06,Monaco Grand Prix,VER,Red Bull Racing,3,3,70.166,70.618,0.006441866
2019,6,2019-06,Monaco Grand Prix,VET,Ferrari,4,4,70.166,70.947,0.011130747
2019,6,2019-06,Monaco Grand Prix,GAS,Red Bull Racing,5,5,70.166,71.041,0.012470427
2019,6,2019-06,Monaco Grand Prix,MAG,Haas F1 Team,6,6,70.166,71.109,0.013439558
2019,6,2019-06,Monaco Grand Prix,RIC,Alpine,7,7,70.166,71.218,0.014993017
2019,6,2019-06,Monaco Grand Prix,KVY,Racing Bulls,8,8,70.166,71.271,0.015748368
2019,6,2019-06,Monaco Grand Prix,SAI,McLaren,9,9,70.166,71.417,0.017829148
2019,6,2019-06,Monaco Grand Prix,ALB,Racing Bulls,10,10,70.166,71.429,0.018000171
2019,6,2019-06,Monaco Grand Prix,HUL,Alpine,11,11,70.166,71.67,0.021434883
2019,6,2019-06,Monaco Grand Prix,NOR,McLaren,12,12,70.166,71.724,0.022204487
2019,6,2019-06,Monaco Grand Prix,GRO,Haas F1 Team,13,13,70.166,71.837,0.023814953
2019,6,2019-06,Monaco Grand Prix,RAI,Kick Sauber,14,15,70.166,71.993,0.026038252
2019,6,2019-06,Monaco Grand Prix,GIO,Kick Sauber,15,14,70.166,71.976,0.02579597
2019,6,2019-06,Monaco Grand Prix,LEC,Ferrari,16,16,70.166,72.149,0.028261551
2019,6,2019-06,Monaco Grand Prix,PER,Aston Martin,17,17,70.166,72.233,0.029458712
2019,6,2019-06,Monaco Grand Prix,STR,Aston Martin,18,18,70.166,72.846,0.038195137
2019,6,2019-06,Monaco Grand Prix,RUS,Williams,19,19,70.166,73.477,0.047188097
2019,6,2019-06,Monaco Grand Prix,KUB,Williams,20,20,70.166,73.751,0.051093122
2019,7,2019-07,Canadian Grand Prix,VET,Ferrari,1,1,70.24,70.24,0
2019,7,2019-07,Canadian Grand Prix,HAM,Mercedes,2,2,70.24,70.446,0.002932802
2019,7,2019-07,Canadian Grand Prix,LEC,Ferrari,3,3,70.24,70.92,0.009681093
2019,7,2019-07,Canadian Grand Prix,RIC,Alpine,4,4,70.24,71.071,0.011830866
2019,7,2019-07,Canadian Grand Prix,GAS,Red Bull Racing,5,5,70.24,71.079,0.011944761
2019,7,2019-07,Canadian Grand Prix,BOT,Mercedes,6,6,70.24,71.095,0.012172551
2019,7,2019-07,Canadian Grand Prix,HUL,Alpine,7,7,70.24,71.324,0.015432802
2019,7,2019-07,Canadian Grand Prix,NOR,McLaren,8,10,70.24,71.735,0.021284169
2019,7,2019-07,Canadian Grand Prix,SAI,McLaren,9,8,70.24,71.572,0.018963554
2019,7,2019-07,Canadian Grand Prix,MAG,Haas F1 Team,10,11,70.24,71.786,0.022010251
2019,7,2019-07,Canadian Grand Prix,VER,Red Bull Racing,11,9,70.24,71.619,0.019632688
2019,7,2019-07,Canadian Grand Prix,KVY,Racing Bulls,12,12,70.24,71.921,0.023932232
2019,7,2019-07,Canadian Grand Prix,GIO,Kick Sauber,13,15,70.24,72.122,0.02679385
2019,7,2019-07,Canadian Grand Prix,ALB,Racing Bulls,14,13,70.24,72.02,0.025341686
2019,7,2019-07,Canadian Grand Prix,GRO,Haas F1 Team,15,14,70.24,72.109,0.02660877
2019,7,2019-07,Canadian Grand Prix,PER,Aston Martin,16,16,70.24,72.197,0.027861617
2019,7,2019-07,Canadian Grand Prix,RAI,Kick Sauber,17,17,70.24,72.23,0.028331435
2019,7,2019-07,Canadian Grand Prix,STR,Aston Martin,18,18,70.24,72.266,0.028843964
2019,7,2019-07,Canadian Grand Prix,RUS,Williams,19,19,70.24,73.617,0.048078018
2019,7,2019-07,Canadian Grand Prix,KUB,Williams,20,20,70.24,74.393,0.059125854
2019,8,2019-08,French Grand Prix,HAM,Mercedes,1,1,88.319,88.319,0
2019,8,2019-08,French Grand Prix,BOT,Mercedes,2,2,88.319,88.605,0.003238261
2019,8,2019-08,French Grand Prix,LEC,Ferrari,3,3,88.319,88.965,0.007314394
2019,8,2019-08,French Grand Prix,VER,Red Bull Racing,4,4,88.319,89.409,0.012341625
2019,8,2019-08,French Grand Prix,NOR,McLaren,5,5,88.319,89.418,0.012443529
2019,8,2019-08,French Grand Prix,SAI,McLaren,6,7,88.319,89.522,0.013621078
2019,8,2019-08,French Grand Prix,VET,Ferrari,7,6,88.319,89.506,0.013439917
2019,8,2019-08,French Grand Prix,RIC,Alpine,8,8,88.319,89.918,0.018104825
2019,8,2019-08,French Grand Prix,GAS,Red Bull Racing,9,9,88.319,90.184,0.021116634
2019,8,2019-08,French Grand Prix,GIO,Kick Sauber,10,10,88.319,90.408,0.023652895
2019,8,2019-08,French Grand Prix,ALB,Racing Bulls,11,11,88.319,90.461,0.024252992
2019,8,2019-08,French Grand Prix,RAI,Kick Sauber,12,12,88.319,90.533,0.025068219
2019,8,2019-08,French Grand Prix,HUL,Alpine,13,13,88.319,90.544,0.025192767
2019,8,2019-08,French Grand Prix,PER,Aston Martin,14,14,88.319,90.738,0.02738935
2019,8,2019-08,French Grand Prix,MAG,Haas F1 Team,15,15,88.319,91.166,0.032235419
2019,8,2019-08,French Grand Prix,KVY,Racing Bulls,16,16,88.319,91.564,0.036741811
2019,8,2019-08,French Grand Prix,GRO,Haas F1 Team,17,17,88.319,91.626,0.037443812
2019,8,2019-08,French Grand Prix,STR,Aston Martin,18,18,88.319,91.726,0.038576071
2019,8,2019-08,French Grand Prix,RUS,Williams,19,19,88.319,92.789,0.050611986
2019,8,2019-08,French Grand Prix,KUB,Williams,20,20,88.319,93.205,0.055322184
2019,9,2019-09,Austrian Grand Prix,LEC,Ferrari,1,1,63.003,63.003,0
2019,9,2019-09,Austrian Grand Prix,HAM,Mercedes,2,2,63.003,63.262,0.004110915
2019,9,2019-09,Austrian Grand Prix,VER,Red Bull Racing,3,3,63.003,63.439,0.006920305
2019,9,2019-09,Austrian Grand Prix,BOT,Mercedes,4,4,63.003,63.537,0.008475787
2019,9,2019-09,Austrian Grand Prix,MAG,Haas F1 Team,5,8,63.003,64.072,0.016967446
2019,9,2019-09,Austrian Grand Prix,NOR,McLaren,6,9,63.003,64.099,0.017395997
2019,9,2019-09,Austrian Grand Prix,RAI,Kick Sauber,7,7,63.003,64.056,0.01671349
2019,9,2019-09,Austrian Grand Prix,GIO,Kick Sauber,8,10,63.003,64.179,0.018665778
2019,9,2019-09,Austrian Grand Prix,GAS,Red Bull Racing,9,6,63.003,63.988,0.015634176
2019,9,2019-09,Austrian Grand Prix,VET,Ferrari,10,5,63.003,63.667,0.010539181
2019,9,2019-09,Austrian Grand Prix,GRO,Haas F1 Team,11,12,63.003,64.49,0.023602051
2019,9,2019-09,Austrian Grand Prix,HUL,Alpine,12,13,63.003,64.516,0.024014729
2019,9,2019-09,Austrian Grand Prix,ALB,Racing Bulls,13,15,63.003,64.665,0.026379696
2019,9,2019-09,Austrian Grand Prix,RIC,Alpine,14,14,63.003,64.647,0.026093996
2019,9,2019-09,Austrian Grand Prix,SAI,McLaren,15,11,63.003,64.453,0.023014777
2019,9,2019-09,Austrian Grand Prix,PER,Aston Martin,16,16,63.003,64.789,0.028347856
2019,9,2019-09,Austrian Grand Prix,STR,Aston Martin,17,17,63.003,64.832,0.029030364
2019,9,2019-09,Austrian Grand Prix,KVY,Racing Bulls,18,18,63.003,65.324,0.036839516
2019,9,2019-09,Austrian Grand Prix,RUS,Williams,19,19,63.003,65.904,0.046045426
2019,9,2019-09,Austrian Grand Prix,KUB,Williams,20,20,63.003,66.206,0.050838849
2019,10,2019-10,British Grand Prix,BOT,Mercedes,1,1,85.093,85.093,0
2019,10,2019-10,British Grand Prix,HAM,Mercedes,2,2,85.093,85.099,7.05E-05
2019,10,2019-10,British Grand Prix,LEC,Ferrari,3,3,85.093,85.172,0.000928396
2019,10,2019-10,British Grand Prix,VER,Red Bull Racing,4,4,85.093,85.276,0.002150588
2019,10,2019-10,British Grand Prix,GAS,Red Bull Racing,5,5,85.093,85.59,0.005840668
2019,10,2019-10,British Grand Prix,VET,Ferrari,6,6,85.093,85.787,0.008155782
2019,10,2019-10,British Grand Prix,RIC,Alpine,7,8,85.093,86.182,0.012797762
2019,10,2019-10,British Grand Prix,NOR,McLaren,8,7,85.093,86.079,0.011587322
2019,10,2019-10,British Grand Prix,ALB,Racing Bulls,9,10,85.093,86.345,0.014713314
2019,10,2019-10,British Grand Prix,HUL,Alpine,10,12,85.093,86.386,0.015195139
2019,10,2019-10,British Grand Prix,GIO,Kick Sauber,11,13,85.093,86.449,0.015935506
2019,10,2019-10,British Grand Prix,RAI,Kick Sauber,12,14,85.093,86.546,0.017075435
2019,10,2019-10,British Grand Prix,SAI,McLaren,13,9,85.093,86.203,0.013044551
2019,10,2019-10,British Grand Prix,GRO,Haas F1 Team,14,11,85.093,86.347,0.014736817
2019,10,2019-10,British Grand Prix,PER,Aston Martin,15,15,85.093,86.649,0.018285875
2019,10,2019-10,British Grand Prix,MAG,Haas F1 Team,16,16,85.093,86.662,0.018438649
2019,10,2019-10,British Grand Prix,KVY,Racing Bulls,17,17,85.093,86.721,0.019132009
2019,10,2019-10,British Grand Prix,STR,Aston Martin,18,18,85.093,86.762,0.019613834
2019,10,2019-10,British Grand Prix,RUS,Williams,19,19,85.093,87.789,0.031682982
2019,10,2019-10,British Grand Prix,KUB,Williams,20,20,85.093,88.257,0.037182847
2019,11,2019-11,German Grand Prix,HAM,Mercedes,1,1,71.767,71.767,0
2019,11,2019-11,German Grand Prix,VER,Red Bull Racing,2,2,71.767,72.113,0.004821157
2019,11,2019-11,German Grand Prix,BOT,Mercedes,3,3,71.767,72.129,0.005044101
2019,11,2019-11,German Grand Prix,GAS,Red Bull Racing,4,5,71.767,72.385,0.0086112
2019,11,2019-11,German Grand Prix,RAI,Kick Sauber,5,6,71.767,72.519,0.010478354
2019,11,2019-11,German Grand Prix,GRO,Haas F1 Team,6,9,71.767,72.769,0.013961849
2019,11,2019-11,German Grand Prix,SAI,McLaren,7,7,71.767,72.632,0.012052893
2019,11,2019-11,German Grand Prix,PER,Aston Martin,8,10,71.767,72.776,0.014059387
2019,11,2019-11,German Grand Prix,HUL,Alpine,9,8,71.767,72.766,0.013920047
2019,11,2019-11,German Grand Prix,LEC,Ferrari,10,4,71.767,72.229,0.006437499
2019,11,2019-11,German Grand Prix,GIO,Kick Sauber,11,11,71.767,72.786,0.014198726
2019,11,2019-11,German Grand Prix,MAG,Haas F1 Team,12,12,71.767,72.789,0.014240528
2019,11,2019-11,German Grand Prix,RIC,Alpine,13,13,71.767,72.799,0.014379868
2019,11,2019-11,German Grand Prix,KVY,Racing Bulls,14,14,71.767,73.135,0.019061686
2019,11,2019-11,German Grand Prix,STR,Aston Martin,15,15,71.767,73.256,0.020747697
2019,11,2019-11,German Grand Prix,NOR,McLaren,16,16,71.767,73.333,0.021820614
2019,11,2019-11,German Grand Prix,ALB,Racing Bulls,17,17,71.767,73.461,0.023604163
2019,11,2019-11,German Grand Prix,RUS,Williams,18,18,71.767,74.721,0.041160979
2019,11,2019-11,German Grand Prix,KUB,Williams,19,19,71.767,74.839,0.042805189
2019,12,2019-12,Hungarian Grand Prix,VER,Red Bull Racing,1,1,74.572,74.572,0
2019,12,2019-12,Hungarian Grand Prix,BOT,Mercedes,2,2,74.572,74.59,0.000241377
2019,12,2019-12,Hungarian Grand Prix,HAM,Mercedes,3,3,74.572,74.769,0.002641742
2019,12,2019-12,Hungarian Grand Prix,LEC,Ferrari,4,4,74.572,75.043,0.006316044
2019,12,2019-12,Hungarian Grand Prix,VET,Ferrari,5,5,74.572,75.071,0.00669152
2019,12,2019-12,Hungarian Grand Prix,GAS,Red Bull Racing,6,6,74.572,75.45,0.011773856
2019,12,2019-12,Hungarian Grand Prix,NOR,McLaren,7,7,74.572,75.8,0.016467307
2019,12,2019-12,Hungarian Grand Prix,SAI,McLaren,8,8,74.572,75.852,0.017164619
2019,12,2019-12,Hungarian Grand Prix,GRO,Haas F1 Team,9,9,74.572,76.013,0.019323607
2019,12,2019-12,Hungarian Grand Prix,RAI,Kick Sauber,10,10,74.572,76.041,0.019699083
2019,12,2019-12,Hungarian Grand Prix,HUL,Alpine,11,12,74.572,76.565,0.026725849
2019,12,2019-12,Hungarian Grand Prix,ALB,Racing Bulls,12,13,74.572,76.687,0.028361852
2019,12,2019-12,Hungarian Grand Prix,KVY,Racing Bulls,13,14,74.572,76.692,0.028428901
2019,12,2019-12,Hungarian Grand Prix,GIO,Kick Sauber,14,15,74.572,76.804,0.029930805
2019,12,2019-12,Hungarian Grand Prix,MAG,Haas F1 Team,15,11,74.572,76.122,0.020785281
2019,12,2019-12,Hungarian Grand Prix,RUS,Williams,16,16,74.572,77.031,0.032974843
2019,12,2019-12,Hungarian Grand Prix,PER,Aston Martin,17,17,74.572,77.109,0.034020812
2019,12,2019-12,Hungarian Grand Prix,RIC,Alpine,18,18,74.572,77.257,0.036005471
2019,12,2019-12,Hungarian Grand Prix,STR,Aston Martin,19,19,74.572,77.542,0.039827281
2019,12,2019-12,Hungarian Grand Prix,KUB,Williams,20,20,74.572,78.324,0.050313791
2019,13,2019-13,Belgian Grand Prix,LEC,Ferrari,1,1,102.519,102.519,0
2019,13,2019-13,Belgian Grand Prix,VET,Ferrari,2,2,102.519,103.037,0.005052722
2019,13,2019-13,Belgian Grand Prix,HAM,Mercedes,3,3,102.519,103.282,0.007442523
2019,13,2019-13,Belgian Grand Prix,BOT,Mercedes,4,4,102.519,103.415,0.008739843
2019,13,2019-13,Belgian Grand Prix,VER,Red Bull Racing,5,5,102.519,103.69,0.011422273
2019,13,2019-13,Belgian Grand Prix,RIC,Alpine,6,6,102.519,104.103,0.015450794
2019,13,2019-13,Belgian Grand Prix,HUL,Alpine,7,8,102.519,104.542,0.019732928
2019,13,2019-13,Belgian Grand Prix,RAI,Kick Sauber,8,7,102.519,104.14,0.015811703
2019,13,2019-13,Belgian Grand Prix,PER,Aston Martin,9,9,102.519,104.706,0.021332631
2019,13,2019-13,Belgian Grand Prix,MAG,Haas F1 Team,10,10,102.519,104.738,0.021644768
2019,13,2019-13,Belgian Grand Prix,GRO,Haas F1 Team,11,11,102.519,104.797,0.022220271
2019,13,2019-13,Belgian Grand Prix,NOR,McLaren,12,12,102.519,104.847,0.022707986
2019,13,2019-13,Belgian Grand Prix,STR,Aston Martin,13,13,102.519,105.047,0.024658844
2019,13,2019-13,Belgian Grand Prix,ALB,Red Bull Racing,14,14,102.519,105.528,0.029350657
2019,13,2019-13,Belgian Grand Prix,GIO,Kick Sauber,15,15,102.519,105.637,0.030413875
2019,13,2019-13,Belgian Grand Prix,GAS,Racing Bulls,16,16,102.519,106.435,0.038197797
2019,13,2019-13,Belgian Grand Prix,SAI,McLaren,17,17,102.519,106.507,0.038900106
2019,13,2019-13,Belgian Grand Prix,KVY,Racing Bulls,18,18,102.519,106.518,0.039007404
2019,13,2019-13,Belgian Grand Prix,RUS,Williams,19,19,102.519,107.548,0.049054322
2019,14,2019-14,Italian Grand Prix,LEC,Ferrari,1,1,79.307,79.307,0
2019,14,2019-14,Italian Grand Prix,HAM,Mercedes,2,2,79.307,79.346,0.00049176
2019,14,2019-14,Italian Grand Prix,BOT,Mercedes,3,3,79.307,79.354,0.000592634
2019,14,2019-14,Italian Grand Prix,VET,Ferrari,4,4,79.307,79.457,0.001891384
2019,14,2019-14,Italian Grand Prix,RIC,Alpine,5,5,79.307,79.833,0.006632454
2019,14,2019-14,Italian Grand Prix,HUL,Alpine,6,7,79.307,80.049,0.009356047
2019,14,2019-14,Italian Grand Prix,SAI,McLaren,7,8,79.307,80.202,0.011285259
2019,14,2019-14,Italian Grand Prix,ALB,Red Bull Racing,8,6,79.307,80.021,0.009002988
2019,14,2019-14,Italian Grand Prix,STR,Aston Martin,9,9,79.307,80.498,0.01501759
2019,14,2019-14,Italian Grand Prix,RAI,Kick Sauber,10,11,79.307,80.515,0.015231947
2019,14,2019-14,Italian Grand Prix,GIO,Kick Sauber,11,12,79.307,80.517,0.015257165
2019,14,2019-14,Italian Grand Prix,MAG,Haas F1 Team,12,13,79.307,80.615,0.016492869
2019,14,2019-14,Italian Grand Prix,KVY,Racing Bulls,13,14,79.307,80.63,0.016682008
2019,14,2019-14,Italian Grand Prix,NOR,McLaren,14,15,79.307,80.646,0.016883756
2019,14,2019-14,Italian Grand Prix,GAS,Racing Bulls,15,10,79.307,80.508,0.015143682
2019,14,2019-14,Italian Grand Prix,GRO,Haas F1 Team,16,16,79.307,80.784,0.018623829
2019,14,2019-14,Italian Grand Prix,PER,Aston Martin,17,17,79.307,81.291,0.025016707
2019,14,2019-14,Italian Grand Prix,RUS,Williams,18,18,79.307,81.8,0.031434804
2019,14,2019-14,Italian Grand Prix,KUB,Williams,19,19,79.307,82.356,0.038445534
2019,15,2019-15,Singapore Grand Prix,LEC,Ferrari,1,1,96.217,96.217,0
2019,15,2019-15,Singapore Grand Prix,HAM,Mercedes,2,2,96.217,96.408,0.001985096
2019,15,2019-15,Singapore Grand Prix,VET,Ferrari,3,3,96.217,96.437,0.002286498
2019,15,2019-15,Singapore Grand Prix,VER,Red Bull Racing,4,4,96.217,96.813,0.006194332
2019,15,2019-15,Singapore Grand Prix,BOT,Mercedes,5,5,96.217,97.142,0.009613686
2019,15,2019-15,Singapore Grand Prix,ALB,Red Bull Racing,6,6,96.217,97.411,0.012409449
2019,15,2019-15,Singapore Grand Prix,SAI,McLaren,7,8,96.217,97.818,0.016639471
2019,15,2019-15,Singapore Grand Prix,HUL,Alpine,8,10,96.217,98.264,0.021274827
2019,15,2019-15,Singapore Grand Prix,NOR,McLaren,9,7,96.217,97.572,0.01408275
2019,15,2019-15,Singapore Grand Prix,PER,Aston Martin,10,11,96.217,98.62,0.024974797
2019,15,2019-15,Singapore Grand Prix,GIO,Kick Sauber,11,12,96.217,98.697,0.025775071
2019,15,2019-15,Singapore Grand Prix,GAS,Racing Bulls,12,13,96.217,98.699,0.025795857
2019,15,2019-15,Singapore Grand Prix,RAI,Kick Sauber,13,14,96.217,98.858,0.027448372
2019,15,2019-15,Singapore Grand Prix,MAG,Haas F1 Team,14,15,96.217,99.65,0.035679766
2019,15,2019-15,Singapore Grand Prix,KVY,Racing Bulls,15,16,96.217,99.957,0.03887047
2019,15,2019-15,Singapore Grand Prix,STR,Aston Martin,16,17,96.217,99.979,0.03909912
2019,15,2019-15,Singapore Grand Prix,GRO,Haas F1 Team,17,18,96.217,100.277,0.042196285
2019,15,2019-15,Singapore Grand Prix,RUS,Williams,18,19,96.217,100.867,0.048328258
2019,15,2019-15,Singapore Grand Prix,KUB,Williams,19,20,96.217,101.186,0.05164368
2019,15,2019-15,Singapore Grand Prix,RIC,Alpine,20,9,96.217,98.095,0.01951838
2019,16,2019-16,Russian Grand Prix,LEC,Ferrari,1,1,91.628,91.628,0
2019,16,2019-16,Russian Grand Prix,HAM,Mercedes,2,2,91.628,92.03,0.004387305
2019,16,2019-16,Russian Grand Prix,VET,Ferrari,3,3,91.628,92.053,0.00463832
2019,16,2019-16,Russian Grand Prix,VER,Red Bull Racing,4,4,91.628,92.31,0.00744314
2019,16,2019-16,Russian Grand Prix,BOT,Mercedes,5,5,91.628,92.632,0.010957349
2019,16,2019-16,Russian Grand Prix,SAI,McLaren,6,6,91.628,93.222,0.017396429
2019,16,2019-16,Russian Grand Prix,HUL,Alpine,7,7,91.628,93.289,0.018127647
2019,16,2019-16,Russian Grand Prix,NOR,McLaren,8,8,91.628,93.301,0.018258611
2019,16,2019-16,Russian Grand Prix,GRO,Haas F1 Team,9,9,91.628,93.517,0.020615969
2019,16,2019-16,Russian Grand Prix,RIC,Alpine,10,10,91.628,93.661,0.022187541
2019,16,2019-16,Russian Grand Prix,GAS,Racing Bulls,11,12,91.628,93.95,0.025341599
2019,16,2019-16,Russian Grand Prix,PER,Aston Martin,12,13,91.628,93.958,0.025428908
2019,16,2019-16,Russian Grand Prix,GIO,Kick Sauber,13,14,91.628,94.037,0.02629109
2019,16,2019-16,Russian Grand Prix,MAG,Haas F1 Team,14,11,91.628,93.889,0.024675863
2019,16,2019-16,Russian Grand Prix,STR,Aston Martin,15,15,91.628,94.233,0.028430174
2019,16,2019-16,Russian Grand Prix,RAI,Kick Sauber,16,16,91.628,94.84,0.035054787
2019,16,2019-16,Russian Grand Prix,RUS,Williams,17,17,91.628,95.356,0.040686253
2019,16,2019-16,Russian Grand Prix,KUB,Williams,18,18,91.628,96.474,0.052887764
2019,16,2019-16,Russian Grand Prix,ALB,Red Bull Racing,19,19,91.628,99.197,0.082605754
2019,17,2019-17,Japanese Grand Prix,VET,Ferrari,1,1,87.064,87.064,0
2019,17,2019-17,Japanese Grand Prix,LEC,Ferrari,2,2,87.064,87.253,0.002170817
2019,17,2019-17,Japanese Grand Prix,BOT,Mercedes,3,3,87.064,87.293,0.002630249
2019,17,2019-17,Japanese Grand Prix,HAM,Mercedes,4,4,87.064,87.302,0.002733621
2019,17,2019-17,Japanese Grand Prix,VER,Red Bull Racing,5,5,87.064,87.851,0.009039327
2019,17,2019-17,Japanese Grand Prix,ALB,Red Bull Racing,6,5,87.064,87.851,0.009039327
2019,17,2019-17,Japanese Grand Prix,SAI,McLaren,7,7,87.064,88.304,0.014242396
2019,17,2019-17,Japanese Grand Prix,NOR,McLaren,8,8,87.064,88.464,0.016080125
2019,17,2019-17,Japanese Grand Prix,GAS,Racing Bulls,9,9,87.064,88.779,0.019698153
2019,17,2019-17,Japanese Grand Prix,GRO,Haas F1 Team,10,10,87.064,89.144,0.023890471
2019,17,2019-17,Japanese Grand Prix,GIO,Kick Sauber,11,11,87.064,89.254,0.02515391
2019,17,2019-17,Japanese Grand Prix,STR,Aston Martin,12,12,87.064,89.345,0.026199118
2019,17,2019-17,Japanese Grand Prix,RAI,Kick Sauber,13,13,87.064,89.358,0.026348433
2019,17,2019-17,Japanese Grand Prix,KVY,Racing Bulls,14,14,87.064,89.563,0.028703023
2019,17,2019-17,Japanese Grand Prix,HUL,Alpine,15,15,87.064,89.619,0.029346228
2019,17,2019-17,Japanese Grand Prix,RIC,Alpine,16,16,87.064,89.822,0.031677846
2019,17,2019-17,Japanese Grand Prix,PER,Aston Martin,17,17,87.064,90.344,0.037673436
2019,17,2019-17,Japanese Grand Prix,RUS,Williams,18,18,87.064,90.364,0.037903152
2019,18,2019-18,Mexican Grand Prix,VER,Red Bull Racing,1,1,74.758,74.758,0
2019,18,2019-18,Mexican Grand Prix,LEC,Ferrari,2,2,74.758,75.024,0.003558148
2019,18,2019-18,Mexican Grand Prix,VET,Ferrari,3,3,74.758,75.17,0.005511116
2019,18,2019-18,Mexican Grand Prix,HAM,Mercedes,4,4,74.758,75.262,0.006741753
2019,18,2019-18,Mexican Grand Prix,ALB,Red Bull Racing,5,5,74.758,75.336,0.007731614
2019,18,2019-18,Mexican Grand Prix,BOT,Mercedes,6,6,74.758,75.338,0.007758367
2019,18,2019-18,Mexican Grand Prix,SAI,McLaren,7,7,74.758,76.014,0.016800877
2019,18,2019-18,Mexican Grand Prix,NOR,McLaren,8,8,74.758,76.322,0.020920838
2019,18,2019-18,Mexican Grand Prix,KVY,Racing Bulls,9,9,74.758,76.469,0.022887183
2019,18,2019-18,Mexican Grand Prix,GAS,Racing Bulls,10,10,74.758,76.586,0.024452233
2019,18,2019-18,Mexican Grand Prix,PER,Aston Martin,11,11,74.758,76.687,0.025803259
2019,18,2019-18,Mexican Grand Prix,HUL,Alpine,12,12,74.758,76.885,0.028451804
2019,18,2019-18,Mexican Grand Prix,RIC,Alpine,13,13,74.758,76.933,0.029093876
2019,18,2019-18,Mexican Grand Prix,RAI,Kick Sauber,14,14,74.758,76.967,0.029548677
2019,18,2019-18,Mexican Grand Prix,GIO,Kick Sauber,15,15,74.758,77.269,0.033588379
2019,18,2019-18,Mexican Grand Prix,STR,Aston Martin,16,16,74.758,78.065,0.044236068
2019,18,2019-18,Mexican Grand Prix,MAG,Haas F1 Team,17,17,74.758,78.436,0.049198748
2019,18,2019-18,Mexican Grand Prix,GRO,Haas F1 Team,18,18,74.758,78.599,0.051379117
2019,18,2019-18,Mexican Grand Prix,RUS,Williams,19,19,74.758,78.823,0.054375451
2019,18,2019-18,Mexican Grand Prix,KUB,Williams,20,20,74.758,80.179,0.072513978
2019,19,2019-19,United States Grand Prix,BOT,Mercedes,1,1,92.029,92.029,0
2019,19,2019-19,United States Grand Prix,VET,Ferrari,2,2,92.029,92.041,0.000130394
2019,19,2019-19,United States Grand Prix,VER,Red Bull Racing,3,3,92.029,92.096,0.000728031
2019,19,2019-19,United States Grand Prix,LEC,Ferrari,4,4,92.029,92.137,0.001173543
2019,19,2019-19,United States Grand Prix,HAM,Mercedes,5,5,92.029,92.321,0.003172913
2019,19,2019-19,United States Grand Prix,ALB,Red Bull Racing,6,6,92.029,92.548,0.005639527
2019,19,2019-19,United States Grand Prix,SAI,McLaren,7,7,92.029,92.847,0.008888503
2019,19,2019-19,United States Grand Prix,NOR,McLaren,8,8,92.029,93.175,0.012452596
2019,19,2019-19,United States Grand Prix,RIC,Alpine,9,9,92.029,93.488,0.015853698
2019,19,2019-19,United States Grand Prix,GAS,Racing Bulls,10,10,92.029,93.556,0.016592596
2019,19,2019-19,United States Grand Prix,HUL,Alpine,11,12,92.029,93.815,0.019406926
2019,19,2019-19,United States Grand Prix,MAG,Haas F1 Team,12,11,92.029,93.812,0.019374328
2019,19,2019-19,United States Grand Prix,KVY,Racing Bulls,13,14,92.029,93.989,0.021297634
2019,19,2019-19,United States Grand Prix,STR,Aston Martin,14,13,92.029,93.921,0.020558737
2019,19,2019-19,United States Grand Prix,GRO,Haas F1 Team,15,15,92.029,94.158,0.023134012
2019,19,2019-19,United States Grand Prix,GIO,Kick Sauber,16,16,92.029,94.226,0.02387291
2019,19,2019-19,United States Grand Prix,RAI,Kick Sauber,17,17,92.029,94.369,0.025426768
2019,19,2019-19,United States Grand Prix,RUS,Williams,18,18,92.029,95.372,0.036325506
2019,19,2019-19,United States Grand Prix,PER,Aston Martin,19,19,92.029,95.808,0.041063143
2019,19,2019-19,United States Grand Prix,KUB,Williams,20,20,92.029,95.889,0.0419433
2019,20,2019-20,Brazilian Grand Prix,VER,Red Bull Racing,1,1,67.503,67.503,0
2019,20,2019-20,Brazilian Grand Prix,VET,Ferrari,2,2,67.503,67.631,0.001896212
2019,20,2019-20,Brazilian Grand Prix,HAM,Mercedes,3,3,67.503,67.699,0.002903575
2019,20,2019-20,Brazilian Grand Prix,LEC,Ferrari,4,4,67.503,67.728,0.003333185
2019,20,2019-20,Brazilian Grand Prix,BOT,Mercedes,5,5,67.503,67.874,0.005496052
2019,20,2019-20,Brazilian Grand Prix,ALB,Red Bull Racing,6,6,67.503,67.935,0.006399716
2019,20,2019-20,Brazilian Grand Prix,GAS,Racing Bulls,7,8,67.503,68.77,0.018769536
2019,20,2019-20,Brazilian Grand Prix,GRO,Haas F1 Team,8,7,67.503,68.705,0.017806616
2019,20,2019-20,Brazilian Grand Prix,RAI,Kick Sauber,9,10,67.503,68.858,0.020073182
2019,20,2019-20,Brazilian Grand Prix,MAG,Haas F1 Team,10,9,67.503,68.803,0.019258403
2019,20,2019-20,Brazilian Grand Prix,NOR,McLaren,11,11,67.503,68.868,0.020221323
2019,20,2019-20,Brazilian Grand Prix,RIC,Alpine,12,12,67.503,68.903,0.020739819
2019,20,2019-20,Brazilian Grand Prix,GIO,Kick Sauber,13,13,67.503,68.919,0.020976845
2019,20,2019-20,Brazilian Grand Prix,HUL,Alpine,14,14,67.503,68.921,0.021006474
2019,20,2019-20,Brazilian Grand Prix,PER,Aston Martin,15,15,67.503,69.035,0.022695288
2019,20,2019-20,Brazilian Grand Prix,KVY,Racing Bulls,16,16,67.503,69.32,0.026917322
2019,20,2019-20,Brazilian Grand Prix,STR,Aston Martin,17,17,67.503,69.536,0.03011718
2019,20,2019-20,Brazilian Grand Prix,RUS,Williams,18,18,67.503,70.126,0.038857532
2019,20,2019-20,Brazilian Grand Prix,KUB,Williams,19,19,67.503,70.614,0.046086841
2019,21,2019-21,Abu Dhabi Grand Prix,HAM,Mercedes,1,1,94.779,94.779,0
2019,21,2019-21,Abu Dhabi Grand Prix,BOT,Mercedes,2,2,94.779,94.973,0.002046867
2019,21,2019-21,Abu Dhabi Grand Prix,VER,Red Bull Racing,3,3,94.779,95.139,0.00379831
2019,21,2019-21,Abu Dhabi Grand Prix,LEC,Ferrari,4,4,94.779,95.219,0.004642379
2019,21,2019-21,Abu Dhabi Grand Prix,VET,Ferrari,5,5,94.779,95.339,0.005908482
2019,21,2019-21,Abu Dhabi Grand Prix,ALB,Red Bull Racing,6,6,94.779,95.682,0.009527427
2019,21,2019-21,Abu Dhabi Grand Prix,NOR,McLaren,7,8,94.779,96.436,0.017482776
2019,21,2019-21,Abu Dhabi Grand Prix,RIC,Alpine,8,9,94.779,96.456,0.017693793
2019,21,2019-21,Abu Dhabi Grand Prix,SAI,McLaren,9,7,94.779,96.308,0.016132266
2019,21,2019-21,Abu Dhabi Grand Prix,HUL,Alpine,10,10,94.779,96.71,0.020373711
2019,21,2019-21,Abu Dhabi Grand Prix,PER,Aston Martin,11,11,94.779,96.961,0.023021977
2019,21,2019-21,Abu Dhabi Grand Prix,GAS,Racing Bulls,12,12,94.779,97.089,0.024372488
2019,21,2019-21,Abu Dhabi Grand Prix,STR,Aston Martin,13,13,94.779,97.103,0.0245202
2019,21,2019-21,Abu Dhabi Grand Prix,KVY,Racing Bulls,14,14,94.779,97.141,0.024921132
2019,21,2019-21,Abu Dhabi Grand Prix,MAG,Haas F1 Team,15,15,94.779,97.254,0.02611338
2019,21,2019-21,Abu Dhabi Grand Prix,GRO,Haas F1 Team,16,16,94.779,98.051,0.034522415
2019,21,2019-21,Abu Dhabi Grand Prix,GIO,Kick Sauber,17,17,94.779,98.114,0.03518712
2019,21,2019-21,Abu Dhabi Grand Prix,RAI,Kick Sauber,18,18,94.779,98.383,0.038025301
2019,21,2019-21,Abu Dhabi Grand Prix,RUS,Williams,19,19,94.779,98.717,0.041549288
2019,21,2019-21,Abu Dhabi Grand Prix,KUB,Williams,20,20,94.779,99.236,0.047025185
2020,1,2020-01,Austrian Grand Prix,BOT,Mercedes,1,1,62.939,62.939,0
2020,1,2020-01,Austrian Grand Prix,HAM,Mercedes,2,2,62.939,62.951,0.000190661
2020,1,2020-01,Austrian Grand Prix,VER,Red Bull Racing,3,3,62.939,63.477,0.008547959
2020,1,2020-01,Austrian Grand Prix,NOR,McLaren,4,4,62.939,63.626,0.010915331
2020,1,2020-01,Austrian Grand Prix,ALB,Red Bull Racing,5,5,62.939,63.746,0.012821939
2020,1,2020-01,Austrian Grand Prix,PER,Aston Martin,6,6,62.939,63.86,0.014633216
2020,1,2020-01,Austrian Grand Prix,LEC,Ferrari,7,7,62.939,63.923,0.015634185
2020,1,2020-01,Austrian Grand Prix,SAI,McLaren,8,9,62.939,63.971,0.016396829
2020,1,2020-01,Austrian Grand Prix,STR,Aston Martin,9,8,62.939,63.955,0.016142614
2020,1,2020-01,Austrian Grand Prix,RIC,Alpine,10,10,62.939,64.023,0.017223025
2020,1,2020-01,Austrian Grand Prix,VET,Ferrari,11,11,62.939,64.206,0.020130603
2020,1,2020-01,Austrian Grand Prix,GAS,Racing Bulls,12,12,62.939,64.305,0.021703554
2020,1,2020-01,Austrian Grand Prix,KVY,Racing Bulls,13,13,62.939,64.431,0.023705493
2020,1,2020-01,Austrian Grand Prix,OCO,Alpine,14,14,62.939,64.643,0.027073833
2020,1,2020-01,Austrian Grand Prix,GRO,Haas F1 Team,15,15,62.939,64.691,0.027836477
2020,1,2020-01,Austrian Grand Prix,MAG,Haas F1 Team,16,16,62.939,65.164,0.03535169
2020,1,2020-01,Austrian Grand Prix,RUS,Williams,17,17,62.939,65.167,0.035399355
2020,1,2020-01,Austrian Grand Prix,GIO,Kick Sauber,18,18,62.939,65.175,0.035526462
2020,1,2020-01,Austrian Grand Prix,RAI,Kick Sauber,19,19,62.939,65.224,0.036304994
2020,1,2020-01,Austrian Grand Prix,LAT,Williams,20,20,62.939,65.757,0.044773511
2020,2,2020-02,Styrian Grand Prix,HAM,Mercedes,1,1,77.825,77.825,0
2020,2,2020-02,Styrian Grand Prix,VER,Red Bull Racing,2,2,77.825,77.938,0.001451976
2020,2,2020-02,Styrian Grand Prix,SAI,McLaren,3,4,77.825,78.59,0.009829746
2020,2,2020-02,Styrian Grand Prix,BOT,Mercedes,4,5,77.825,78.657,0.010690652
2020,2,2020-02,Styrian Grand Prix,OCO,Alpine,5,7,77.825,78.764,0.012065532
2020,2,2020-02,Styrian Grand Prix,NOR,McLaren,6,3,77.825,78.448,0.00800514
2020,2,2020-02,Styrian Grand Prix,ALB,Red Bull Racing,7,8,77.825,79.014,0.015277867
2020,2,2020-02,Styrian Grand Prix,GAS,Racing Bulls,8,6,77.825,78.744,0.011808545
2020,2,2020-02,Styrian Grand Prix,RIC,Alpine,9,9,77.825,79.229,0.018040475
2020,2,2020-02,Styrian Grand Prix,VET,Ferrari,10,10,77.825,79.545,0.022100867
2020,2,2020-02,Styrian Grand Prix,LEC,Ferrari,11,11,77.825,79.628,0.023167363
2020,2,2020-02,Styrian Grand Prix,RUS,Williams,12,12,77.825,79.636,0.023270157
2020,2,2020-02,Styrian Grand Prix,STR,Aston Martin,13,13,77.825,79.645,0.023385801
2020,2,2020-02,Styrian Grand Prix,KVY,Racing Bulls,14,14,77.825,79.717,0.024310954
2020,2,2020-02,Styrian Grand Prix,MAG,Haas F1 Team,15,15,77.825,80.211,0.030658529
2020,2,2020-02,Styrian Grand Prix,RAI,Kick Sauber,16,16,77.825,81.372,0.045576614
2020,2,2020-02,Styrian Grand Prix,PER,Aston Martin,17,17,77.825,81.607,0.048596209
2020,2,2020-02,Styrian Grand Prix,LAT,Williams,18,18,77.825,81.759,0.050549309
2020,2,2020-02,Styrian Grand Prix,GIO,Kick Sauber,19,19,77.825,81.831,0.051474462
2020,3,2020-03,Hungarian Grand Prix,HAM,Mercedes,1,1,73.447,73.447,0
2020,3,2020-03,Hungarian Grand Prix,BOT,Mercedes,2,2,73.447,73.554,0.001456833
2020,3,2020-03,Hungarian Grand Prix,STR,Aston Martin,3,3,73.447,74.377,0.012662192
2020,3,2020-03,Hungarian Grand Prix,PER,Aston Martin,4,4,73.447,74.545,0.014949555
2020,3,2020-03,Hungarian Grand Prix,VET,Ferrari,5,5,73.447,74.774,0.01806745
2020,3,2020-03,Hungarian Grand Prix,LEC,Ferrari,6,6,73.447,74.817,0.018652906
2020,3,2020-03,Hungarian Grand Prix,VER,Red Bull Racing,7,7,73.447,74.849,0.019088594
2020,3,2020-03,Hungarian Grand Prix,NOR,McLaren,8,8,73.447,74.966,0.02068158
2020,3,2020-03,Hungarian Grand Prix,SAI,McLaren,9,9,73.447,75.027,0.021512111
2020,3,2020-03,Hungarian Grand Prix,GAS,Racing Bulls,10,10,73.447,75.508,0.028061051
2020,3,2020-03,Hungarian Grand Prix,RIC,Alpine,11,12,73.447,75.661,0.030144186
2020,3,2020-03,Hungarian Grand Prix,RUS,Williams,12,11,73.447,75.585,0.029109426
2020,3,2020-03,Hungarian Grand Prix,ALB,Red Bull Racing,13,13,73.447,75.715,0.03087941
2020,3,2020-03,Hungarian Grand Prix,OCO,Alpine,14,14,73.447,75.719,0.030933871
2020,3,2020-03,Hungarian Grand Prix,LAT,Williams,15,15,73.447,76.105,0.036189361
2020,3,2020-03,Hungarian Grand Prix,MAG,Haas F1 Team,16,16,73.447,76.152,0.036829278
2020,3,2020-03,Hungarian Grand Prix,KVY,Racing Bulls,17,17,73.447,76.204,0.037537272
2020,3,2020-03,Hungarian Grand Prix,GRO,Haas F1 Team,18,18,73.447,76.407,0.04030117
2020,3,2020-03,Hungarian Grand Prix,GIO,Kick Sauber,19,19,73.447,76.506,0.04164908
2020,3,2020-03,Hungarian Grand Prix,RAI,Kick Sauber,20,20,73.447,76.614,0.043119528
2020,4,2020-04,British Grand Prix,HAM,Mercedes,1,1,84.303,84.303,0
2020,4,2020-04,British Grand Prix,BOT,Mercedes,2,2,84.303,84.616,0.003712798
2020,4,2020-04,British Grand Prix,VER,Red Bull Racing,3,3,84.303,85.325,0.012122937
2020,4,2020-04,British Grand Prix,LEC,Ferrari,4,4,84.303,85.427,0.013332859
2020,4,2020-04,British Grand Prix,NOR,McLaren,5,5,84.303,85.782,0.01754386
2020,4,2020-04,British Grand Prix,STR,Aston Martin,6,6,84.303,85.839,0.018219992
2020,4,2020-04,British Grand Prix,SAI,McLaren,7,7,84.303,85.965,0.019714601
2020,4,2020-04,British Grand Prix,RIC,Alpine,8,8,84.303,86.009,0.020236528
2020,4,2020-04,British Grand Prix,OCO,Alpine,9,9,84.303,86.209,0.022608923
2020,4,2020-04,British Grand Prix,VET,Ferrari,10,11,84.303,86.339,0.024150979
2020,4,2020-04,British Grand Prix,GAS,Racing Bulls,11,12,84.303,86.343,0.024198427
2020,4,2020-04,British Grand Prix,ALB,Red Bull Racing,12,13,84.303,86.545,0.026594546
2020,4,2020-04,British Grand Prix,HUL,Aston Martin,13,10,84.303,86.327,0.024008636
2020,4,2020-04,British Grand Prix,KVY,Racing Bulls,14,15,84.303,86.744,0.028955079
2020,4,2020-04,British Grand Prix,RUS,Williams,15,14,84.303,86.732,0.028812735
2020,4,2020-04,British Grand Prix,MAG,Haas F1 Team,16,16,84.303,87.158,0.033865936
2020,4,2020-04,British Grand Prix,GIO,Kick Sauber,17,17,84.303,87.164,0.033937108
2020,4,2020-04,British Grand Prix,RAI,Kick Sauber,18,18,84.303,87.366,0.036333227
2020,4,2020-04,British Grand Prix,GRO,Haas F1 Team,19,19,84.303,87.643,0.039618993
2020,4,2020-04,British Grand Prix,LAT,Williams,20,20,84.303,87.705,0.040354436
2020,5,2020-05,70th Anniversary Grand Prix,BOT,Mercedes,1,1,85.154,85.154,0
2020,5,2020-05,70th Anniversary Grand Prix,HAM,Mercedes,2,2,85.154,85.217,0.000739836
2020,5,2020-05,70th Anniversary Grand Prix,HUL,Aston Martin,3,3,85.154,86.082,0.010897903
2020,5,2020-05,70th Anniversary Grand Prix,VER,Red Bull Racing,4,4,85.154,86.176,0.012001785
2020,5,2020-05,70th Anniversary Grand Prix,RIC,Alpine,5,5,85.154,86.297,0.01342274
2020,5,2020-05,70th Anniversary Grand Prix,STR,Aston Martin,6,6,85.154,86.428,0.014961129
2020,5,2020-05,70th Anniversary Grand Prix,GAS,Racing Bulls,7,7,85.154,86.523,0.016076755
2020,5,2020-05,70th Anniversary Grand Prix,LEC,Ferrari,8,8,85.154,86.614,0.017145407
2020,5,2020-05,70th Anniversary Grand Prix,ALB,Red Bull Racing,9,9,85.154,86.642,0.017474223
2020,5,2020-05,70th Anniversary Grand Prix,NOR,McLaren,10,10,85.154,86.778,0.01907133
2020,5,2020-05,70th Anniversary Grand Prix,OCO,Alpine,11,11,85.154,87.011,0.021807549
2020,5,2020-05,70th Anniversary Grand Prix,VET,Ferrari,12,12,85.154,87.078,0.022594358
2020,5,2020-05,70th Anniversary Grand Prix,SAI,McLaren,13,13,85.154,87.083,0.022653076
2020,5,2020-05,70th Anniversary Grand Prix,GRO,Haas F1 Team,14,14,85.154,87.254,0.024661202
2020,5,2020-05,70th Anniversary Grand Prix,RUS,Williams,15,15,85.154,87.455,0.027021631
2020,5,2020-05,70th Anniversary Grand Prix,KVY,Racing Bulls,16,16,85.154,87.882,0.032036076
2020,5,2020-05,70th Anniversary Grand Prix,MAG,Haas F1 Team,17,17,85.154,88.236,0.03619325
2020,5,2020-05,70th Anniversary Grand Prix,LAT,Williams,18,18,85.154,88.43,0.038471475
2020,5,2020-05,70th Anniversary Grand Prix,GIO,Kick Sauber,19,19,85.154,88.433,0.038506705
2020,5,2020-05,70th Anniversary Grand Prix,RAI,Kick Sauber,20,20,85.154,88.493,0.039211311
2020,6,2020-06,Spanish Grand Prix,HAM,Mercedes,1,1,75.584,75.584,0
2020,6,2020-06,Spanish Grand Prix,BOT,Mercedes,2,2,75.584,75.643,0.000780588
2020,6,2020-06,Spanish Grand Prix,VER,Red Bull Racing,3,3,75.584,76.292,0.009367062
2020,6,2020-06,Spanish Grand Prix,PER,Aston Martin,4,4,75.584,76.482,0.011880821
2020,6,2020-06,Spanish Grand Prix,STR,Aston Martin,5,5,75.584,76.589,0.013296465
2020,6,2020-06,Spanish Grand Prix,ALB,Red Bull Racing,6,9,75.584,77.029,0.019117803
2020,6,2020-06,Spanish Grand Prix,SAI,McLaren,7,7,75.584,76.876,0.017093565
2020,6,2020-06,Spanish Grand Prix,NOR,McLaren,8,10,75.584,77.084,0.01984547
2020,6,2020-06,Spanish Grand Prix,LEC,Ferrari,9,8,75.584,76.953,0.018112299
2020,6,2020-06,Spanish Grand Prix,GAS,Racing Bulls,10,6,75.584,76.8,0.016088061
2020,6,2020-06,Spanish Grand Prix,VET,Ferrari,11,11,75.584,77.168,0.020956816
2020,6,2020-06,Spanish Grand Prix,KVY,Racing Bulls,12,12,75.584,77.192,0.021274344
2020,6,2020-06,Spanish Grand Prix,RIC,Alpine,13,13,75.584,77.198,0.021353726
2020,6,2020-06,Spanish Grand Prix,RAI,Kick Sauber,14,14,75.584,77.386,0.023841025
2020,6,2020-06,Spanish Grand Prix,OCO,Alpine,15,15,75.584,77.567,0.026235711
2020,6,2020-06,Spanish Grand Prix,MAG,Haas F1 Team,16,16,75.584,77.908,0.030747248
2020,6,2020-06,Spanish Grand Prix,GRO,Haas F1 Team,17,17,75.584,78.089,0.033141935
2020,6,2020-06,Spanish Grand Prix,RUS,Williams,18,18,75.584,78.099,0.033274238
2020,6,2020-06,Spanish Grand Prix,LAT,Williams,19,19,75.584,78.532,0.039002964
2020,6,2020-06,Spanish Grand Prix,GIO,Kick Sauber,20,20,75.584,78.697,0.041185965
2020,7,2020-07,Belgian Grand Prix,HAM,Mercedes,1,1,101.252,101.252,0
2020,7,2020-07,Belgian Grand Prix,BOT,Mercedes,2,2,101.252,101.763,0.005046814
2020,7,2020-07,Belgian Grand Prix,VER,Red Bull Racing,3,3,101.252,101.778,0.005194959
2020,7,2020-07,Belgian Grand Prix,RIC,Alpine,4,4,101.252,102.061,0.007989966
2020,7,2020-07,Belgian Grand Prix,ALB,Red Bull Racing,5,5,101.252,102.193,0.009293644
2020,7,2020-07,Belgian Grand Prix,OCO,Alpine,6,6,101.252,102.396,0.011298542
2020,7,2020-07,Belgian Grand Prix,SAI,McLaren,7,7,101.252,102.438,0.011713349
2020,7,2020-07,Belgian Grand Prix,PER,Aston Martin,8,9,101.252,102.532,0.012641726
2020,7,2020-07,Belgian Grand Prix,STR,Aston Martin,9,8,101.252,102.491,0.012236795
2020,7,2020-07,Belgian Grand Prix,NOR,McLaren,10,10,101.252,102.657,0.013876269
2020,7,2020-07,Belgian Grand Prix,KVY,Racing Bulls,11,11,101.252,102.73,0.014597243
2020,7,2020-07,Belgian Grand Prix,GAS,Racing Bulls,12,12,101.252,102.745,0.014745388
2020,7,2020-07,Belgian Grand Prix,LEC,Ferrari,13,13,101.252,102.996,0.017224351
2020,7,2020-07,Belgian Grand Prix,VET,Ferrari,14,14,101.252,103.261,0.019841583
2020,7,2020-07,Belgian Grand Prix,RUS,Williams,15,15,101.252,103.468,0.021885987
2020,7,2020-07,Belgian Grand Prix,RAI,Kick Sauber,16,16,101.252,103.743,0.024601983
2020,7,2020-07,Belgian Grand Prix,GRO,Haas F1 Team,17,17,101.252,103.838,0.025540236
2020,7,2020-07,Belgian Grand Prix,GIO,Kick Sauber,18,18,101.252,103.95,0.026646387
2020,7,2020-07,Belgian Grand Prix,LAT,Williams,19,19,101.252,104.138,0.028503141
2020,7,2020-07,Belgian Grand Prix,MAG,Haas F1 Team,20,20,101.252,104.314,0.030241378
2020,8,2020-08,Italian Grand Prix,HAM,Mercedes,1,1,78.887,78.887,0
2020,8,2020-08,Italian Grand Prix,BOT,Mercedes,2,2,78.887,78.952,0.000823963
2020,8,2020-08,Italian Grand Prix,SAI,McLaren,3,3,78.887,79.695,0.010242499
2020,8,2020-08,Italian Grand Prix,PER,Aston Martin,4,4,78.887,79.718,0.010534055
2020,8,2020-08,Italian Grand Prix,VER,Red Bull Racing,5,5,78.887,79.78,0.011319989
2020,8,2020-08,Italian Grand Prix,NOR,McLaren,6,6,78.887,79.82,0.011827044
2020,8,2020-08,Italian Grand Prix,RIC,Alpine,7,7,78.887,79.864,0.012384804
2020,8,2020-08,Italian Grand Prix,STR,Aston Martin,8,9,78.887,79.924,0.013145385
2020,8,2020-08,Italian Grand Prix,ALB,Red Bull Racing,9,10,78.887,80.064,0.014920076
2020,8,2020-08,Italian Grand Prix,GAS,Racing Bulls,10,8,78.887,79.909,0.01295524
2020,8,2020-08,Italian Grand Prix,KVY,Racing Bulls,11,11,78.887,80.169,0.016251093
2020,8,2020-08,Italian Grand Prix,OCO,Alpine,12,12,78.887,80.234,0.017075057
2020,8,2020-08,Italian Grand Prix,LEC,Ferrari,13,13,78.887,80.273,0.017569435
2020,8,2020-08,Italian Grand Prix,RAI,Kick Sauber,14,15,78.887,80.926,0.025847098
2020,8,2020-08,Italian Grand Prix,MAG,Haas F1 Team,15,14,78.887,80.869,0.025124545
2020,8,2020-08,Italian Grand Prix,GRO,Haas F1 Team,16,16,78.887,81.139,0.028547162
2020,8,2020-08,Italian Grand Prix,VET,Ferrari,17,17,78.887,81.151,0.028699279
2020,8,2020-08,Italian Grand Prix,GIO,Kick Sauber,18,18,78.887,81.206,0.029396479
2020,8,2020-08,Italian Grand Prix,RUS,Williams,19,19,78.887,81.587,0.034226172
2020,8,2020-08,Italian Grand Prix,LAT,Williams,20,20,78.887,81.717,0.035874098
2020,9,2020-09,Tuscan Grand Prix,HAM,Mercedes,1,1,75.144,75.144,0
2020,9,2020-09,Tuscan Grand Prix,BOT,Mercedes,2,2,75.144,75.203,0.000785159
2020,9,2020-09,Tuscan Grand Prix,VER,Red Bull Racing,3,3,75.144,75.471,0.004351645
2020,9,2020-09,Tuscan Grand Prix,ALB,Red Bull Racing,4,4,75.144,75.914,0.010246992
2020,9,2020-09,Tuscan Grand Prix,LEC,Ferrari,5,6,75.144,76.27,0.014984563
2020,9,2020-09,Tuscan Grand Prix,PER,Aston Martin,6,9,75.144,76.311,0.015530182
2020,9,2020-09,Tuscan Grand Prix,STR,Aston Martin,7,7,75.144,76.271,0.014997871
2020,9,2020-09,Tuscan Grand Prix,RIC,Alpine,8,5,75.144,76.243,0.014625253
2020,9,2020-09,Tuscan Grand Prix,SAI,McLaren,9,10,75.144,76.522,0.018338124
2020,9,2020-09,Tuscan Grand Prix,OCO,Alpine,10,8,75.144,76.297,0.015343873
2020,9,2020-09,Tuscan Grand Prix,NOR,McLaren,11,11,75.144,76.64,0.019908442
2020,9,2020-09,Tuscan Grand Prix,KVY,Racing Bulls,12,12,75.144,76.854,0.022756308
2020,9,2020-09,Tuscan Grand Prix,RAI,Kick Sauber,13,12,75.144,76.854,0.022756308
2020,9,2020-09,Tuscan Grand Prix,VET,Ferrari,14,14,75.144,76.858,0.022809539
2020,9,2020-09,Tuscan Grand Prix,GRO,Haas F1 Team,15,15,75.144,77.069,0.025617481
2020,9,2020-09,Tuscan Grand Prix,GAS,Racing Bulls,16,16,75.144,77.125,0.026362717
2020,9,2020-09,Tuscan Grand Prix,GIO,Kick Sauber,17,17,75.144,77.22,0.027626956
2020,9,2020-09,Tuscan Grand Prix,RUS,Williams,18,18,75.144,77.232,0.02778665
2020,9,2020-09,Tuscan Grand Prix,LAT,Williams,19,19,75.144,77.32,0.028957734
2020,9,2020-09,Tuscan Grand Prix,MAG,Haas F1 Team,20,20,75.144,77.348,0.029330352
2020,10,2020-10,Russian Grand Prix,HAM,Mercedes,1,1,91.304,91.304,0
2020,10,2020-10,Russian Grand Prix,VER,Red Bull Racing,2,2,91.304,91.867,0.006166214
2020,10,2020-10,Russian Grand Prix,BOT,Mercedes,3,3,91.304,91.956,0.00714098
2020,10,2020-10,Russian Grand Prix,PER,Aston Martin,4,5,91.304,92.317,0.011094804
2020,10,2020-10,Russian Grand Prix,RIC,Alpine,5,4,91.304,92.218,0.010010514
2020,10,2020-10,Russian Grand Prix,SAI,McLaren,6,6,91.304,92.55,0.013646719
2020,10,2020-10,Russian Grand Prix,OCO,Alpine,7,7,91.304,92.624,0.014457198
2020,10,2020-10,Russian Grand Prix,NOR,McLaren,8,8,91.304,92.847,0.016899588
2020,10,2020-10,Russian Grand Prix,GAS,Racing Bulls,9,9,91.304,93,0.018575309
2020,10,2020-10,Russian Grand Prix,ALB,Red Bull Racing,10,10,91.304,93.008,0.018662928
2020,10,2020-10,Russian Grand Prix,LEC,Ferrari,11,11,91.304,93.239,0.021192938
2020,10,2020-10,Russian Grand Prix,KVY,Racing Bulls,12,12,91.304,93.249,0.021302462
2020,10,2020-10,Russian Grand Prix,STR,Aston Martin,13,13,91.304,93.364,0.022561991
2020,10,2020-10,Russian Grand Prix,RUS,Williams,14,14,91.304,93.583,0.024960571
2020,10,2020-10,Russian Grand Prix,VET,Ferrari,15,15,91.304,93.609,0.025245334
2020,10,2020-10,Russian Grand Prix,GRO,Haas F1 Team,16,16,91.304,94.592,0.036011566
2020,10,2020-10,Russian Grand Prix,GIO,Kick Sauber,17,17,91.304,94.594,0.036033471
2020,10,2020-10,Russian Grand Prix,MAG,Haas F1 Team,18,18,91.304,94.681,0.036986331
2020,10,2020-10,Russian Grand Prix,LAT,Williams,19,19,91.304,95.066,0.041203014
2020,10,2020-10,Russian Grand Prix,RAI,Kick Sauber,20,20,91.304,95.267,0.043404451
2020,11,2020-11,Eifel Grand Prix,BOT,Mercedes,1,1,85.269,85.269,0
2020,11,2020-11,Eifel Grand Prix,HAM,Mercedes,2,2,85.269,85.39,0.001419039
2020,11,2020-11,Eifel Grand Prix,VER,Red Bull Racing,3,3,85.269,85.467,0.002322063
2020,11,2020-11,Eifel Grand Prix,LEC,Ferrari,4,4,85.269,86.035,0.008983335
2020,11,2020-11,Eifel Grand Prix,ALB,Red Bull Racing,5,5,85.269,86.047,0.009124066
2020,11,2020-11,Eifel Grand Prix,RIC,Alpine,6,6,85.269,86.096,0.009698718
2020,11,2020-11,Eifel Grand Prix,OCO,Alpine,7,7,85.269,86.242,0.011410947
2020,11,2020-11,Eifel Grand Prix,NOR,McLaren,8,8,85.269,86.316,0.012278788
2020,11,2020-11,Eifel Grand Prix,PER,Aston Martin,9,9,85.269,86.33,0.012442975
2020,11,2020-11,Eifel Grand Prix,SAI,McLaren,10,10,85.269,86.361,0.01280653
2020,11,2020-11,Eifel Grand Prix,VET,Ferrari,11,11,85.269,86.738,0.017227832
2020,11,2020-11,Eifel Grand Prix,GAS,Racing Bulls,12,12,85.269,86.776,0.01767348
2020,11,2020-11,Eifel Grand Prix,KVY,Racing Bulls,13,13,85.269,86.848,0.018517867
2020,11,2020-11,Eifel Grand Prix,GIO,Kick Sauber,14,14,85.269,86.936,0.019549895
2020,11,2020-11,Eifel Grand Prix,MAG,Haas F1 Team,15,15,85.269,87.125,0.02176641
2020,11,2020-11,Eifel Grand Prix,GRO,Haas F1 Team,16,16,85.269,87.552,0.026774091
2020,11,2020-11,Eifel Grand Prix,RUS,Williams,17,17,85.269,87.564,0.026914823
2020,11,2020-11,Eifel Grand Prix,LAT,Williams,18,18,85.269,87.812,0.029823265
2020,11,2020-11,Eifel Grand Prix,RAI,Kick Sauber,19,19,85.269,87.817,0.029881903
2020,11,2020-11,Eifel Grand Prix,HUL,Aston Martin,20,20,85.269,88.021,0.032274332
2020,12,2020-12,Portuguese Grand Prix,HAM,Mercedes,1,2,76.466,76.652,0.002432454
2020,12,2020-12,Portuguese Grand Prix,BOT,Mercedes,2,1,76.466,76.466,0
2020,12,2020-12,Portuguese Grand Prix,VER,Red Bull Racing,3,3,76.466,76.879,0.005401093
2020,12,2020-12,Portuguese Grand Prix,LEC,Ferrari,4,4,76.466,77.09,0.00816049
2020,12,2020-12,Portuguese Grand Prix,PER,Aston Martin,5,5,76.466,77.129,0.00867052
2020,12,2020-12,Portuguese Grand Prix,ALB,Red Bull Racing,6,9,76.466,77.411,0.012358434
2020,12,2020-12,Portuguese Grand Prix,SAI,McLaren,7,6,76.466,77.183,0.009376716
2020,12,2020-12,Portuguese Grand Prix,NOR,McLaren,8,8,76.466,77.321,0.01118144
2020,12,2020-12,Portuguese Grand Prix,GAS,Racing Bulls,9,7,76.466,77.209,0.009716737
2020,12,2020-12,Portuguese Grand Prix,RIC,Alpine,10,11,76.466,77.481,0.013273873
2020,12,2020-12,Portuguese Grand Prix,OCO,Alpine,11,12,76.466,77.614,0.015013208
2020,12,2020-12,Portuguese Grand Prix,STR,Aston Martin,12,13,76.466,77.626,0.015170141
2020,12,2020-12,Portuguese Grand Prix,KVY,Racing Bulls,13,14,76.466,77.728,0.016504067
2020,12,2020-12,Portuguese Grand Prix,RUS,Williams,14,15,76.466,77.788,0.01728873
2020,12,2020-12,Portuguese Grand Prix,VET,Ferrari,15,10,76.466,77.446,0.012816154
2020,12,2020-12,Portuguese Grand Prix,RAI,Kick Sauber,16,16,76.466,78.201,0.022689823
2020,12,2020-12,Portuguese Grand Prix,GIO,Kick Sauber,17,17,76.466,78.323,0.024285303
2020,12,2020-12,Portuguese Grand Prix,GRO,Haas F1 Team,18,18,76.466,78.364,0.024821489
2020,12,2020-12,Portuguese Grand Prix,MAG,Haas F1 Team,19,19,76.466,78.508,0.026704679
2020,12,2020-12,Portuguese Grand Prix,LAT,Williams,20,20,76.466,78.777,0.030222583
2020,13,2020-13,Emilia Romagna Grand Prix,BOT,Mercedes,1,1,73.609,73.609,0
2020,13,2020-13,Emilia Romagna Grand Prix,HAM,Mercedes,2,2,73.609,73.706,0.001317774
2020,13,2020-13,Emilia Romagna Grand Prix,VER,Red Bull Racing,3,3,73.609,74.176,0.007702862
2020,13,2020-13,Emilia Romagna Grand Prix,GAS,Racing Bulls,4,4,73.609,74.502,0.012131669
2020,13,2020-13,Emilia Romagna Grand Prix,RIC,Alpine,5,5,73.609,74.52,0.012376204
2020,13,2020-13,Emilia Romagna Grand Prix,ALB,Red Bull Racing,6,6,73.609,74.572,0.013082639
2020,13,2020-13,Emilia Romagna Grand Prix,LEC,Ferrari,7,7,73.609,74.616,0.013680392
2020,13,2020-13,Emilia Romagna Grand Prix,KVY,Racing Bulls,8,8,73.609,74.696,0.014767216
2020,13,2020-13,Emilia Romagna Grand Prix,NOR,McLaren,9,9,73.609,74.814,0.016370281
2020,13,2020-13,Emilia Romagna Grand Prix,SAI,McLaren,10,10,73.609,74.911,0.017688054
2020,13,2020-13,Emilia Romagna Grand Prix,PER,Aston Martin,11,11,73.609,75.061,0.019725849
2020,13,2020-13,Emilia Romagna Grand Prix,OCO,Alpine,12,12,73.609,75.201,0.02162779
2020,13,2020-13,Emilia Romagna Grand Prix,RUS,Williams,13,13,73.609,75.323,0.023285196
2020,13,2020-13,Emilia Romagna Grand Prix,VET,Ferrari,14,14,73.609,75.385,0.024127484
2020,13,2020-13,Emilia Romagna Grand Prix,STR,Aston Martin,15,15,73.609,75.494,0.025608282
2020,13,2020-13,Emilia Romagna Grand Prix,GRO,Haas F1 Team,16,16,73.609,75.918,0.031368447
2020,13,2020-13,Emilia Romagna Grand Prix,MAG,Haas F1 Team,17,17,73.609,75.939,0.031653738
2020,13,2020-13,Emilia Romagna Grand Prix,RAI,Kick Sauber,18,18,73.609,75.953,0.031843932
2020,13,2020-13,Emilia Romagna Grand Prix,LAT,Williams,19,19,73.609,75.987,0.032305832
2020,13,2020-13,Emilia Romagna Grand Prix,GIO,Kick Sauber,20,20,73.609,76.208,0.035308182
2020,14,2020-14,Turkish Grand Prix,STR,Aston Martin,1,1,107.765,107.765,0
2020,14,2020-14,Turkish Grand Prix,VER,Red Bull Racing,2,2,107.765,108.055,0.002691041
2020,14,2020-14,Turkish Grand Prix,PER,Aston Martin,3,3,107.765,109.321,0.014438825
2020,14,2020-14,Turkish Grand Prix,ALB,Red Bull Racing,4,4,107.765,110.448,0.024896766
2020,14,2020-14,Turkish Grand Prix,RIC,Alpine,5,5,107.765,111.595,0.035540296
2020,14,2020-14,Turkish Grand Prix,HAM,Mercedes,6,6,107.765,112.56,0.044494966
2020,14,2020-14,Turkish Grand Prix,OCO,Alpine,7,7,107.765,112.622,0.045070292
2020,14,2020-14,Turkish Grand Prix,RAI,Kick Sauber,8,8,107.765,112.745,0.046211664
2020,14,2020-14,Turkish Grand Prix,BOT,Mercedes,9,9,107.765,113.258,0.050972022
2020,14,2020-14,Turkish Grand Prix,GIO,Kick Sauber,10,10,107.765,113.431,0.052577367
2020,14,2020-14,Turkish Grand Prix,NOR,McLaren,11,11,107.765,114.945,0.066626456
2020,14,2020-14,Turkish Grand Prix,VET,Ferrari,12,12,107.765,115.169,0.068705053
2020,14,2020-14,Turkish Grand Prix,SAI,McLaren,13,13,107.765,115.41,0.0709414
2020,14,2020-14,Turkish Grand Prix,LEC,Ferrari,14,14,107.765,116.696,0.082874774
2020,14,2020-14,Turkish Grand Prix,GAS,Racing Bulls,15,15,107.765,118.556,0.100134552
2020,14,2020-14,Turkish Grand Prix,MAG,Haas F1 Team,16,16,107.765,128.007,0.18783464
2020,14,2020-14,Turkish Grand Prix,KVY,Racing Bulls,17,17,107.765,129.07,0.197698696
2020,14,2020-14,Turkish Grand Prix,RUS,Williams,18,18,107.765,130.017,0.206486336
2020,14,2020-14,Turkish Grand Prix,GRO,Haas F1 Team,19,19,107.765,132.909,0.233322507
2020,14,2020-14,Turkish Grand Prix,LAT,Williams,20,20,107.765,141.611,0.314072287
2020,15,2020-15,Bahrain Grand Prix,HAM,Mercedes,1,1,87.264,87.264,0
2020,15,2020-15,Bahrain Grand Prix,BOT,Mercedes,2,2,87.264,87.553,0.00331179
2020,15,2020-15,Bahrain Grand Prix,VER,Red Bull Racing,3,3,87.264,87.678,0.004744224
2020,15,2020-15,Bahrain Grand Prix,ALB,Red Bull Racing,4,4,87.264,88.274,0.011574074
2020,15,2020-15,Bahrain Grand Prix,PER,Aston Martin,5,5,87.264,88.322,0.012124129
2020,15,2020-15,Bahrain Grand Prix,RIC,Alpine,6,6,87.264,88.417,0.01321278
2020,15,2020-15,Bahrain Grand Prix,OCO,Alpine,7,7,87.264,88.419,0.013235699
2020,15,2020-15,Bahrain Grand Prix,GAS,Racing Bulls,8,8,87.264,88.448,0.013568023
2020,15,2020-15,Bahrain Grand Prix,NOR,McLaren,9,9,87.264,88.542,0.014645215
2020,15,2020-15,Bahrain Grand Prix,KVY,Racing Bulls,10,10,87.264,88.618,0.015516135
2020,15,2020-15,Bahrain Grand Prix,VET,Ferrari,11,14,87.264,89.142,0.021520902
2020,15,2020-15,Bahrain Grand Prix,LEC,Ferrari,12,13,87.264,89.137,0.021463605
2020,15,2020-15,Bahrain Grand Prix,STR,Aston Martin,13,11,87.264,88.679,0.016215163
2020,15,2020-15,Bahrain Grand Prix,RUS,Williams,14,15,87.264,89.294,0.023262743
2020,15,2020-15,Bahrain Grand Prix,SAI,McLaren,15,12,87.264,88.975,0.019607169
2020,15,2020-15,Bahrain Grand Prix,GIO,Kick Sauber,16,16,87.264,89.491,0.02552026
2020,15,2020-15,Bahrain Grand Prix,RAI,Kick Sauber,17,17,87.264,89.81,0.029175834
2020,15,2020-15,Bahrain Grand Prix,MAG,Haas F1 Team,18,18,87.264,90.111,0.032625138
2020,15,2020-15,Bahrain Grand Prix,GRO,Haas F1 Team,19,19,87.264,90.138,0.032934543
2020,15,2020-15,Bahrain Grand Prix,LAT,Williams,20,20,87.264,90.182,0.033438761
2020,16,2020-16,Sakhir Grand Prix,BOT,Mercedes,1,1,53.377,53.377,0
2020,16,2020-16,Sakhir Grand Prix,RUS,Mercedes,2,2,53.377,53.403,0.000487101
2020,16,2020-16,Sakhir Grand Prix,VER,Red Bull Racing,3,3,53.377,53.433,0.001049141
2020,16,2020-16,Sakhir Grand Prix,LEC,Ferrari,4,4,53.377,53.613,0.00442138
2020,16,2020-16,Sakhir Grand Prix,PER,Aston Martin,5,5,53.377,53.787,0.007681211
2020,16,2020-16,Sakhir Grand Prix,KVY,Racing Bulls,6,8,53.377,53.856,0.008973903
2020,16,2020-16,Sakhir Grand Prix,RIC,Alpine,7,9,53.377,53.871,0.009254923
2020,16,2020-16,Sakhir Grand Prix,SAI,McLaren,8,6,53.377,53.818,0.008261985
2020,16,2020-16,Sakhir Grand Prix,GAS,Racing Bulls,9,10,53.377,53.941,0.010566349
2020,16,2020-16,Sakhir Grand Prix,STR,Aston Martin,10,7,53.377,53.84,0.008674148
2020,16,2020-16,Sakhir Grand Prix,OCO,Alpine,11,11,53.377,53.995,0.01157802
2020,16,2020-16,Sakhir Grand Prix,ALB,Red Bull Racing,12,12,53.377,54.026,0.012158795
2020,16,2020-16,Sakhir Grand Prix,VET,Ferrari,13,13,53.377,54.175,0.014950259
2020,16,2020-16,Sakhir Grand Prix,GIO,Kick Sauber,14,15,53.377,54.377,0.018734661
2020,16,2020-16,Sakhir Grand Prix,NOR,McLaren,15,14,53.377,54.194,0.015306218
2020,16,2020-16,Sakhir Grand Prix,MAG,Haas F1 Team,16,16,53.377,54.705,0.02487963
2020,16,2020-16,Sakhir Grand Prix,LAT,Williams,17,17,53.377,54.796,0.026584484
2020,16,2020-16,Sakhir Grand Prix,AIT,Williams,18,18,53.377,54.892,0.028383011
2020,16,2020-16,Sakhir Grand Prix,RAI,Kick Sauber,19,19,53.377,54.963,0.029713172
2020,16,2020-16,Sakhir Grand Prix,FIT,Haas F1 Team,20,20,53.377,55.426,0.03838732
2020,17,2020-17,Abu Dhabi Grand Prix,VER,Red Bull Racing,1,1,95.246,95.246,0
2020,17,2020-17,Abu Dhabi Grand Prix,BOT,Mercedes,2,2,95.246,95.271,0.000262478
2020,17,2020-17,Abu Dhabi Grand Prix,HAM,Mercedes,3,3,95.246,95.332,0.000902925
2020,17,2020-17,Abu Dhabi Grand Prix,NOR,McLaren,4,4,95.246,95.497,0.002635281
2020,17,2020-17,Abu Dhabi Grand Prix,ALB,Red Bull Racing,5,5,95.246,95.571,0.003412217
2020,17,2020-17,Abu Dhabi Grand Prix,SAI,McLaren,6,6,95.246,95.815,0.005974004
2020,17,2020-17,Abu Dhabi Grand Prix,KVY,Racing Bulls,7,8,95.246,95.963,0.007527875
2020,17,2020-17,Abu Dhabi Grand Prix,STR,Aston Martin,8,10,95.246,96.046,0.008399303
2020,17,2020-17,Abu Dhabi Grand Prix,LEC,Ferrari,9,7,95.246,95.881,0.006666947
2020,17,2020-17,Abu Dhabi Grand Prix,GAS,Racing Bulls,10,11,95.246,96.242,0.010457132
2020,17,2020-17,Abu Dhabi Grand Prix,OCO,Alpine,11,12,95.246,96.359,0.01168553
2020,17,2020-17,Abu Dhabi Grand Prix,RIC,Alpine,12,13,95.246,96.406,0.012178989
2020,17,2020-17,Abu Dhabi Grand Prix,VET,Ferrari,13,14,95.246,96.631,0.014541293
2020,17,2020-17,Abu Dhabi Grand Prix,GIO,Kick Sauber,14,15,95.246,97.075,0.019202906
2020,17,2020-17,Abu Dhabi Grand Prix,PER,Aston Martin,15,9,95.246,96.034,0.008273313
2020,17,2020-17,Abu Dhabi Grand Prix,RAI,Kick Sauber,16,16,95.246,97.555,0.024242488
2020,17,2020-17,Abu Dhabi Grand Prix,MAG,Haas F1 Team,17,17,95.246,97.863,0.027476219
2020,17,2020-17,Abu Dhabi Grand Prix,RUS,Williams,18,18,95.246,98.045,0.029387061
2020,17,2020-17,Abu Dhabi Grand Prix,FIT,Haas F1 Team,19,19,95.246,98.173,0.030730949
2020,17,2020-17,Abu Dhabi Grand Prix,LAT,Williams,20,20,95.246,98.443,0.033565714
2021,1,2021-01,Bahrain Grand Prix,VER,Red Bull Racing,1,1,88.997,88.997,0
2021,1,2021-01,Bahrain Grand Prix,HAM,Mercedes,2,2,88.997,89.385,0.004359698
2021,1,2021-01,Bahrain Grand Prix,BOT,Mercedes,3,3,88.997,89.586,0.006618201
2021,1,2021-01,Bahrain Grand Prix,LEC,Ferrari,4,4,88.997,89.678,0.007651943
2021,1,2021-01,Bahrain Grand Prix,GAS,Racing Bulls,5,5,88.997,89.809,0.009123903
2021,1,2021-01,Bahrain Grand Prix,RIC,McLaren,6,6,88.997,89.927,0.01044979
2021,1,2021-01,Bahrain Grand Prix,NOR,McLaren,7,7,88.997,89.974,0.010977898
2021,1,2021-01,Bahrain Grand Prix,SAI,Ferrari,8,8,88.997,90.009,0.01137117
2021,1,2021-01,Bahrain Grand Prix,ALO,Alpine,9,9,88.997,90.249,0.01406789
2021,1,2021-01,Bahrain Grand Prix,STR,Aston Martin,10,10,88.997,90.601,0.018023079
2021,1,2021-01,Bahrain Grand Prix,PER,Red Bull Racing,11,12,88.997,90.659,0.018674787
2021,1,2021-01,Bahrain Grand Prix,GIO,Kick Sauber,12,13,88.997,90.708,0.019225367
2021,1,2021-01,Bahrain Grand Prix,TSU,Racing Bulls,13,11,88.997,90.607,0.018090497
2021,1,2021-01,Bahrain Grand Prix,RAI,Kick Sauber,14,14,88.997,91.238,0.025180624
2021,1,2021-01,Bahrain Grand Prix,RUS,Williams,15,15,88.997,91.316,0.026057058
2021,1,2021-01,Bahrain Grand Prix,OCO,Alpine,16,16,88.997,91.724,0.030641482
2021,1,2021-01,Bahrain Grand Prix,LAT,Williams,17,17,88.997,91.936,0.033023585
2021,1,2021-01,Bahrain Grand Prix,VET,Aston Martin,18,18,88.997,92.056,0.034371945
2021,1,2021-01,Bahrain Grand Prix,MSC,Haas F1 Team,19,19,88.997,92.449,0.038787824
2021,1,2021-01,Bahrain Grand Prix,MAZ,Haas F1 Team,20,20,88.997,93.273,0.048046563
2021,2,2021-02,Emilia Romagna Grand Prix,HAM,Mercedes,1,1,74.411,74.411,0
2021,2,2021-02,Emilia Romagna Grand Prix,PER,Red Bull Racing,2,2,74.411,74.446,0.000470361
2021,2,2021-02,Emilia Romagna Grand Prix,VER,Red Bull Racing,3,3,74.411,74.498,0.001169182
2021,2,2021-02,Emilia Romagna Grand Prix,LEC,Ferrari,4,6,74.411,74.74,0.004421389
2021,2,2021-02,Emilia Romagna Grand Prix,GAS,Racing Bulls,5,7,74.411,74.79,0.005093333
2021,2,2021-02,Emilia Romagna Grand Prix,RIC,McLaren,6,8,74.411,74.826,0.005577132
2021,2,2021-02,Emilia Romagna Grand Prix,NOR,McLaren,7,5,74.411,74.718,0.004125734
2021,2,2021-02,Emilia Romagna Grand Prix,BOT,Mercedes,8,4,74.411,74.672,0.003507546
2021,2,2021-02,Emilia Romagna Grand Prix,OCO,Alpine,9,9,74.411,75.117,0.009487845
2021,2,2021-02,Emilia Romagna Grand Prix,STR,Aston Martin,10,10,74.411,75.138,0.009770061
2021,2,2021-02,Emilia Romagna Grand Prix,SAI,Ferrari,11,11,74.411,75.199,0.010589832
2021,2,2021-02,Emilia Romagna Grand Prix,RUS,Williams,12,12,74.411,75.261,0.011423042
2021,2,2021-02,Emilia Romagna Grand Prix,VET,Aston Martin,13,13,74.411,75.394,0.013210412
2021,2,2021-02,Emilia Romagna Grand Prix,LAT,Williams,14,14,74.411,75.593,0.015884748
2021,2,2021-02,Emilia Romagna Grand Prix,ALO,Alpine,15,14,74.411,75.593,0.015884748
2021,2,2021-02,Emilia Romagna Grand Prix,RAI,Kick Sauber,16,16,74.411,75.974,0.021004959
2021,2,2021-02,Emilia Romagna Grand Prix,GIO,Kick Sauber,17,17,74.411,76.122,0.022993912
2021,2,2021-02,Emilia Romagna Grand Prix,MSC,Haas F1 Team,18,18,74.411,76.279,0.025103815
2021,2,2021-02,Emilia Romagna Grand Prix,MAZ,Haas F1 Team,19,19,74.411,76.797,0.032065152
2021,3,2021-03,Portuguese Grand Prix,BOT,Mercedes,1,2,77.968,78.348,0.004873794
2021,3,2021-03,Portuguese Grand Prix,HAM,Mercedes,2,1,77.968,77.968,0
2021,3,2021-03,Portuguese Grand Prix,VER,Red Bull Racing,3,5,77.968,78.65,0.008747178
2021,3,2021-03,Portuguese Grand Prix,PER,Red Bull Racing,4,8,77.968,78.845,0.011248204
2021,3,2021-03,Portuguese Grand Prix,SAI,Ferrari,5,7,77.968,78.813,0.01083778
2021,3,2021-03,Portuguese Grand Prix,OCO,Alpine,6,4,77.968,78.586,0.007926329
2021,3,2021-03,Portuguese Grand Prix,NOR,McLaren,7,3,77.968,78.481,0.006579622
2021,3,2021-03,Portuguese Grand Prix,LEC,Ferrari,8,6,77.968,78.769,0.010273446
2021,3,2021-03,Portuguese Grand Prix,GAS,Racing Bulls,9,10,77.968,79.052,0.01390314
2021,3,2021-03,Portuguese Grand Prix,VET,Aston Martin,10,9,77.968,78.97,0.012851426
2021,3,2021-03,Portuguese Grand Prix,RUS,Williams,11,11,77.968,79.109,0.014634209
2021,3,2021-03,Portuguese Grand Prix,GIO,Kick Sauber,12,12,77.968,79.216,0.016006567
2021,3,2021-03,Portuguese Grand Prix,ALO,Alpine,13,13,77.968,79.456,0.019084753
2021,3,2021-03,Portuguese Grand Prix,TSU,Racing Bulls,14,14,77.968,79.463,0.019174533
2021,3,2021-03,Portuguese Grand Prix,RAI,Kick Sauber,15,15,77.968,79.748,0.022829879
2021,3,2021-03,Portuguese Grand Prix,RIC,McLaren,16,16,77.968,79.839,0.023997024
2021,3,2021-03,Portuguese Grand Prix,STR,Aston Martin,17,17,77.968,79.913,0.024946132
2021,3,2021-03,Portuguese Grand Prix,LAT,Williams,18,18,77.968,80.285,0.02971732
2021,3,2021-03,Portuguese Grand Prix,MSC,Haas F1 Team,19,19,77.968,80.452,0.031859224
2021,3,2021-03,Portuguese Grand Prix,MAZ,Haas F1 Team,20,20,77.968,80.912,0.037759081
2021,4,2021-04,Spanish Grand Prix,HAM,Mercedes,1,1,76.741,76.741,0
2021,4,2021-04,Spanish Grand Prix,VER,Red Bull Racing,2,2,76.741,76.777,0.00046911
2021,4,2021-04,Spanish Grand Prix,BOT,Mercedes,3,3,76.741,76.873,0.001720071
2021,4,2021-04,Spanish Grand Prix,LEC,Ferrari,4,4,76.741,77.51,0.010020719
2021,4,2021-04,Spanish Grand Prix,OCO,Alpine,5,5,76.741,77.58,0.010932878
2021,4,2021-04,Spanish Grand Prix,SAI,Ferrari,6,6,76.741,77.62,0.011454112
2021,4,2021-04,Spanish Grand Prix,RIC,McLaren,7,7,76.741,77.622,0.011480174
2021,4,2021-04,Spanish Grand Prix,PER,Red Bull Racing,8,8,76.741,77.669,0.012092623
2021,4,2021-04,Spanish Grand Prix,NOR,McLaren,9,9,76.741,77.696,0.012444456
2021,4,2021-04,Spanish Grand Prix,ALO,Alpine,10,10,76.741,77.966,0.015962784
2021,4,2021-04,Spanish Grand Prix,STR,Aston Martin,11,11,76.741,77.974,0.016067031
2021,4,2021-04,Spanish Grand Prix,GAS,Racing Bulls,12,12,76.741,77.982,0.016171277
2021,4,2021-04,Spanish Grand Prix,VET,Aston Martin,13,13,76.741,78.079,0.017435269
2021,4,2021-04,Spanish Grand Prix,GIO,Kick Sauber,14,14,76.741,78.356,0.021044813
2021,4,2021-04,Spanish Grand Prix,RUS,Williams,15,15,76.741,78.445,0.022204558
2021,4,2021-04,Spanish Grand Prix,TSU,Racing Bulls,16,16,76.741,78.556,0.023650982
2021,4,2021-04,Spanish Grand Prix,RAI,Kick Sauber,17,17,76.741,78.917,0.028355117
2021,4,2021-04,Spanish Grand Prix,MSC,Haas F1 Team,18,18,76.741,79.117,0.030961285
2021,4,2021-04,Spanish Grand Prix,LAT,Williams,19,19,76.741,79.219,0.032290431
2021,4,2021-04,Spanish Grand Prix,MAZ,Haas F1 Team,20,20,76.741,79.807,0.039952568
2021,5,2021-05,Monaco Grand Prix,LEC,Ferrari,1,1,70.346,70.346,0
2021,5,2021-05,Monaco Grand Prix,VER,Red Bull Racing,2,2,70.346,70.576,0.003269553
2021,5,2021-05,Monaco Grand Prix,BOT,Mercedes,3,3,70.346,70.601,0.00362494
2021,5,2021-05,Monaco Grand Prix,SAI,Ferrari,4,4,70.346,70.611,0.003767094
2021,5,2021-05,Monaco Grand Prix,NOR,McLaren,5,5,70.346,70.62,0.003895033
2021,5,2021-05,Monaco Grand Prix,GAS,Racing Bulls,6,6,70.346,70.9,0.007875359
2021,5,2021-05,Monaco Grand Prix,HAM,Mercedes,7,8,70.346,71.095,0.010647372
2021,5,2021-05,Monaco Grand Prix,VET,Aston Martin,8,9,70.346,71.309,0.013689478
2021,5,2021-05,Monaco Grand Prix,PER,Red Bull Racing,9,7,70.346,71.019,0.009566997
2021,5,2021-05,Monaco Grand Prix,GIO,Kick Sauber,10,10,70.346,71.409,0.015111023
2021,5,2021-05,Monaco Grand Prix,OCO,Alpine,11,11,70.346,71.486,0.016205612
2021,5,2021-05,Monaco Grand Prix,RIC,McLaren,12,12,70.346,71.598,0.017797743
2021,5,2021-05,Monaco Grand Prix,STR,Aston Martin,13,13,70.346,71.6,0.017826173
2021,5,2021-05,Monaco Grand Prix,RAI,Kick Sauber,14,14,70.346,71.642,0.018423222
2021,5,2021-05,Monaco Grand Prix,RUS,Williams,15,15,70.346,71.83,0.021095727
2021,5,2021-05,Monaco Grand Prix,TSU,Racing Bulls,16,16,70.346,72.096,0.024877036
2021,5,2021-05,Monaco Grand Prix,ALO,Alpine,17,17,70.346,72.205,0.02642652
2021,5,2021-05,Monaco Grand Prix,LAT,Williams,18,18,70.346,72.366,0.028715208
2021,5,2021-05,Monaco Grand Prix,MAZ,Haas F1 Team,19,19,70.346,72.958,0.037130754
2021,6,2021-06,Azerbaijan Grand Prix,LEC,Ferrari,1,1,101.218,101.218,0
2021,6,2021-06,Azerbaijan Grand Prix,HAM,Mercedes,2,2,101.218,101.45,0.002292082
2021,6,2021-06,Azerbaijan Grand Prix,VER,Red Bull Racing,3,3,101.218,101.563,0.003408485
2021,6,2021-06,Azerbaijan Grand Prix,GAS,Racing Bulls,4,4,101.218,101.565,0.003428244
2021,6,2021-06,Azerbaijan Grand Prix,SAI,Ferrari,5,5,101.218,101.576,0.00353692
2021,6,2021-06,Azerbaijan Grand Prix,NOR,McLaren,6,8,101.218,101.747,0.005226343
2021,6,2021-06,Azerbaijan Grand Prix,PER,Red Bull Racing,7,6,101.218,101.63,0.004070422
2021,6,2021-06,Azerbaijan Grand Prix,TSU,Racing Bulls,8,7,101.218,101.654,0.004307534
2021,6,2021-06,Azerbaijan Grand Prix,ALO,Alpine,9,10,101.218,102.195,0.009652433
2021,6,2021-06,Azerbaijan Grand Prix,BOT,Mercedes,10,9,101.218,102.106,0.008773143
2021,6,2021-06,Azerbaijan Grand Prix,VET,Aston Martin,11,11,101.218,102.224,0.009938944
2021,6,2021-06,Azerbaijan Grand Prix,OCO,Alpine,12,12,101.218,102.273,0.010423047
2021,6,2021-06,Azerbaijan Grand Prix,RIC,McLaren,13,13,101.218,102.304,0.010729317
2021,6,2021-06,Azerbaijan Grand Prix,RAI,Kick Sauber,14,14,101.218,102.587,0.013525262
2021,6,2021-06,Azerbaijan Grand Prix,RUS,Williams,15,15,101.218,102.728,0.014918295
2021,6,2021-06,Azerbaijan Grand Prix,LAT,Williams,16,16,101.218,103.128,0.018870161
2021,6,2021-06,Azerbaijan Grand Prix,MSC,Haas F1 Team,17,17,101.218,104.158,0.029046217
2021,6,2021-06,Azerbaijan Grand Prix,MAZ,Haas F1 Team,18,18,101.218,104.238,0.02983659
2021,7,2021-07,French Grand Prix,VER,Red Bull Racing,1,1,89.99,89.99,0
2021,7,2021-07,French Grand Prix,HAM,Mercedes,2,2,89.99,90.248,0.002866985
2021,7,2021-07,French Grand Prix,BOT,Mercedes,3,3,89.99,90.376,0.004289365
2021,7,2021-07,French Grand Prix,PER,Red Bull Racing,4,4,89.99,90.445,0.005056117
2021,7,2021-07,French Grand Prix,SAI,Ferrari,5,5,89.99,90.84,0.009445494
2021,7,2021-07,French Grand Prix,GAS,Racing Bulls,6,6,89.99,90.868,0.00975664
2021,7,2021-07,French Grand Prix,LEC,Ferrari,7,7,89.99,90.987,0.011079009
2021,7,2021-07,French Grand Prix,NOR,McLaren,8,8,89.99,91.252,0.01402378
2021,7,2021-07,French Grand Prix,ALO,Alpine,9,9,89.99,91.34,0.015001667
2021,7,2021-07,French Grand Prix,RIC,McLaren,10,10,89.99,91.382,0.015468385
2021,7,2021-07,French Grand Prix,OCO,Alpine,11,11,89.99,91.736,0.019402156
2021,7,2021-07,French Grand Prix,VET,Aston Martin,12,12,89.99,91.767,0.019746639
2021,7,2021-07,French Grand Prix,GIO,Kick Sauber,13,13,89.99,91.813,0.020257806
2021,7,2021-07,French Grand Prix,RUS,Williams,14,14,89.99,92.065,0.023058118
2021,7,2021-07,French Grand Prix,MSC,Haas F1 Team,15,15,89.99,92.942,0.032803645
2021,7,2021-07,French Grand Prix,LAT,Williams,16,16,89.99,93.062,0.034137126
2021,7,2021-07,French Grand Prix,RAI,Kick Sauber,17,17,89.99,93.354,0.037381931
2021,7,2021-07,French Grand Prix,MAZ,Haas F1 Team,18,18,89.99,93.554,0.0396044
2021,7,2021-07,French Grand Prix,STR,Aston Martin,19,19,89.99,132.584,0.473319258
2021,8,2021-08,Styrian Grand Prix,VER,Red Bull Racing,1,1,63.841,63.841,0
2021,8,2021-08,Styrian Grand Prix,BOT,Mercedes,2,2,63.841,64.035,0.0030388
2021,8,2021-08,Styrian Grand Prix,HAM,Mercedes,3,3,63.841,64.067,0.003540045
2021,8,2021-08,Styrian Grand Prix,NOR,McLaren,4,4,63.841,64.12,0.004370232
2021,8,2021-08,Styrian Grand Prix,PER,Red Bull Racing,5,5,63.841,64.168,0.0051221
2021,8,2021-08,Styrian Grand Prix,GAS,Racing Bulls,6,6,63.841,64.236,0.006187246
2021,8,2021-08,Styrian Grand Prix,LEC,Ferrari,7,7,63.841,64.472,0.00988393
2021,8,2021-08,Styrian Grand Prix,TSU,Racing Bulls,8,8,63.841,64.514,0.010541815
2021,8,2021-08,Styrian Grand Prix,ALO,Alpine,9,9,63.841,64.574,0.01148165
2021,8,2021-08,Styrian Grand Prix,STR,Aston Martin,10,10,63.841,64.663,0.012875738
2021,8,2021-08,Styrian Grand Prix,RUS,Williams,11,11,63.841,64.671,0.013001049
2021,8,2021-08,Styrian Grand Prix,SAI,Ferrari,12,12,63.841,64.8,0.015021695
2021,8,2021-08,Styrian Grand Prix,RIC,McLaren,13,13,63.841,64.808,0.015147006
2021,8,2021-08,Styrian Grand Prix,VET,Aston Martin,14,14,63.841,64.875,0.016196488
2021,8,2021-08,Styrian Grand Prix,GIO,Kick Sauber,15,15,63.841,64.913,0.016791717
2021,8,2021-08,Styrian Grand Prix,LAT,Williams,16,16,63.841,65.175,0.020895663
2021,8,2021-08,Styrian Grand Prix,OCO,Alpine,17,17,63.841,65.217,0.021553547
2021,8,2021-08,Styrian Grand Prix,RAI,Kick Sauber,18,18,63.841,65.429,0.024874297
2021,8,2021-08,Styrian Grand Prix,MSC,Haas F1 Team,19,19,63.841,66.041,0.034460613
2021,8,2021-08,Styrian Grand Prix,MAZ,Haas F1 Team,20,20,63.841,66.192,0.036825864
2021,9,2021-09,Austrian Grand Prix,VER,Red Bull Racing,1,1,63.72,63.72,0
2021,9,2021-09,Austrian Grand Prix,NOR,McLaren,2,2,63.72,63.768,0.000753296
2021,9,2021-09,Austrian Grand Prix,PER,Red Bull Racing,3,3,63.72,63.99,0.004237288
2021,9,2021-09,Austrian Grand Prix,HAM,Mercedes,4,4,63.72,64.014,0.004613936
2021,9,2021-09,Austrian Grand Prix,BOT,Mercedes,5,5,63.72,64.049,0.005163214
2021,9,2021-09,Austrian Grand Prix,GAS,Racing Bulls,6,6,63.72,64.107,0.006073446
2021,9,2021-09,Austrian Grand Prix,TSU,Racing Bulls,7,7,63.72,64.273,0.008678594
2021,9,2021-09,Austrian Grand Prix,VET,Aston Martin,8,9,63.72,64.493,0.012131199
2021,9,2021-09,Austrian Grand Prix,RUS,Williams,9,11,63.72,64.553,0.013072819
2021,9,2021-09,Austrian Grand Prix,STR,Aston Martin,10,10,63.72,64.547,0.012978657
2021,9,2021-09,Austrian Grand Prix,SAI,Ferrari,11,12,63.72,64.559,0.013166981
2021,9,2021-09,Austrian Grand Prix,LEC,Ferrari,12,13,63.72,64.6,0.013810421
2021,9,2021-09,Austrian Grand Prix,RIC,McLaren,13,14,63.72,64.719,0.015677966
2021,9,2021-09,Austrian Grand Prix,ALO,Alpine,14,8,63.72,64.472,0.011801632
2021,9,2021-09,Austrian Grand Prix,GIO,Kick Sauber,15,15,63.72,64.782,0.016666667
2021,9,2021-09,Austrian Grand Prix,RAI,Kick Sauber,16,16,63.72,65.009,0.020229127
2021,9,2021-09,Austrian Grand Prix,OCO,Alpine,17,17,63.72,65.051,0.020888261
2021,9,2021-09,Austrian Grand Prix,LAT,Williams,18,18,63.72,65.195,0.023148148
2021,9,2021-09,Austrian Grand Prix,MSC,Haas F1 Team,19,19,63.72,65.427,0.026789077
2021,9,2021-09,Austrian Grand Prix,MAZ,Haas F1 Team,20,20,63.72,65.951,0.035012555
2021,10,2021-10,British Grand Prix,HAM,Mercedes,1,1,86.023,86.023,0
2021,10,2021-10,British Grand Prix,VER,Red Bull Racing,2,2,86.023,86.209,0.002162212
2021,10,2021-10,British Grand Prix,BOT,Mercedes,3,3,86.023,86.328,0.003545563
2021,10,2021-10,British Grand Prix,LEC,Ferrari,4,4,86.023,86.828,0.009357962
2021,10,2021-10,British Grand Prix,PER,Red Bull Racing,5,5,86.023,86.844,0.009543959
2021,10,2021-10,British Grand Prix,NOR,McLaren,6,7,86.023,86.897,0.010160073
2021,10,2021-10,British Grand Prix,RIC,McLaren,7,8,86.023,86.899,0.010183323
2021,10,2021-10,British Grand Prix,RUS,Williams,8,9,86.023,86.971,0.011020309
2021,10,2021-10,British Grand Prix,SAI,Ferrari,9,6,86.023,86.848,0.009590458
2021,10,2021-10,British Grand Prix,VET,Aston Martin,10,10,86.023,87.103,0.012554782
2021,10,2021-10,British Grand Prix,ALO,Alpine,11,11,86.023,87.245,0.014205503
2021,10,2021-10,British Grand Prix,GAS,Racing Bulls,12,12,86.023,87.273,0.014530998
2021,10,2021-10,British Grand Prix,OCO,Alpine,13,13,86.023,87.34,0.015309859
2021,10,2021-10,British Grand Prix,GIO,Kick Sauber,14,14,86.023,87.595,0.018274182
2021,10,2021-10,British Grand Prix,STR,Aston Martin,15,15,86.023,87.665,0.019087918
2021,10,2021-10,British Grand Prix,TSU,Racing Bulls,16,16,86.023,88.043,0.023482092
2021,10,2021-10,British Grand Prix,RAI,Kick Sauber,17,17,86.023,88.062,0.023702963
2021,10,2021-10,British Grand Prix,LAT,Williams,18,18,86.023,88.254,0.025934924
2021,10,2021-10,British Grand Prix,MSC,Haas F1 Team,19,19,86.023,88.738,0.031561327
2021,10,2021-10,British Grand Prix,MAZ,Haas F1 Team,20,20,86.023,89.051,0.035199888
2021,11,2021-11,Hungarian Grand Prix,HAM,Mercedes,1,1,75.419,75.419,0
2021,11,2021-11,Hungarian Grand Prix,BOT,Mercedes,2,3,75.419,75.734,0.004176666
2021,11,2021-11,Hungarian Grand Prix,VER,Red Bull Racing,3,2,75.419,75.65,0.003062889
2021,11,2021-11,Hungarian Grand Prix,PER,Red Bull Racing,4,6,75.419,76.421,0.013285777
2021,11,2021-11,Hungarian Grand Prix,GAS,Racing Bulls,5,5,75.419,76.394,0.012927777
2021,11,2021-11,Hungarian Grand Prix,NOR,McLaren,6,4,75.419,76.385,0.012808443
2021,11,2021-11,Hungarian Grand Prix,LEC,Ferrari,7,7,75.419,76.496,0.014280221
2021,11,2021-11,Hungarian Grand Prix,OCO,Alpine,8,10,75.419,76.653,0.016361925
2021,11,2021-11,Hungarian Grand Prix,ALO,Alpine,9,8,75.419,76.541,0.014876888
2021,11,2021-11,Hungarian Grand Prix,VET,Aston Martin,10,11,75.419,76.75,0.017648073
2021,11,2021-11,Hungarian Grand Prix,RIC,McLaren,11,12,75.419,76.871,0.019252443
2021,11,2021-11,Hungarian Grand Prix,STR,Aston Martin,12,13,75.419,76.893,0.019544147
2021,11,2021-11,Hungarian Grand Prix,RAI,Kick Sauber,13,14,75.419,77.553,0.028295257
2021,11,2021-11,Hungarian Grand Prix,GIO,Kick Sauber,14,15,75.419,77.583,0.028693035
2021,11,2021-11,Hungarian Grand Prix,SAI,Ferrari,15,9,75.419,76.649,0.016308888
2021,11,2021-11,Hungarian Grand Prix,TSU,Racing Bulls,16,16,75.419,77.919,0.033148146
2021,11,2021-11,Hungarian Grand Prix,RUS,Williams,17,17,75.419,77.944,0.033479627
2021,11,2021-11,Hungarian Grand Prix,LAT,Williams,18,18,75.419,78.036,0.034699479
2021,11,2021-11,Hungarian Grand Prix,MAZ,Haas F1 Team,19,19,75.419,78.922,0.046447182
2021,12,2021-12,Belgian Grand Prix,VER,Red Bull Racing,1,5,116.025,116.559,0.004602456
2021,12,2021-12,Belgian Grand Prix,RUS,Williams,2,8,116.025,116.95,0.00797242
2021,12,2021-12,Belgian Grand Prix,HAM,Mercedes,3,2,116.025,116.229,0.001758242
2021,12,2021-12,Belgian Grand Prix,RIC,McLaren,4,9,116.025,117.127,0.009497953
2021,12,2021-12,Belgian Grand Prix,VET,Aston Martin,5,6,116.025,116.814,0.006800259
2021,12,2021-12,Belgian Grand Prix,GAS,Racing Bulls,6,4,116.025,116.44,0.003576815
2021,12,2021-12,Belgian Grand Prix,PER,Red Bull Racing,7,7,116.025,116.886,0.007420814
2021,12,2021-12,Belgian Grand Prix,BOT,Mercedes,8,3,116.025,116.295,0.002327085
2021,12,2021-12,Belgian Grand Prix,OCO,Alpine,9,10,116.025,117.354,0.011454428
2021,12,2021-12,Belgian Grand Prix,NOR,McLaren,10,1,116.025,116.025,0
2021,12,2021-12,Belgian Grand Prix,LEC,Ferrari,11,11,116.025,117.721,0.014617539
2021,12,2021-12,Belgian Grand Prix,LAT,Williams,12,12,116.025,118.056,0.017504848
2021,12,2021-12,Belgian Grand Prix,SAI,Ferrari,13,13,116.025,118.137,0.018202973
2021,12,2021-12,Belgian Grand Prix,ALO,Alpine,14,14,116.025,118.205,0.018789054
2021,12,2021-12,Belgian Grand Prix,STR,Aston Martin,15,15,116.025,118.231,0.019013144
2021,12,2021-12,Belgian Grand Prix,GIO,Kick Sauber,16,16,116.025,122.306,0.054134885
2021,12,2021-12,Belgian Grand Prix,TSU,Racing Bulls,17,17,116.025,122.413,0.0550571
2021,12,2021-12,Belgian Grand Prix,MSC,Haas F1 Team,18,18,116.025,123.973,0.068502478
2021,12,2021-12,Belgian Grand Prix,RAI,Kick Sauber,19,19,116.025,124.452,0.072630899
2021,12,2021-12,Belgian Grand Prix,MAZ,Haas F1 Team,20,20,116.025,124.939,0.07682827
2021,13,2021-13,Dutch Grand Prix,VER,Red Bull Racing,1,1,68.885,68.885,0
2021,13,2021-13,Dutch Grand Prix,HAM,Mercedes,2,2,68.885,68.923,0.000551644
2021,13,2021-13,Dutch Grand Prix,BOT,Mercedes,3,3,68.885,69.222,0.004892212
2021,13,2021-13,Dutch Grand Prix,GAS,Racing Bulls,4,5,68.885,69.478,0.00860855
2021,13,2021-13,Dutch Grand Prix,LEC,Ferrari,5,4,68.885,69.437,0.008013356
2021,13,2021-13,Dutch Grand Prix,SAI,Ferrari,6,6,68.885,69.537,0.00946505
2021,13,2021-13,Dutch Grand Prix,GIO,Kick Sauber,7,7,68.885,69.59,0.010234449
2021,13,2021-13,Dutch Grand Prix,OCO,Alpine,8,9,68.885,69.919,0.015010525
2021,13,2021-13,Dutch Grand Prix,ALO,Alpine,9,10,68.885,69.956,0.015547652
2021,13,2021-13,Dutch Grand Prix,RIC,McLaren,10,8,68.885,69.865,0.01422661
2021,13,2021-13,Dutch Grand Prix,RUS,Williams,11,12,68.885,70.332,0.021006025
2021,13,2021-13,Dutch Grand Prix,STR,Aston Martin,12,13,68.885,70.367,0.021514118
2021,13,2021-13,Dutch Grand Prix,NOR,McLaren,13,14,68.885,70.406,0.022080279
2021,13,2021-13,Dutch Grand Prix,LAT,Williams,14,11,68.885,70.093,0.017536474
2021,13,2021-13,Dutch Grand Prix,TSU,Racing Bulls,15,15,68.885,70.462,0.022893228
2021,13,2021-13,Dutch Grand Prix,PER,Red Bull Racing,16,16,68.885,70.53,0.02388038
2021,13,2021-13,Dutch Grand Prix,VET,Aston Martin,17,17,68.885,70.731,0.026798287
2021,13,2021-13,Dutch Grand Prix,KUB,Kick Sauber,18,18,68.885,71.301,0.035072948
2021,13,2021-13,Dutch Grand Prix,MSC,Haas F1 Team,19,19,68.885,71.387,0.036321405
2021,13,2021-13,Dutch Grand Prix,MAZ,Haas F1 Team,20,20,68.885,71.875,0.043405676
2021,14,2021-14,Italian Grand Prix,BOT,Mercedes,1,1,79.555,79.555,0
2021,14,2021-14,Italian Grand Prix,HAM,Mercedes,2,2,79.555,79.651,0.001206712
2021,14,2021-14,Italian Grand Prix,VER,Red Bull Racing,3,3,79.555,79.966,0.005166237
2021,14,2021-14,Italian Grand Prix,NOR,McLaren,4,4,79.555,79.989,0.005455345
2021,14,2021-14,Italian Grand Prix,RIC,McLaren,5,5,79.555,79.995,0.005530765
2021,14,2021-14,Italian Grand Prix,GAS,Racing Bulls,6,6,79.555,80.26,0.008861794
2021,14,2021-14,Italian Grand Prix,SAI,Ferrari,7,7,79.555,80.462,0.011400918
2021,14,2021-14,Italian Grand Prix,LEC,Ferrari,8,8,79.555,80.51,0.012004274
2021,14,2021-14,Italian Grand Prix,PER,Red Bull Racing,9,9,79.555,80.611,0.013273836
2021,14,2021-14,Italian Grand Prix,GIO,Kick Sauber,10,10,79.555,80.726,0.014719377
2021,14,2021-14,Italian Grand Prix,VET,Aston Martin,11,11,79.555,80.913,0.017069952
2021,14,2021-14,Italian Grand Prix,STR,Aston Martin,12,12,79.555,81.02,0.018414933
2021,14,2021-14,Italian Grand Prix,ALO,Alpine,13,13,79.555,81.069,0.019030859
2021,14,2021-14,Italian Grand Prix,OCO,Alpine,14,14,79.555,81.103,0.019458236
2021,14,2021-14,Italian Grand Prix,RUS,Williams,15,15,79.555,81.392,0.023090943
2021,14,2021-14,Italian Grand Prix,LAT,Williams,16,16,79.555,81.925,0.029790711
2021,14,2021-14,Italian Grand Prix,TSU,Racing Bulls,17,17,79.555,81.973,0.030394067
2021,14,2021-14,Italian Grand Prix,MSC,Haas F1 Team,18,18,79.555,82.248,0.033850795
2021,14,2021-14,Italian Grand Prix,KUB,Kick Sauber,19,19,79.555,82.53,0.037395513
2021,14,2021-14,Italian Grand Prix,MAZ,Haas F1 Team,20,20,79.555,82.716,0.039733518
2021,15,2021-15,Russian Grand Prix,NOR,McLaren,1,1,101.993,101.993,0
2021,15,2021-15,Russian Grand Prix,SAI,Ferrari,2,2,101.993,102.51,0.005068975
2021,15,2021-15,Russian Grand Prix,RUS,Williams,3,3,101.993,102.983,0.009706548
2021,15,2021-15,Russian Grand Prix,HAM,Mercedes,4,4,101.993,104.05,0.020168051
2021,15,2021-15,Russian Grand Prix,RIC,McLaren,5,5,101.993,104.156,0.021207338
2021,15,2021-15,Russian Grand Prix,ALO,Alpine,6,6,101.993,104.204,0.021677958
2021,15,2021-15,Russian Grand Prix,BOT,Mercedes,7,7,101.993,104.71,0.026639083
2021,15,2021-15,Russian Grand Prix,STR,Aston Martin,8,8,101.993,104.956,0.029051013
2021,15,2021-15,Russian Grand Prix,PER,Red Bull Racing,9,9,101.993,105.337,0.032786564
2021,15,2021-15,Russian Grand Prix,OCO,Alpine,10,10,101.993,105.865,0.03796339
2021,15,2021-15,Russian Grand Prix,VET,Aston Martin,11,11,101.993,106.573,0.044905043
2021,15,2021-15,Russian Grand Prix,GAS,Racing Bulls,12,12,101.993,106.641,0.045571755
2021,15,2021-15,Russian Grand Prix,TSU,Racing Bulls,13,13,101.993,106.751,0.04665026
2021,15,2021-15,Russian Grand Prix,LAT,Williams,14,14,101.993,108.252,0.061366957
2021,15,2021-15,Russian Grand Prix,LEC,Ferrari,15,15,101.993,108.47,0.063504358
2021,15,2021-15,Russian Grand Prix,RAI,Kick Sauber,16,16,101.993,109.586,0.074446286
2021,15,2021-15,Russian Grand Prix,MSC,Haas F1 Team,17,17,101.993,109.83,0.076838607
2021,15,2021-15,Russian Grand Prix,GIO,Kick Sauber,18,18,101.993,111.023,0.088535488
2021,15,2021-15,Russian Grand Prix,MAZ,Haas F1 Team,19,19,101.993,113.764,0.115409881
2021,16,2021-16,Turkish Grand Prix,HAM,Mercedes,1,1,82.868,82.868,0
2021,16,2021-16,Turkish Grand Prix,BOT,Mercedes,2,2,82.868,82.998,0.00156876
2021,16,2021-16,Turkish Grand Prix,VER,Red Bull Racing,3,3,82.868,83.196,0.003958102
2021,16,2021-16,Turkish Grand Prix,LEC,Ferrari,4,4,82.868,83.265,0.004790752
2021,16,2021-16,Turkish Grand Prix,GAS,Racing Bulls,5,5,82.868,83.326,0.005526862
2021,16,2021-16,Turkish Grand Prix,ALO,Alpine,6,6,82.868,83.477,0.007349037
2021,16,2021-16,Turkish Grand Prix,PER,Red Bull Racing,7,7,82.868,83.706,0.010112468
2021,16,2021-16,Turkish Grand Prix,NOR,McLaren,8,8,82.868,83.954,0.013105179
2021,16,2021-16,Turkish Grand Prix,STR,Aston Martin,9,10,82.868,84.305,0.017340831
2021,16,2021-16,Turkish Grand Prix,TSU,Racing Bulls,10,9,82.868,84.054,0.014311918
2021,16,2021-16,Turkish Grand Prix,VET,Aston Martin,11,11,82.868,84.795,0.023253849
2021,16,2021-16,Turkish Grand Prix,OCO,Alpine,12,12,82.868,84.842,0.023821017
2021,16,2021-16,Turkish Grand Prix,RUS,Williams,13,13,82.868,85.007,0.025812135
2021,16,2021-16,Turkish Grand Prix,MSC,Haas F1 Team,14,15,82.868,85.2,0.02814114
2021,16,2021-16,Turkish Grand Prix,SAI,Ferrari,15,14,82.868,85.177,0.02786359
2021,16,2021-16,Turkish Grand Prix,RIC,McLaren,16,16,82.868,85.881,0.036359029
2021,16,2021-16,Turkish Grand Prix,LAT,Williams,17,17,82.868,86.086,0.038832843
2021,16,2021-16,Turkish Grand Prix,GIO,Kick Sauber,18,18,82.868,86.43,0.042984023
2021,16,2021-16,Turkish Grand Prix,RAI,Kick Sauber,19,19,82.868,87.525,0.056197809
2021,16,2021-16,Turkish Grand Prix,MAZ,Haas F1 Team,20,20,82.868,88.449,0.067348072
2021,17,2021-17,United States Grand Prix,VER,Red Bull Racing,1,1,92.91,92.91,0
2021,17,2021-17,United States Grand Prix,HAM,Mercedes,2,2,92.91,93.119,0.002249489
2021,17,2021-17,United States Grand Prix,PER,Red Bull Racing,3,3,92.91,93.134,0.002410935
2021,17,2021-17,United States Grand Prix,BOT,Mercedes,4,4,92.91,93.475,0.006081154
2021,17,2021-17,United States Grand Prix,LEC,Ferrari,5,5,92.91,93.606,0.00749112
2021,17,2021-17,United States Grand Prix,SAI,Ferrari,6,6,92.91,93.792,0.009493058
2021,17,2021-17,United States Grand Prix,RIC,McLaren,7,7,92.91,93.808,0.009665267
2021,17,2021-17,United States Grand Prix,NOR,McLaren,8,8,92.91,93.88,0.010440211
2021,17,2021-17,United States Grand Prix,GAS,Racing Bulls,9,9,92.91,94.118,0.01300183
2021,17,2021-17,United States Grand Prix,TSU,Racing Bulls,10,10,92.91,94.918,0.021612313
2021,17,2021-17,United States Grand Prix,OCO,Alpine,11,12,92.91,95.377,0.026552578
2021,17,2021-17,United States Grand Prix,VET,Aston Martin,12,11,92.91,95.281,0.02551932
2021,17,2021-17,United States Grand Prix,GIO,Kick Sauber,13,15,92.91,95.794,0.031040792
2021,17,2021-17,United States Grand Prix,ALO,Alpine,14,14,92.91,95.756,0.030631794
2021,17,2021-17,United States Grand Prix,RUS,Williams,15,13,92.91,95.746,0.030524163
2021,17,2021-17,United States Grand Prix,STR,Aston Martin,16,16,92.91,95.983,0.033075019
2021,17,2021-17,United States Grand Prix,LAT,Williams,17,17,92.91,95.995,0.033204176
2021,17,2021-17,United States Grand Prix,RAI,Kick Sauber,18,18,92.91,96.311,0.036605317
2021,17,2021-17,United States Grand Prix,MSC,Haas F1 Team,19,19,92.91,96.499,0.038628781
2021,17,2021-17,United States Grand Prix,MAZ,Haas F1 Team,20,20,92.91,96.796,0.041825422
2021,18,2021-18,Mexico City Grand Prix,BOT,Mercedes,1,1,75.875,75.875,0
2021,18,2021-18,Mexico City Grand Prix,HAM,Mercedes,2,2,75.875,76.02,0.001911038
2021,18,2021-18,Mexico City Grand Prix,VER,Red Bull Racing,3,3,75.875,76.225,0.00461285
2021,18,2021-18,Mexico City Grand Prix,PER,Red Bull Racing,4,4,75.875,76.342,0.00615486
2021,18,2021-18,Mexico City Grand Prix,GAS,Racing Bulls,5,5,75.875,76.456,0.007657331
2021,18,2021-18,Mexico City Grand Prix,SAI,Ferrari,6,8,75.875,76.761,0.0116771
2021,18,2021-18,Mexico City Grand Prix,RIC,McLaren,7,9,75.875,76.763,0.01170346
2021,18,2021-18,Mexico City Grand Prix,LEC,Ferrari,8,7,75.875,76.748,0.011505766
2021,18,2021-18,Mexico City Grand Prix,TSU,Racing Bulls,9,6,75.875,76.701,0.010886326
2021,18,2021-18,Mexico City Grand Prix,NOR,McLaren,10,10,75.875,77.473,0.021060956
2021,18,2021-18,Mexico City Grand Prix,VET,Aston Martin,11,11,75.875,77.502,0.021443163
2021,18,2021-18,Mexico City Grand Prix,RAI,Kick Sauber,12,12,75.875,77.606,0.022813839
2021,18,2021-18,Mexico City Grand Prix,RUS,Williams,13,14,75.875,77.958,0.027453048
2021,18,2021-18,Mexico City Grand Prix,GIO,Kick Sauber,14,13,75.875,77.897,0.026649094
2021,18,2021-18,Mexico City Grand Prix,OCO,Alpine,15,15,75.875,78.126,0.029667216
2021,18,2021-18,Mexico City Grand Prix,ALO,Alpine,16,16,75.875,78.452,0.033963756
2021,18,2021-18,Mexico City Grand Prix,LAT,Williams,17,17,75.875,78.756,0.037970346
2021,18,2021-18,Mexico City Grand Prix,MSC,Haas F1 Team,18,18,75.875,78.858,0.039314662
2021,18,2021-18,Mexico City Grand Prix,MAZ,Haas F1 Team,19,19,75.875,79.303,0.045179572
2021,18,2021-18,Mexico City Grand Prix,STR,Aston Martin,20,20,75.875,80.873,0.065871499
2021,19,2021-19,São Paulo Grand Prix,HAM,Mercedes,1,1,67.934,67.934,0
2021,19,2021-19,São Paulo Grand Prix,VER,Red Bull Racing,2,2,67.934,68.372,0.006447434
2021,19,2021-19,São Paulo Grand Prix,BOT,Mercedes,3,3,67.934,68.426,0.007242323
2021,19,2021-19,São Paulo Grand Prix,PER,Red Bull Racing,4,4,67.934,68.483,0.008081373
2021,19,2021-19,São Paulo Grand Prix,GAS,Racing Bulls,5,5,67.934,68.777,0.012409103
2021,19,2021-19,São Paulo Grand Prix,SAI,Ferrari,6,6,67.934,68.826,0.013130391
2021,19,2021-19,São Paulo Grand Prix,LEC,Ferrari,7,7,67.934,68.859,0.013616157
2021,19,2021-19,São Paulo Grand Prix,NOR,McLaren,8,8,67.934,68.98,0.015397297
2021,19,2021-19,São Paulo Grand Prix,RIC,McLaren,9,9,67.934,69.039,0.016265787
2021,19,2021-19,São Paulo Grand Prix,ALO,Alpine,10,10,67.934,69.113,0.01735508
2021,19,2021-19,São Paulo Grand Prix,OCO,Alpine,11,11,67.934,69.189,0.018473813
2021,19,2021-19,São Paulo Grand Prix,VET,Aston Martin,12,14,67.934,69.399,0.021565048
2021,19,2021-19,São Paulo Grand Prix,TSU,Racing Bulls,13,13,67.934,69.35,0.02084376
2021,19,2021-19,São Paulo Grand Prix,RAI,Kick Sauber,14,15,67.934,69.503,0.023095946
2021,19,2021-19,São Paulo Grand Prix,GIO,Kick Sauber,15,12,67.934,69.342,0.020725999
2021,19,2021-19,São Paulo Grand Prix,STR,Aston Martin,16,16,67.934,69.663,0.025451173
2021,19,2021-19,São Paulo Grand Prix,LAT,Williams,17,17,67.934,69.897,0.028895693
2021,19,2021-19,São Paulo Grand Prix,RUS,Williams,18,18,67.934,69.953,0.029720022
2021,19,2021-19,São Paulo Grand Prix,MSC,Haas F1 Team,19,19,67.934,70.329,0.035254806
2021,19,2021-19,São Paulo Grand Prix,MAZ,Haas F1 Team,20,20,67.934,70.589,0.03908205
2021,20,2021-20,Qatar Grand Prix,HAM,Mercedes,1,1,80.827,80.827,0
2021,20,2021-20,Qatar Grand Prix,VER,Red Bull Racing,2,2,80.827,81.282,0.005629307
2021,20,2021-20,Qatar Grand Prix,BOT,Mercedes,3,3,80.827,81.478,0.008054239
2021,20,2021-20,Qatar Grand Prix,GAS,Racing Bulls,4,4,80.827,81.64,0.01005852
2021,20,2021-20,Qatar Grand Prix,ALO,Alpine,5,5,80.827,81.67,0.010429683
2021,20,2021-20,Qatar Grand Prix,NOR,McLaren,6,6,80.827,81.731,0.011184381
2021,20,2021-20,Qatar Grand Prix,SAI,Ferrari,7,7,80.827,81.84,0.012532941
2021,20,2021-20,Qatar Grand Prix,TSU,Racing Bulls,8,8,80.827,81.881,0.013040197
2021,20,2021-20,Qatar Grand Prix,OCO,Alpine,9,9,80.827,82.012,0.014660943
2021,20,2021-20,Qatar Grand Prix,VET,Aston Martin,10,10,80.827,82.146,0.016318804
2021,20,2021-20,Qatar Grand Prix,PER,Red Bull Racing,11,11,80.827,82.346,0.018793225
2021,20,2021-20,Qatar Grand Prix,STR,Aston Martin,12,12,80.827,82.46,0.020203645
2021,20,2021-20,Qatar Grand Prix,LEC,Ferrari,13,13,80.827,82.463,0.020240761
2021,20,2021-20,Qatar Grand Prix,RIC,McLaren,14,14,80.827,82.597,0.021898623
2021,20,2021-20,Qatar Grand Prix,RUS,Williams,15,15,80.827,82.756,0.023865787
2021,20,2021-20,Qatar Grand Prix,RAI,Kick Sauber,16,16,80.827,83.156,0.028814629
2021,20,2021-20,Qatar Grand Prix,LAT,Williams,17,17,80.827,83.213,0.029519839
2021,20,2021-20,Qatar Grand Prix,GIO,Kick Sauber,18,18,80.827,83.262,0.030126072
2021,20,2021-20,Qatar Grand Prix,MSC,Haas F1 Team,19,19,80.827,83.407,0.031920027
2021,20,2021-20,Qatar Grand Prix,MAZ,Haas F1 Team,20,20,80.827,85.859,0.062256424
2021,21,2021-21,Saudi Arabian Grand Prix,HAM,Mercedes,1,1,87.511,87.511,0
2021,21,2021-21,Saudi Arabian Grand Prix,BOT,Mercedes,2,2,87.511,87.622,0.001268412
2021,21,2021-21,Saudi Arabian Grand Prix,VER,Red Bull Racing,3,3,87.511,87.653,0.001622653
2021,21,2021-21,Saudi Arabian Grand Prix,LEC,Ferrari,4,5,87.511,88.054,0.006204934
2021,21,2021-21,Saudi Arabian Grand Prix,PER,Red Bull Racing,5,4,87.511,87.946,0.004970804
2021,21,2021-21,Saudi Arabian Grand Prix,GAS,Racing Bulls,6,6,87.511,88.125,0.007016261
2021,21,2021-21,Saudi Arabian Grand Prix,NOR,McLaren,7,7,87.511,88.18,0.007644753
2021,21,2021-21,Saudi Arabian Grand Prix,TSU,Racing Bulls,8,9,87.511,88.222,0.008124693
2021,21,2021-21,Saudi Arabian Grand Prix,OCO,Alpine,9,11,87.511,88.574,0.012147044
2021,21,2021-21,Saudi Arabian Grand Prix,GIO,Kick Sauber,10,12,87.511,88.616,0.012626984
2021,21,2021-21,Saudi Arabian Grand Prix,RIC,McLaren,11,8,87.511,88.216,0.00805613
2021,21,2021-21,Saudi Arabian Grand Prix,RAI,Kick Sauber,12,13,87.511,88.856,0.015369496
2021,21,2021-21,Saudi Arabian Grand Prix,ALO,Alpine,13,14,87.511,88.92,0.016100833
2021,21,2021-21,Saudi Arabian Grand Prix,RUS,Williams,14,15,87.511,88.926,0.016169396
2021,21,2021-21,Saudi Arabian Grand Prix,SAI,Ferrari,15,10,87.511,88.237,0.0082961
2021,21,2021-21,Saudi Arabian Grand Prix,LAT,Williams,16,16,87.511,89.177,0.019037607
2021,21,2021-21,Saudi Arabian Grand Prix,VET,Aston Martin,17,17,87.511,89.198,0.019277577
2021,21,2021-21,Saudi Arabian Grand Prix,STR,Aston Martin,18,18,87.511,89.368,0.021220189
2021,21,2021-21,Saudi Arabian Grand Prix,MSC,Haas F1 Team,19,19,87.511,89.464,0.022317194
2021,21,2021-21,Saudi Arabian Grand Prix,MAZ,Haas F1 Team,20,20,87.511,90.473,0.033847173
2021,22,2021-22,Abu Dhabi Grand Prix,VER,Red Bull Racing,1,1,82.109,82.109,0
2021,22,2021-22,Abu Dhabi Grand Prix,HAM,Mercedes,2,2,82.109,82.48,0.004518384
2021,22,2021-22,Abu Dhabi Grand Prix,NOR,McLaren,3,3,82.109,82.931,0.010011083
2021,22,2021-22,Abu Dhabi Grand Prix,PER,Red Bull Racing,4,4,82.109,82.947,0.010205946
2021,22,2021-22,Abu Dhabi Grand Prix,SAI,Ferrari,5,5,82.109,82.992,0.010753998
2021,22,2021-22,Abu Dhabi Grand Prix,BOT,Mercedes,6,6,82.109,83.036,0.011289871
2021,22,2021-22,Abu Dhabi Grand Prix,LEC,Ferrari,7,7,82.109,83.122,0.012337259
2021,22,2021-22,Abu Dhabi Grand Prix,TSU,Racing Bulls,8,8,82.109,83.22,0.013530794
2021,22,2021-22,Abu Dhabi Grand Prix,OCO,Alpine,9,9,82.109,83.389,0.015589034
2021,22,2021-22,Abu Dhabi Grand Prix,RIC,McLaren,10,10,82.109,83.409,0.015832613
2021,22,2021-22,Abu Dhabi Grand Prix,ALO,Alpine,11,11,82.109,83.46,0.016453738
2021,22,2021-22,Abu Dhabi Grand Prix,GAS,Racing Bulls,12,12,82.109,83.489,0.016806927
2021,22,2021-22,Abu Dhabi Grand Prix,STR,Aston Martin,13,13,82.109,84.061,0.023773277
2021,22,2021-22,Abu Dhabi Grand Prix,GIO,Kick Sauber,14,14,82.109,84.118,0.024467476
2021,22,2021-22,Abu Dhabi Grand Prix,VET,Aston Martin,15,15,82.109,84.225,0.025770622
2021,22,2021-22,Abu Dhabi Grand Prix,LAT,Williams,16,16,82.109,84.338,0.027146841
2021,22,2021-22,Abu Dhabi Grand Prix,RUS,Williams,17,17,82.109,84.423,0.028182051
2021,22,2021-22,Abu Dhabi Grand Prix,RAI,Kick Sauber,18,18,82.109,84.779,0.032517751
2021,22,2021-22,Abu Dhabi Grand Prix,MSC,Haas F1 Team,19,19,82.109,84.906,0.034064475
2021,22,2021-22,Abu Dhabi Grand Prix,MAZ,Haas F1 Team,20,20,82.109,85.685,0.043551864
2022,1,2022-01,Bahrain Grand Prix,LEC,Ferrari,1,1,90.558,90.558,0
2022,1,2022-01,Bahrain Grand Prix,VER,Red Bull Racing,2,2,90.558,90.681,0.001358246
2022,1,2022-01,Bahrain Grand Prix,SAI,Ferrari,3,3,90.558,90.687,0.001424501
2022,1,2022-01,Bahrain Grand Prix,PER,Red Bull Racing,4,4,90.558,90.921,0.004008481
2022,1,2022-01,Bahrain Grand Prix,HAM,Mercedes,5,5,90.558,91.048,0.005410897
2022,1,2022-01,Bahrain Grand Prix,BOT,Kick Sauber,6,8,90.558,91.56,0.011064732
2022,1,2022-01,Bahrain Grand Prix,MAG,Haas F1 Team,7,7,90.558,91.461,0.00997151
2022,1,2022-01,Bahrain Grand Prix,ALO,Alpine,8,9,90.558,91.621,0.011738333
2022,1,2022-01,Bahrain Grand Prix,RUS,Mercedes,9,6,90.558,91.252,0.007663597
2022,1,2022-01,Bahrain Grand Prix,GAS,Racing Bulls,10,10,90.558,91.635,0.01189293
2022,1,2022-01,Bahrain Grand Prix,OCO,Alpine,11,11,90.558,91.782,0.0135162
2022,1,2022-01,Bahrain Grand Prix,MSC,Haas F1 Team,12,12,90.558,91.998,0.015901411
2022,1,2022-01,Bahrain Grand Prix,NOR,McLaren,13,13,90.558,92.008,0.016011838
2022,1,2022-01,Bahrain Grand Prix,ALB,Williams,14,15,90.558,92.664,0.023255814
2022,1,2022-01,Bahrain Grand Prix,ZHO,Kick Sauber,15,14,90.558,92.493,0.021367521
2022,1,2022-01,Bahrain Grand Prix,TSU,Racing Bulls,16,16,90.558,92.75,0.024205482
2022,1,2022-01,Bahrain Grand Prix,HUL,Aston Martin,17,17,90.558,92.777,0.024503633
2022,1,2022-01,Bahrain Grand Prix,RIC,McLaren,18,18,90.558,92.945,0.026358798
2022,1,2022-01,Bahrain Grand Prix,STR,Aston Martin,19,19,90.558,93.032,0.027319508
2022,1,2022-01,Bahrain Grand Prix,LAT,Williams,20,20,90.558,93.634,0.033967181
2022,2,2022-02,Saudi Arabian Grand Prix,PER,Red Bull Racing,1,1,88.2,88.2,0
2022,2,2022-02,Saudi Arabian Grand Prix,LEC,Ferrari,2,2,88.2,88.225,0.000283447
2022,2,2022-02,Saudi Arabian Grand Prix,SAI,Ferrari,3,3,88.2,88.402,0.002290249
2022,2,2022-02,Saudi Arabian Grand Prix,VER,Red Bull Racing,4,4,88.2,88.461,0.002959184
2022,2,2022-02,Saudi Arabian Grand Prix,OCO,Alpine,5,5,88.2,89.068,0.00984127
2022,2,2022-02,Saudi Arabian Grand Prix,RUS,Mercedes,6,6,88.2,89.104,0.010249433
2022,2,2022-02,Saudi Arabian Grand Prix,ALO,Alpine,7,7,88.2,89.147,0.010736961
2022,2,2022-02,Saudi Arabian Grand Prix,BOT,Kick Sauber,8,8,88.2,89.183,0.011145125
2022,2,2022-02,Saudi Arabian Grand Prix,GAS,Racing Bulls,9,9,88.2,89.254,0.011950113
2022,2,2022-02,Saudi Arabian Grand Prix,MAG,Haas F1 Team,10,10,88.2,89.546,0.015260771
2022,2,2022-02,Saudi Arabian Grand Prix,NOR,McLaren,11,11,88.2,89.651,0.016451247
2022,2,2022-02,Saudi Arabian Grand Prix,RIC,McLaren,12,12,88.2,89.773,0.017834467
2022,2,2022-02,Saudi Arabian Grand Prix,ZHO,Kick Sauber,13,13,88.2,89.819,0.018356009
2022,2,2022-02,Saudi Arabian Grand Prix,MSC,Haas F1 Team,14,14,88.2,89.92,0.019501134
2022,2,2022-02,Saudi Arabian Grand Prix,STR,Aston Martin,15,15,88.2,90.256,0.023310658
2022,2,2022-02,Saudi Arabian Grand Prix,HAM,Mercedes,16,16,88.2,90.343,0.024297052
2022,2,2022-02,Saudi Arabian Grand Prix,ALB,Williams,17,17,88.2,90.492,0.025986395
2022,2,2022-02,Saudi Arabian Grand Prix,HUL,Aston Martin,18,18,88.2,90.543,0.026564626
2022,2,2022-02,Saudi Arabian Grand Prix,LAT,Williams,19,19,88.2,91.817,0.04100907
2022,3,2022-03,Australian Grand Prix,LEC,Ferrari,1,1,77.868,77.868,0
2022,3,2022-03,Australian Grand Prix,VER,Red Bull Racing,2,2,77.868,78.154,0.003672882
2022,3,2022-03,Australian Grand Prix,PER,Red Bull Racing,3,3,77.868,78.24,0.004777315
2022,3,2022-03,Australian Grand Prix,NOR,McLaren,4,5,77.868,78.703,0.010723275
2022,3,2022-03,Australian Grand Prix,HAM,Mercedes,5,7,77.868,78.825,0.012290029
2022,3,2022-03,Australian Grand Prix,RUS,Mercedes,6,8,77.868,78.933,0.013676992
2022,3,2022-03,Australian Grand Prix,RIC,McLaren,7,9,77.868,79.032,0.014948374
2022,3,2022-03,Australian Grand Prix,OCO,Alpine,8,10,77.868,79.061,0.015320799
2022,3,2022-03,Australian Grand Prix,SAI,Ferrari,9,4,77.868,78.469,0.00771819
2022,3,2022-03,Australian Grand Prix,ALO,Alpine,10,6,77.868,78.815,0.012161607
2022,3,2022-03,Australian Grand Prix,GAS,Racing Bulls,11,11,77.868,79.226,0.01743977
2022,3,2022-03,Australian Grand Prix,BOT,Kick Sauber,12,12,77.868,79.251,0.017760826
2022,3,2022-03,Australian Grand Prix,TSU,Racing Bulls,13,13,77.868,79.424,0.019982535
2022,3,2022-03,Australian Grand Prix,ZHO,Kick Sauber,14,14,77.868,79.91,0.026223866
2022,3,2022-03,Australian Grand Prix,MSC,Haas F1 Team,15,15,77.868,80.104,0.028715262
2022,3,2022-03,Australian Grand Prix,ALB,Williams,16,16,77.868,80.135,0.029113371
2022,3,2022-03,Australian Grand Prix,MAG,Haas F1 Team,17,17,77.868,80.254,0.030641599
2022,3,2022-03,Australian Grand Prix,VET,Aston Martin,18,18,77.868,81.149,0.042135409
2022,3,2022-03,Australian Grand Prix,LAT,Williams,19,19,77.868,81.372,0.044999229
2022,4,2022-04,Emilia Romagna Grand Prix,VER,Red Bull Racing,1,1,78.793,78.793,0
2022,4,2022-04,Emilia Romagna Grand Prix,LEC,Ferrari,2,2,78.793,78.796,3.81E-05
2022,4,2022-04,Emilia Romagna Grand Prix,NOR,McLaren,3,4,78.793,79.294,0.006358433
2022,4,2022-04,Emilia Romagna Grand Prix,MAG,Haas F1 Team,4,8,78.793,79.902,0.014074854
2022,4,2022-04,Emilia Romagna Grand Prix,ALO,Alpine,5,6,78.793,79.595,0.010178569
2022,4,2022-04,Emilia Romagna Grand Prix,RIC,McLaren,6,10,78.793,79.98,0.01506479
2022,4,2022-04,Emilia Romagna Grand Prix,PER,Red Bull Racing,7,5,78.793,79.296,0.006383816
2022,4,2022-04,Emilia Romagna Grand Prix,BOT,Kick Sauber,8,11,78.793,80.192,0.017755384
2022,4,2022-04,Emilia Romagna Grand Prix,VET,Aston Martin,9,9,78.793,79.957,0.014772886
2022,4,2022-04,Emilia Romagna Grand Prix,SAI,Ferrari,10,3,78.793,78.99,0.002500222
2022,4,2022-04,Emilia Romagna Grand Prix,RUS,Mercedes,11,13,78.793,80.383,0.020179458
2022,4,2022-04,Emilia Romagna Grand Prix,MSC,Haas F1 Team,12,14,78.793,80.422,0.020674425
2022,4,2022-04,Emilia Romagna Grand Prix,HAM,Mercedes,13,15,78.793,80.47,0.021283617
2022,4,2022-04,Emilia Romagna Grand Prix,ZHO,Kick Sauber,14,7,78.793,79.73,0.011891919
2022,4,2022-04,Emilia Romagna Grand Prix,STR,Aston Martin,15,12,78.793,80.342,0.019659107
2022,4,2022-04,Emilia Romagna Grand Prix,TSU,Racing Bulls,16,16,78.793,80.474,0.021334382
2022,4,2022-04,Emilia Romagna Grand Prix,GAS,Racing Bulls,17,17,78.793,80.732,0.024608785
2022,4,2022-04,Emilia Romagna Grand Prix,LAT,Williams,18,18,78.793,81.971,0.040333532
2022,4,2022-04,Emilia Romagna Grand Prix,OCO,Alpine,19,19,78.793,82.338,0.044991306
2022,5,2022-05,Miami Grand Prix,LEC,Ferrari,1,1,88.796,88.796,0
2022,5,2022-05,Miami Grand Prix,SAI,Ferrari,2,2,88.796,88.986,0.002139736
2022,5,2022-05,Miami Grand Prix,VER,Red Bull Racing,3,3,88.796,88.991,0.002196045
2022,5,2022-05,Miami Grand Prix,PER,Red Bull Racing,4,4,88.796,89.036,0.002702824
2022,5,2022-05,Miami Grand Prix,BOT,Kick Sauber,5,5,88.796,89.475,0.007646741
2022,5,2022-05,Miami Grand Prix,HAM,Mercedes,6,6,88.796,89.625,0.009336006
2022,5,2022-05,Miami Grand Prix,GAS,Racing Bulls,7,8,88.796,89.69,0.010068021
2022,5,2022-05,Miami Grand Prix,NOR,McLaren,8,7,88.796,89.634,0.009437362
2022,5,2022-05,Miami Grand Prix,TSU,Racing Bulls,9,9,88.796,89.932,0.012793369
2022,5,2022-05,Miami Grand Prix,STR,Aston Martin,10,10,88.796,89.996,0.013514122
2022,5,2022-05,Miami Grand Prix,ALO,Alpine,11,11,88.796,90.16,0.015361052
2022,5,2022-05,Miami Grand Prix,RUS,Mercedes,12,12,88.796,90.173,0.015507455
2022,5,2022-05,Miami Grand Prix,VET,Aston Martin,13,13,88.796,90.214,0.015969188
2022,5,2022-05,Miami Grand Prix,RIC,McLaren,14,14,88.796,90.31,0.017050318
2022,5,2022-05,Miami Grand Prix,MSC,Haas F1 Team,15,15,88.796,90.423,0.018322897
2022,5,2022-05,Miami Grand Prix,MAG,Haas F1 Team,16,16,88.796,90.975,0.024539394
2022,5,2022-05,Miami Grand Prix,ZHO,Kick Sauber,17,17,88.796,91.02,0.025046173
2022,5,2022-05,Miami Grand Prix,ALB,Williams,18,18,88.796,91.266,0.027816568
2022,5,2022-05,Miami Grand Prix,LAT,Williams,19,19,88.796,91.325,0.028481013
2022,6,2022-06,Spanish Grand Prix,LEC,Ferrari,1,1,78.75,78.75,0
2022,6,2022-06,Spanish Grand Prix,VER,Red Bull Racing,2,2,78.75,79.073,0.004101587
2022,6,2022-06,Spanish Grand Prix,SAI,Ferrari,3,3,78.75,79.166,0.00528254
2022,6,2022-06,Spanish Grand Prix,RUS,Mercedes,4,4,78.75,79.393,0.008165079
2022,6,2022-06,Spanish Grand Prix,PER,Red Bull Racing,5,5,78.75,79.42,0.008507937
2022,6,2022-06,Spanish Grand Prix,HAM,Mercedes,6,6,78.75,79.512,0.00967619
2022,6,2022-06,Spanish Grand Prix,BOT,Kick Sauber,7,7,78.75,79.608,0.010895238
2022,6,2022-06,Spanish Grand Prix,MAG,Haas F1 Team,8,8,78.75,79.682,0.011834921
2022,6,2022-06,Spanish Grand Prix,RIC,McLaren,9,9,78.75,80.287,0.01951746
2022,6,2022-06,Spanish Grand Prix,MSC,Haas F1 Team,10,10,78.75,80.368,0.020546032
2022,6,2022-06,Spanish Grand Prix,NOR,McLaren,11,11,78.75,80.471,0.021853968
2022,6,2022-06,Spanish Grand Prix,OCO,Alpine,12,13,78.75,80.638,0.023974603
2022,6,2022-06,Spanish Grand Prix,TSU,Racing Bulls,13,14,78.75,80.639,0.023987302
2022,6,2022-06,Spanish Grand Prix,GAS,Racing Bulls,14,15,78.75,80.719,0.025003175
2022,6,2022-06,Spanish Grand Prix,ZHO,Kick Sauber,15,12,78.75,80.476,0.02191746
2022,6,2022-06,Spanish Grand Prix,VET,Aston Martin,16,16,78.75,80.954,0.027987302
2022,6,2022-06,Spanish Grand Prix,ALO,Alpine,17,17,78.75,81.043,0.02911746
2022,6,2022-06,Spanish Grand Prix,STR,Aston Martin,18,18,78.75,81.418,0.033879365
2022,6,2022-06,Spanish Grand Prix,ALB,Williams,19,19,78.75,81.645,0.036761905
2022,6,2022-06,Spanish Grand Prix,LAT,Williams,20,20,78.75,81.915,0.040190476
2022,7,2022-07,Monaco Grand Prix,LEC,Ferrari,1,1,71.376,71.376,0
2022,7,2022-07,Monaco Grand Prix,SAI,Ferrari,2,2,71.376,71.601,0.00315232
2022,7,2022-07,Monaco Grand Prix,PER,Red Bull Racing,3,3,71.376,71.629,0.003544609
2022,7,2022-07,Monaco Grand Prix,VER,Red Bull Racing,4,4,71.376,71.666,0.00406299
2022,7,2022-07,Monaco Grand Prix,NOR,McLaren,5,5,71.376,71.849,0.006626877
2022,7,2022-07,Monaco Grand Prix,RUS,Mercedes,6,6,71.376,72.112,0.010311589
2022,7,2022-07,Monaco Grand Prix,ALO,Alpine,7,7,71.376,72.247,0.012202981
2022,7,2022-07,Monaco Grand Prix,HAM,Mercedes,8,9,71.376,72.56,0.016588209
2022,7,2022-07,Monaco Grand Prix,VET,Aston Martin,9,10,71.376,72.613,0.017330755
2022,7,2022-07,Monaco Grand Prix,OCO,Alpine,10,8,71.376,72.528,0.016139879
2022,7,2022-07,Monaco Grand Prix,TSU,Racing Bulls,11,11,71.376,72.797,0.019908653
2022,7,2022-07,Monaco Grand Prix,BOT,Kick Sauber,12,12,71.376,72.909,0.021477808
2022,7,2022-07,Monaco Grand Prix,MAG,Haas F1 Team,13,13,71.376,72.921,0.021645931
2022,7,2022-07,Monaco Grand Prix,RIC,McLaren,14,14,71.376,72.964,0.022248375
2022,7,2022-07,Monaco Grand Prix,MSC,Haas F1 Team,15,15,71.376,73.081,0.023887581
2022,7,2022-07,Monaco Grand Prix,ALB,Williams,16,16,71.376,73.611,0.031313046
2022,7,2022-07,Monaco Grand Prix,GAS,Racing Bulls,17,17,71.376,73.66,0.031999552
2022,7,2022-07,Monaco Grand Prix,STR,Aston Martin,18,18,71.376,73.678,0.032251737
2022,7,2022-07,Monaco Grand Prix,LAT,Williams,19,19,71.376,74.403,0.042409213
2022,7,2022-07,Monaco Grand Prix,ZHO,Kick Sauber,20,20,71.376,75.606,0.059263618
2022,8,2022-08,Azerbaijan Grand Prix,LEC,Ferrari,1,1,101.359,101.359,0
2022,8,2022-08,Azerbaijan Grand Prix,PER,Red Bull Racing,2,2,101.359,101.641,0.00278219
2022,8,2022-08,Azerbaijan Grand Prix,VER,Red Bull Racing,3,3,101.359,101.706,0.003423475
2022,8,2022-08,Azerbaijan Grand Prix,SAI,Ferrari,4,4,101.359,101.814,0.004488995
2022,8,2022-08,Azerbaijan Grand Prix,RUS,Mercedes,5,5,101.359,102.712,0.013348593
2022,8,2022-08,Azerbaijan Grand Prix,GAS,Racing Bulls,6,6,101.359,102.845,0.01466076
2022,8,2022-08,Azerbaijan Grand Prix,HAM,Mercedes,7,7,101.359,102.924,0.015440168
2022,8,2022-08,Azerbaijan Grand Prix,TSU,Racing Bulls,8,8,101.359,103.056,0.01674247
2022,8,2022-08,Azerbaijan Grand Prix,VET,Aston Martin,9,9,101.359,103.091,0.017087777
2022,8,2022-08,Azerbaijan Grand Prix,ALO,Alpine,10,10,101.359,103.173,0.017896783
2022,8,2022-08,Azerbaijan Grand Prix,NOR,McLaren,11,11,101.359,103.398,0.020116615
2022,8,2022-08,Azerbaijan Grand Prix,RIC,McLaren,12,12,101.359,103.574,0.021853017
2022,8,2022-08,Azerbaijan Grand Prix,OCO,Alpine,13,13,101.359,103.585,0.021961543
2022,8,2022-08,Azerbaijan Grand Prix,ZHO,Kick Sauber,14,14,101.359,103.777,0.0238558
2022,8,2022-08,Azerbaijan Grand Prix,BOT,Kick Sauber,15,15,101.359,104.444,0.03043637
2022,8,2022-08,Azerbaijan Grand Prix,MAG,Haas F1 Team,16,16,101.359,104.643,0.032399688
2022,8,2022-08,Azerbaijan Grand Prix,ALB,Williams,17,17,101.359,104.719,0.033149498
2022,8,2022-08,Azerbaijan Grand Prix,LAT,Williams,18,18,101.359,105.367,0.039542616
2022,8,2022-08,Azerbaijan Grand Prix,STR,Aston Martin,19,19,101.359,105.371,0.03958208
2022,8,2022-08,Azerbaijan Grand Prix,MSC,Haas F1 Team,20,20,101.359,105.775,0.043567912
2022,9,2022-09,Canadian Grand Prix,VER,Red Bull Racing,1,1,81.299,81.299,0
2022,9,2022-09,Canadian Grand Prix,ALO,Alpine,2,2,81.299,81.944,0.007933677
2022,9,2022-09,Canadian Grand Prix,SAI,Ferrari,3,3,81.299,82.096,0.009803319
2022,9,2022-09,Canadian Grand Prix,HAM,Mercedes,4,4,81.299,82.891,0.019582037
2022,9,2022-09,Canadian Grand Prix,MAG,Haas F1 Team,5,5,81.299,82.96,0.020430756
2022,9,2022-09,Canadian Grand Prix,MSC,Haas F1 Team,6,6,81.299,83.356,0.025301664
2022,9,2022-09,Canadian Grand Prix,OCO,Alpine,7,7,81.299,83.529,0.027429612
2022,9,2022-09,Canadian Grand Prix,RUS,Mercedes,8,8,81.299,83.557,0.027774019
2022,9,2022-09,Canadian Grand Prix,RIC,McLaren,9,9,81.299,83.749,0.030135672
2022,9,2022-09,Canadian Grand Prix,ZHO,Kick Sauber,10,10,81.299,84.03,0.033592049
2022,9,2022-09,Canadian Grand Prix,BOT,Kick Sauber,11,11,81.299,86.788,0.067516206
2022,9,2022-09,Canadian Grand Prix,ALB,Williams,12,12,81.299,86.858,0.068377225
2022,9,2022-09,Canadian Grand Prix,PER,Red Bull Racing,13,14,81.299,93.127,0.145487644
2022,9,2022-09,Canadian Grand Prix,NOR,McLaren,14,15,81.299,94.066,0.157037602
2022,9,2022-09,Canadian Grand Prix,LEC,Ferrari,15,13,81.299,93.008,0.144023912
2022,9,2022-09,Canadian Grand Prix,GAS,Racing Bulls,16,16,81.299,94.492,0.162277519
2022,9,2022-09,Canadian Grand Prix,VET,Aston Martin,17,17,81.299,94.512,0.162523524
2022,9,2022-09,Canadian Grand Prix,STR,Aston Martin,18,18,81.299,95.532,0.175069804
2022,9,2022-09,Canadian Grand Prix,LAT,Williams,19,19,81.299,95.66,0.176644239
2022,9,2022-09,Canadian Grand Prix,TSU,Racing Bulls,20,20,81.299,96.575,0.18789899
2022,10,2022-10,British Grand Prix,SAI,Ferrari,1,4,99.129,100.19,0.010703225
2022,10,2022-10,British Grand Prix,VER,Red Bull Racing,2,1,99.129,99.129,0
2022,10,2022-10,British Grand Prix,LEC,Ferrari,3,2,99.129,99.846,0.007232999
2022,10,2022-10,British Grand Prix,PER,Red Bull Racing,4,6,99.129,100.521,0.014042309
2022,10,2022-10,British Grand Prix,HAM,Mercedes,5,5,99.129,100.428,0.013104137
2022,10,2022-10,British Grand Prix,NOR,McLaren,6,9,99.129,101.515,0.024069647
2022,10,2022-10,British Grand Prix,ALO,Alpine,7,10,99.129,101.598,0.024906939
2022,10,2022-10,British Grand Prix,RUS,Mercedes,8,3,99.129,100.028,0.009068991
2022,10,2022-10,British Grand Prix,ZHO,Kick Sauber,9,7,99.129,100.791,0.016766032
2022,10,2022-10,British Grand Prix,LAT,Williams,10,15,99.129,101.998,0.028942086
2022,10,2022-10,British Grand Prix,GAS,Racing Bulls,11,11,99.129,101.68,0.025734144
2022,10,2022-10,British Grand Prix,BOT,Kick Sauber,12,8,99.129,101.396,0.022869191
2022,10,2022-10,British Grand Prix,TSU,Racing Bulls,13,13,99.129,101.893,0.02788286
2022,10,2022-10,British Grand Prix,RIC,McLaren,14,14,99.129,101.933,0.028286374
2022,10,2022-10,British Grand Prix,OCO,Alpine,15,12,99.129,101.73,0.026238538
2022,10,2022-10,British Grand Prix,ALB,Williams,16,16,99.129,102.078,0.029749115
2022,10,2022-10,British Grand Prix,MAG,Haas F1 Team,17,17,99.129,102.159,0.030566232
2022,10,2022-10,British Grand Prix,VET,Aston Martin,18,18,99.129,102.666,0.03568078
2022,10,2022-10,British Grand Prix,MSC,Haas F1 Team,19,19,99.129,102.708,0.03610447
2022,10,2022-10,British Grand Prix,STR,Aston Martin,20,20,99.129,103.43,0.043387909
2022,11,2022-11,Austrian Grand Prix,VER,Red Bull Racing,1,1,64.984,64.984,0
2022,11,2022-11,Austrian Grand Prix,LEC,Ferrari,2,2,64.984,65.013,0.000446264
2022,11,2022-11,Austrian Grand Prix,SAI,Ferrari,3,3,64.984,65.066,0.001261849
2022,11,2022-11,Austrian Grand Prix,RUS,Mercedes,4,5,64.984,65.431,0.006878616
2022,11,2022-11,Austrian Grand Prix,OCO,Alpine,5,7,64.984,65.726,0.011418195
2022,11,2022-11,Austrian Grand Prix,MAG,Haas F1 Team,6,8,64.984,65.879,0.013772621
2022,11,2022-11,Austrian Grand Prix,MSC,Haas F1 Team,7,9,64.984,66.011,0.01580389
2022,11,2022-11,Austrian Grand Prix,ALO,Alpine,8,10,64.984,66.016,0.015880832
2022,11,2022-11,Austrian Grand Prix,HAM,Mercedes,9,6,64.984,65.475,0.007555706
2022,11,2022-11,Austrian Grand Prix,GAS,Racing Bulls,10,11,64.984,66.16,0.018096762
2022,11,2022-11,Austrian Grand Prix,ALB,Williams,11,12,64.984,66.23,0.019173951
2022,11,2022-11,Austrian Grand Prix,BOT,Kick Sauber,12,13,64.984,66.319,0.020543518
2022,11,2022-11,Austrian Grand Prix,PER,Red Bull Racing,13,4,64.984,65.404,0.006463129
2022,11,2022-11,Austrian Grand Prix,TSU,Racing Bulls,14,15,64.984,66.463,0.022759448
2022,11,2022-11,Austrian Grand Prix,NOR,McLaren,15,14,64.984,66.33,0.020712791
2022,11,2022-11,Austrian Grand Prix,RIC,McLaren,16,16,64.984,66.613,0.025067709
2022,11,2022-11,Austrian Grand Prix,STR,Aston Martin,17,17,64.984,66.847,0.028668595
2022,11,2022-11,Austrian Grand Prix,ZHO,Kick Sauber,18,18,64.984,66.901,0.029499569
2022,11,2022-11,Austrian Grand Prix,LAT,Williams,19,19,64.984,67.003,0.031069186
2022,11,2022-11,Austrian Grand Prix,VET,Aston Martin,20,20,64.984,67.083,0.032300259
2022,12,2022-12,French Grand Prix,LEC,Ferrari,1,1,90.872,90.872,0
2022,12,2022-12,French Grand Prix,VER,Red Bull Racing,2,3,90.872,91.176,0.003345365
2022,12,2022-12,French Grand Prix,PER,Red Bull Racing,3,4,90.872,91.335,0.005095079
2022,12,2022-12,French Grand Prix,HAM,Mercedes,4,5,90.872,91.765,0.009827009
2022,12,2022-12,French Grand Prix,NOR,McLaren,5,6,90.872,92.032,0.012765208
2022,12,2022-12,French Grand Prix,RUS,Mercedes,6,7,90.872,92.131,0.013854653
2022,12,2022-12,French Grand Prix,ALO,Alpine,7,8,90.872,92.552,0.018487543
2022,12,2022-12,French Grand Prix,TSU,Racing Bulls,8,10,90.872,92.78,0.020996567
2022,12,2022-12,French Grand Prix,SAI,Ferrari,9,2,90.872,91.081,0.002299938
2022,12,2022-12,French Grand Prix,MAG,Haas F1 Team,10,9,90.872,92.649,0.019554978
2022,12,2022-12,French Grand Prix,RIC,McLaren,11,11,90.872,92.922,0.022559204
2022,12,2022-12,French Grand Prix,OCO,Alpine,12,13,90.872,93.048,0.02394577
2022,12,2022-12,French Grand Prix,BOT,Kick Sauber,13,12,90.872,93.034,0.023791707
2022,12,2022-12,French Grand Prix,VET,Aston Martin,14,14,90.872,93.276,0.026454794
2022,12,2022-12,French Grand Prix,ALB,Williams,15,15,90.872,93.307,0.026795933
2022,12,2022-12,French Grand Prix,GAS,Racing Bulls,16,16,90.872,93.439,0.028248525
2022,12,2022-12,French Grand Prix,STR,Aston Martin,17,16,90.872,93.439,0.028248525
2022,12,2022-12,French Grand Prix,ZHO,Kick Sauber,18,18,90.872,93.674,0.030834581
2022,12,2022-12,French Grand Prix,MSC,Haas F1 Team,19,19,90.872,93.701,0.031131702
2022,12,2022-12,French Grand Prix,LAT,Williams,20,20,90.872,93.794,0.032155119
2022,13,2022-13,Hungarian Grand Prix,RUS,Mercedes,1,1,77.377,77.377,0
2022,13,2022-13,Hungarian Grand Prix,SAI,Ferrari,2,2,77.377,77.421,0.000568644
2022,13,2022-13,Hungarian Grand Prix,LEC,Ferrari,3,3,77.377,77.567,0.00245551
2022,13,2022-13,Hungarian Grand Prix,NOR,McLaren,4,5,77.377,77.769,0.005066105
2022,13,2022-13,Hungarian Grand Prix,OCO,Alpine,5,7,77.377,78.018,0.008284115
2022,13,2022-13,Hungarian Grand Prix,ALO,Alpine,6,6,77.377,77.904,0.006810809
2022,13,2022-13,Hungarian Grand Prix,HAM,Mercedes,7,8,77.377,78.035,0.008503819
2022,13,2022-13,Hungarian Grand Prix,BOT,Kick Sauber,8,9,77.377,78.157,0.010080515
2022,13,2022-13,Hungarian Grand Prix,RIC,McLaren,9,10,77.377,78.198,0.010610388
2022,13,2022-13,Hungarian Grand Prix,VER,Red Bull Racing,10,4,77.377,77.703,0.004213138
2022,13,2022-13,Hungarian Grand Prix,PER,Red Bull Racing,11,11,77.377,78.516,0.014720136
2022,13,2022-13,Hungarian Grand Prix,ZHO,Kick Sauber,12,12,77.377,78.573,0.015456789
2022,13,2022-13,Hungarian Grand Prix,MAG,Haas F1 Team,13,13,77.377,78.825,0.018713571
2022,13,2022-13,Hungarian Grand Prix,STR,Aston Martin,14,14,77.377,79.137,0.022745777
2022,13,2022-13,Hungarian Grand Prix,MSC,Haas F1 Team,15,15,77.377,79.164,0.023094718
2022,13,2022-13,Hungarian Grand Prix,TSU,Racing Bulls,16,16,77.377,79.24,0.024076922
2022,13,2022-13,Hungarian Grand Prix,ALB,Williams,17,17,77.377,79.256,0.024283702
2022,13,2022-13,Hungarian Grand Prix,VET,Aston Martin,18,18,77.377,79.273,0.024503405
2022,13,2022-13,Hungarian Grand Prix,GAS,Racing Bulls,19,19,77.377,79.527,0.027786035
2022,13,2022-13,Hungarian Grand Prix,LAT,Williams,20,20,77.377,79.57,0.028341755
2022,14,2022-14,Belgian Grand Prix,VER,Red Bull Racing,1,1,103.665,103.665,0
2022,14,2022-14,Belgian Grand Prix,SAI,Ferrari,2,2,103.665,104.297,0.006096561
2022,14,2022-14,Belgian Grand Prix,PER,Red Bull Racing,3,3,103.665,104.462,0.007688226
2022,14,2022-14,Belgian Grand Prix,LEC,Ferrari,4,4,103.665,104.551,0.008546761
2022,14,2022-14,Belgian Grand Prix,OCO,Alpine,5,5,103.665,105.18,0.014614383
2022,14,2022-14,Belgian Grand Prix,ALO,Alpine,6,6,103.665,105.368,0.016427917
2022,14,2022-14,Belgian Grand Prix,HAM,Mercedes,7,7,103.665,105.42,0.016929533
2022,14,2022-14,Belgian Grand Prix,RUS,Mercedes,8,8,103.665,105.461,0.017325037
2022,14,2022-14,Belgian Grand Prix,ALB,Williams,9,10,103.665,105.672,0.01936044
2022,14,2022-14,Belgian Grand Prix,NOR,McLaren,10,9,103.665,105.603,0.018694834
2022,14,2022-14,Belgian Grand Prix,RIC,McLaren,11,11,103.665,105.767,0.020276853
2022,14,2022-14,Belgian Grand Prix,GAS,Racing Bulls,12,12,103.665,105.827,0.020855641
2022,14,2022-14,Belgian Grand Prix,ZHO,Kick Sauber,13,13,103.665,106.085,0.023344427
2022,14,2022-14,Belgian Grand Prix,STR,Aston Martin,14,14,103.665,106.256,0.024993971
2022,14,2022-14,Belgian Grand Prix,MSC,Haas F1 Team,15,15,103.665,106.342,0.025823566
2022,14,2022-14,Belgian Grand Prix,VET,Aston Martin,16,16,103.665,106.344,0.025842859
2022,14,2022-14,Belgian Grand Prix,LAT,Williams,17,17,103.665,106.401,0.026392707
2022,14,2022-14,Belgian Grand Prix,MAG,Haas F1 Team,18,18,103.665,106.557,0.027897555
2022,14,2022-14,Belgian Grand Prix,TSU,Racing Bulls,19,19,103.665,106.692,0.029199826
2022,14,2022-14,Belgian Grand Prix,BOT,Kick Sauber,20,20,103.665,107.866,0.040524767
2022,15,2022-15,Dutch Grand Prix,VER,Red Bull Racing,1,1,70.342,70.342,0
2022,15,2022-15,Dutch Grand Prix,LEC,Ferrari,2,2,70.342,70.363,0.000298541
2022,15,2022-15,Dutch Grand Prix,SAI,Ferrari,3,3,70.342,70.434,0.001307896
2022,15,2022-15,Dutch Grand Prix,HAM,Mercedes,4,4,70.342,70.648,0.004350175
2022,15,2022-15,Dutch Grand Prix,PER,Red Bull Racing,5,6,70.342,71.077,0.010448949
2022,15,2022-15,Dutch Grand Prix,RUS,Mercedes,6,5,70.342,70.824,0.006852236
2022,15,2022-15,Dutch Grand Prix,NOR,McLaren,7,7,70.342,71.116,0.011003383
2022,15,2022-15,Dutch Grand Prix,MSC,Haas F1 Team,8,9,70.342,71.42,0.015325126
2022,15,2022-15,Dutch Grand Prix,TSU,Racing Bulls,9,10,70.342,71.427,0.01542464
2022,15,2022-15,Dutch Grand Prix,STR,Aston Martin,10,8,70.342,71.416,0.015268261
2022,15,2022-15,Dutch Grand Prix,GAS,Racing Bulls,11,11,70.342,71.512,0.016633022
2022,15,2022-15,Dutch Grand Prix,OCO,Alpine,12,12,70.342,71.605,0.017955133
2022,15,2022-15,Dutch Grand Prix,ALO,Alpine,13,13,70.342,71.613,0.018068864
2022,15,2022-15,Dutch Grand Prix,ZHO,Kick Sauber,14,15,70.342,71.704,0.019362543
2022,15,2022-15,Dutch Grand Prix,ALB,Williams,15,14,70.342,71.695,0.019234597
2022,15,2022-15,Dutch Grand Prix,BOT,Kick Sauber,16,16,70.342,71.961,0.023016121
2022,15,2022-15,Dutch Grand Prix,RIC,McLaren,17,17,70.342,72.081,0.024722072
2022,15,2022-15,Dutch Grand Prix,MAG,Haas F1 Team,18,18,70.342,72.319,0.028105541
2022,15,2022-15,Dutch Grand Prix,VET,Aston Martin,19,19,70.342,72.391,0.029129112
2022,15,2022-15,Dutch Grand Prix,LAT,Williams,20,20,70.342,73.353,0.042805152
2022,16,2022-16,Italian Grand Prix,LEC,Ferrari,1,1,80.161,80.161,0
2022,16,2022-16,Italian Grand Prix,VER,Red Bull Racing,2,2,80.161,80.306,0.00180886
2022,16,2022-16,Italian Grand Prix,SAI,Ferrari,3,3,80.161,80.429,0.003343272
2022,16,2022-16,Italian Grand Prix,PER,Red Bull Racing,4,4,80.161,81.206,0.013036265
2022,16,2022-16,Italian Grand Prix,HAM,Mercedes,5,5,80.161,81.524,0.017003281
2022,16,2022-16,Italian Grand Prix,RUS,Mercedes,6,6,80.161,81.542,0.017227829
2022,16,2022-16,Italian Grand Prix,NOR,McLaren,7,7,80.161,81.584,0.017751775
2022,16,2022-16,Italian Grand Prix,RIC,McLaren,8,8,80.161,81.855,0.021132471
2022,16,2022-16,Italian Grand Prix,GAS,Racing Bulls,9,11,80.161,82.01,0.02306608
2022,16,2022-16,Italian Grand Prix,ALO,Alpine,10,9,80.161,81.861,0.02120732
2022,16,2022-16,Italian Grand Prix,OCO,Alpine,11,13,80.161,82.13,0.024563067
2022,16,2022-16,Italian Grand Prix,BOT,Kick Sauber,12,14,80.161,82.235,0.025872931
2022,16,2022-16,Italian Grand Prix,DEV,Williams,13,15,80.161,82.471,0.028817006
2022,16,2022-16,Italian Grand Prix,ZHO,Kick Sauber,14,10,80.161,82.003,0.022978755
2022,16,2022-16,Italian Grand Prix,TSU,Racing Bulls,15,12,80.161,82.02,0.023190828
2022,16,2022-16,Italian Grand Prix,LAT,Williams,16,16,80.161,82.587,0.030264094
2022,16,2022-16,Italian Grand Prix,VET,Aston Martin,17,17,80.161,82.636,0.030875363
2022,16,2022-16,Italian Grand Prix,STR,Aston Martin,18,18,80.161,82.748,0.032272551
2022,16,2022-16,Italian Grand Prix,MAG,Haas F1 Team,19,19,80.161,82.908,0.034268535
2022,16,2022-16,Italian Grand Prix,MSC,Haas F1 Team,20,20,80.161,83.005,0.035478599
2022,17,2022-17,Singapore Grand Prix,LEC,Ferrari,1,1,109.412,109.412,0
2022,17,2022-17,Singapore Grand Prix,PER,Red Bull Racing,2,2,109.412,109.434,0.000201075
2022,17,2022-17,Singapore Grand Prix,HAM,Mercedes,3,3,109.412,109.466,0.000493547
2022,17,2022-17,Singapore Grand Prix,SAI,Ferrari,4,4,109.412,109.583,0.0015629
2022,17,2022-17,Singapore Grand Prix,ALO,Alpine,5,5,109.412,109.966,0.00506343
2022,17,2022-17,Singapore Grand Prix,NOR,McLaren,6,6,109.412,110.584,0.010711805
2022,17,2022-17,Singapore Grand Prix,GAS,Racing Bulls,7,7,109.412,111.211,0.016442438
2022,17,2022-17,Singapore Grand Prix,VER,Red Bull Racing,8,8,109.412,111.395,0.018124155
2022,17,2022-17,Singapore Grand Prix,MAG,Haas F1 Team,9,9,109.412,111.573,0.019751033
2022,17,2022-17,Singapore Grand Prix,TSU,Racing Bulls,10,10,109.412,111.983,0.023498337
2022,17,2022-17,Singapore Grand Prix,RUS,Mercedes,11,11,109.412,114.012,0.04204292
2022,17,2022-17,Singapore Grand Prix,STR,Aston Martin,12,12,109.412,114.211,0.043861734
2022,17,2022-17,Singapore Grand Prix,MSC,Haas F1 Team,13,13,109.412,114.37,0.045314956
2022,17,2022-17,Singapore Grand Prix,VET,Aston Martin,14,14,109.412,114.38,0.045406354
2022,17,2022-17,Singapore Grand Prix,ZHO,Kick Sauber,15,15,109.412,115.375,0.05450042
2022,17,2022-17,Singapore Grand Prix,BOT,Kick Sauber,16,16,109.412,116.083,0.060971374
2022,17,2022-17,Singapore Grand Prix,RIC,McLaren,17,17,109.412,116.226,0.062278361
2022,17,2022-17,Singapore Grand Prix,OCO,Alpine,18,18,109.412,116.337,0.063292875
2022,17,2022-17,Singapore Grand Prix,ALB,Williams,19,19,109.412,116.985,0.069215443
2022,17,2022-17,Singapore Grand Prix,LAT,Williams,20,20,109.412,117.532,0.074214894
2022,18,2022-18,Japanese Grand Prix,VER,Red Bull Racing,1,1,89.304,89.304,0
2022,18,2022-18,Japanese Grand Prix,LEC,Ferrari,2,2,89.304,89.314,0.000111977
2022,18,2022-18,Japanese Grand Prix,SAI,Ferrari,3,3,89.304,89.361,0.000638269
2022,18,2022-18,Japanese Grand Prix,PER,Red Bull Racing,4,4,89.304,89.709,0.004535071
2022,18,2022-18,Japanese Grand Prix,OCO,Alpine,5,5,89.304,90.165,0.009641225
2022,18,2022-18,Japanese Grand Prix,HAM,Mercedes,6,6,89.304,90.261,0.010716205
2022,18,2022-18,Japanese Grand Prix,ALO,Alpine,7,7,89.304,90.322,0.011399265
2022,18,2022-18,Japanese Grand Prix,RUS,Mercedes,8,8,89.304,90.389,0.012149512
2022,18,2022-18,Japanese Grand Prix,VET,Aston Martin,9,10,89.304,90.554,0.013997133
2022,18,2022-18,Japanese Grand Prix,NOR,McLaren,10,9,89.304,90.473,0.013090119
2022,18,2022-18,Japanese Grand Prix,RIC,McLaren,11,11,89.304,90.659,0.015172893
2022,18,2022-18,Japanese Grand Prix,BOT,Kick Sauber,12,12,89.304,90.709,0.015732778
2022,18,2022-18,Japanese Grand Prix,TSU,Racing Bulls,13,13,89.304,90.808,0.016841351
2022,18,2022-18,Japanese Grand Prix,ZHO,Kick Sauber,14,14,89.304,90.894,0.017804354
2022,18,2022-18,Japanese Grand Prix,MSC,Haas F1 Team,15,15,89.304,91.152,0.020693362
2022,18,2022-18,Japanese Grand Prix,ALB,Williams,16,16,89.304,91.311,0.022473797
2022,18,2022-18,Japanese Grand Prix,GAS,Racing Bulls,17,17,89.304,91.322,0.022596972
2022,18,2022-18,Japanese Grand Prix,MAG,Haas F1 Team,18,18,89.304,91.352,0.022932903
2022,18,2022-18,Japanese Grand Prix,STR,Aston Martin,19,19,89.304,91.419,0.02368315
2022,18,2022-18,Japanese Grand Prix,LAT,Williams,20,20,89.304,91.511,0.024713339
2022,19,2022-19,United States Grand Prix,SAI,Ferrari,1,1,94.356,94.356,0
2022,19,2022-19,United States Grand Prix,LEC,Ferrari,2,2,94.356,94.421,0.00068888
2022,19,2022-19,United States Grand Prix,VER,Red Bull Racing,3,3,94.356,94.448,0.000975031
2022,19,2022-19,United States Grand Prix,PER,Red Bull Racing,4,4,94.356,94.645,0.003062868
2022,19,2022-19,United States Grand Prix,HAM,Mercedes,5,5,94.356,94.947,0.006263513
2022,19,2022-19,United States Grand Prix,RUS,Mercedes,6,6,94.356,94.988,0.006698037
2022,19,2022-19,United States Grand Prix,STR,Aston Martin,7,7,94.356,95.598,0.013162915
2022,19,2022-19,United States Grand Prix,NOR,McLaren,8,8,94.356,95.69,0.014137946
2022,19,2022-19,United States Grand Prix,ALO,Alpine,9,9,94.356,95.876,0.016109203
2022,19,2022-19,United States Grand Prix,BOT,Kick Sauber,10,10,94.356,96.319,0.020804188
2022,19,2022-19,United States Grand Prix,ALB,Williams,11,11,94.356,96.368,0.021323498
2022,19,2022-19,United States Grand Prix,VET,Aston Martin,12,12,94.356,96.398,0.021641443
2022,19,2022-19,United States Grand Prix,GAS,Racing Bulls,13,13,94.356,96.577,0.023538514
2022,19,2022-19,United States Grand Prix,ZHO,Kick Sauber,14,14,94.356,96.656,0.024375768
2022,19,2022-19,United States Grand Prix,TSU,Racing Bulls,15,15,94.356,96.808,0.025986689
2022,19,2022-19,United States Grand Prix,MAG,Haas F1 Team,16,16,94.356,96.949,0.027481029
2022,19,2022-19,United States Grand Prix,RIC,McLaren,17,17,94.356,97.046,0.028509051
2022,19,2022-19,United States Grand Prix,OCO,Alpine,18,18,94.356,97.068,0.02874221
2022,19,2022-19,United States Grand Prix,MSC,Haas F1 Team,19,19,94.356,97.111,0.029197931
2022,19,2022-19,United States Grand Prix,LAT,Williams,20,20,94.356,97.244,0.030607487
2022,20,2022-20,Mexico City Grand Prix,VER,Red Bull Racing,1,1,77.775,77.775,0
2022,20,2022-20,Mexico City Grand Prix,RUS,Mercedes,2,2,77.775,78.079,0.003908711
2022,20,2022-20,Mexico City Grand Prix,HAM,Mercedes,3,3,77.775,78.084,0.003972999
2022,20,2022-20,Mexico City Grand Prix,PER,Red Bull Racing,4,4,77.775,78.128,0.004538734
2022,20,2022-20,Mexico City Grand Prix,SAI,Ferrari,5,5,77.775,78.351,0.007405979
2022,20,2022-20,Mexico City Grand Prix,BOT,Kick Sauber,6,6,77.775,78.401,0.008048859
2022,20,2022-20,Mexico City Grand Prix,LEC,Ferrari,7,7,77.775,78.555,0.01002893
2022,20,2022-20,Mexico City Grand Prix,NOR,McLaren,8,8,77.775,78.721,0.012163292
2022,20,2022-20,Mexico City Grand Prix,ALO,Alpine,9,9,77.775,78.939,0.014966249
2022,20,2022-20,Mexico City Grand Prix,OCO,Alpine,10,10,77.775,79.01,0.015879139
2022,20,2022-20,Mexico City Grand Prix,RIC,McLaren,11,11,77.775,79.325,0.019929283
2022,20,2022-20,Mexico City Grand Prix,ZHO,Kick Sauber,12,12,77.775,79.476,0.021870781
2022,20,2022-20,Mexico City Grand Prix,TSU,Racing Bulls,13,13,77.775,79.589,0.02332369
2022,20,2022-20,Mexico City Grand Prix,GAS,Racing Bulls,14,14,77.775,79.672,0.024390871
2022,20,2022-20,Mexico City Grand Prix,MAG,Haas F1 Team,15,15,77.775,79.833,0.026460945
2022,20,2022-20,Mexico City Grand Prix,MSC,Haas F1 Team,16,16,77.775,80.419,0.0339955
2022,20,2022-20,Mexico City Grand Prix,VET,Aston Martin,17,16,77.775,80.419,0.0339955
2022,20,2022-20,Mexico City Grand Prix,STR,Aston Martin,18,18,77.775,80.52,0.035294118
2022,20,2022-20,Mexico City Grand Prix,ALB,Williams,19,19,77.775,80.859,0.039652845
2022,20,2022-20,Mexico City Grand Prix,LAT,Williams,20,20,77.775,81.167,0.043612986
2022,21,2022-21,São Paulo Grand Prix,MAG,Haas F1 Team,1,7,70.881,71.41,0.007463213
2022,21,2022-21,São Paulo Grand Prix,VER,Red Bull Racing,2,1,70.881,70.881,0
2022,21,2022-21,São Paulo Grand Prix,RUS,Mercedes,3,4,70.881,71.318,0.006165263
2022,21,2022-21,São Paulo Grand Prix,NOR,McLaren,4,5,70.881,71.377,0.006997644
2022,21,2022-21,São Paulo Grand Prix,SAI,Ferrari,5,2,70.881,70.89,0.000126973
2022,21,2022-21,São Paulo Grand Prix,OCO,Alpine,6,10,70.881,71.587,0.009960356
2022,21,2022-21,São Paulo Grand Prix,ALO,Alpine,7,6,70.881,71.394,0.007237483
2022,21,2022-21,São Paulo Grand Prix,HAM,Mercedes,8,9,70.881,71.539,0.009283165
2022,21,2022-21,São Paulo Grand Prix,PER,Red Bull Racing,9,8,70.881,71.456,0.008112188
2022,21,2022-21,São Paulo Grand Prix,LEC,Ferrari,10,3,70.881,70.95,0.000973463
2022,21,2022-21,São Paulo Grand Prix,ALB,Williams,11,11,70.881,71.631,0.010581115
2022,21,2022-21,São Paulo Grand Prix,GAS,Racing Bulls,12,12,70.881,71.675,0.011201874
2022,21,2022-21,São Paulo Grand Prix,VET,Aston Martin,13,13,70.881,71.678,0.011244198
2022,21,2022-21,São Paulo Grand Prix,RIC,McLaren,14,14,70.881,72.14,0.017762165
2022,21,2022-21,São Paulo Grand Prix,STR,Aston Martin,15,15,70.881,72.21,0.018749735
2022,21,2022-21,São Paulo Grand Prix,LAT,Williams,16,16,70.881,75.095,0.059451757
2022,21,2022-21,São Paulo Grand Prix,ZHO,Kick Sauber,17,17,70.881,75.197,0.060890789
2022,21,2022-21,São Paulo Grand Prix,BOT,Kick Sauber,18,18,70.881,75.486,0.064968045
2022,21,2022-21,São Paulo Grand Prix,TSU,Racing Bulls,19,19,70.881,76.264,0.075944188
2022,21,2022-21,São Paulo Grand Prix,MSC,Haas F1 Team,20,20,70.881,76.361,0.077312679
2022,22,2022-22,Abu Dhabi Grand Prix,VER,Red Bull Racing,1,1,83.824,83.824,0
2022,22,2022-22,Abu Dhabi Grand Prix,PER,Red Bull Racing,2,2,83.824,84.052,0.002719985
2022,22,2022-22,Abu Dhabi Grand Prix,LEC,Ferrari,3,3,83.824,84.092,0.003197175
2022,22,2022-22,Abu Dhabi Grand Prix,SAI,Ferrari,4,4,83.824,84.242,0.004986639
2022,22,2022-22,Abu Dhabi Grand Prix,HAM,Mercedes,5,5,83.824,84.508,0.008159954
2022,22,2022-22,Abu Dhabi Grand Prix,RUS,Mercedes,6,6,83.824,84.511,0.008195743
2022,22,2022-22,Abu Dhabi Grand Prix,NOR,McLaren,7,7,83.824,84.769,0.011273621
2022,22,2022-22,Abu Dhabi Grand Prix,OCO,Alpine,8,8,83.824,84.83,0.012001336
2022,22,2022-22,Abu Dhabi Grand Prix,VET,Aston Martin,9,9,83.824,84.961,0.013564134
2022,22,2022-22,Abu Dhabi Grand Prix,RIC,McLaren,10,10,83.824,85.045,0.014566234
2022,22,2022-22,Abu Dhabi Grand Prix,ALO,Alpine,11,11,83.824,85.096,0.015174652
2022,22,2022-22,Abu Dhabi Grand Prix,TSU,Racing Bulls,12,12,83.824,85.219,0.016642012
2022,22,2022-22,Abu Dhabi Grand Prix,MSC,Haas F1 Team,13,13,83.824,85.225,0.01671359
2022,22,2022-22,Abu Dhabi Grand Prix,STR,Aston Martin,14,14,83.824,85.359,0.018312178
2022,22,2022-22,Abu Dhabi Grand Prix,ZHO,Kick Sauber,15,15,83.824,85.408,0.018896736
2022,22,2022-22,Abu Dhabi Grand Prix,MAG,Haas F1 Team,16,16,83.824,85.834,0.023978813
2022,22,2022-22,Abu Dhabi Grand Prix,GAS,Racing Bulls,17,17,83.824,85.859,0.024277057
2022,22,2022-22,Abu Dhabi Grand Prix,BOT,Kick Sauber,18,18,83.824,85.892,0.024670739
2022,22,2022-22,Abu Dhabi Grand Prix,ALB,Williams,19,19,83.824,86.028,0.026293186
2022,22,2022-22,Abu Dhabi Grand Prix,LAT,Williams,20,20,83.824,86.054,0.026603359
2023,1,2023-01,Bahrain Grand Prix,VER,Red Bull Racing,1,1,89.708,89.708,0
2023,1,2023-01,Bahrain Grand Prix,PER,Red Bull Racing,2,2,89.708,89.846,0.001538324
2023,1,2023-01,Bahrain Grand Prix,LEC,Ferrari,3,3,89.708,90,0.003255005
2023,1,2023-01,Bahrain Grand Prix,SAI,Ferrari,4,4,89.708,90.154,0.004971686
2023,1,2023-01,Bahrain Grand Prix,ALO,Aston Martin,5,5,89.708,90.336,0.00700049
2023,1,2023-01,Bahrain Grand Prix,RUS,Mercedes,6,6,89.708,90.34,0.00704508
2023,1,2023-01,Bahrain Grand Prix,HAM,Mercedes,7,7,89.708,90.384,0.00753556
2023,1,2023-01,Bahrain Grand Prix,STR,Aston Martin,8,9,89.708,90.836,0.012574129
2023,1,2023-01,Bahrain Grand Prix,OCO,Alpine,9,10,89.708,90.914,0.013443617
2023,1,2023-01,Bahrain Grand Prix,HUL,Haas F1 Team,10,8,89.708,90.809,0.012273153
2023,1,2023-01,Bahrain Grand Prix,NOR,McLaren,11,11,89.708,91.381,0.018649396
2023,1,2023-01,Bahrain Grand Prix,BOT,Kick Sauber,12,13,89.708,91.443,0.019340527
2023,1,2023-01,Bahrain Grand Prix,ZHO,Kick Sauber,13,15,89.708,91.473,0.019674945
2023,1,2023-01,Bahrain Grand Prix,TSU,Racing Bulls,14,12,89.708,91.4,0.018861194
2023,1,2023-01,Bahrain Grand Prix,ALB,Williams,15,14,89.708,91.461,0.019541178
2023,1,2023-01,Bahrain Grand Prix,SAR,Williams,16,16,89.708,91.652,0.021670308
2023,1,2023-01,Bahrain Grand Prix,MAG,Haas F1 Team,17,17,89.708,91.892,0.024345655
2023,1,2023-01,Bahrain Grand Prix,PIA,McLaren,18,18,89.708,92.101,0.026675436
2023,1,2023-01,Bahrain Grand Prix,DEV,Racing Bulls,19,19,89.708,92.121,0.026898381
2023,1,2023-01,Bahrain Grand Prix,GAS,Alpine,20,20,89.708,92.181,0.027567218
2023,2,2023-02,Saudi Arabian Grand Prix,PER,Red Bull Racing,1,1,88.265,88.265,0
2023,2,2023-02,Saudi Arabian Grand Prix,LEC,Ferrari,2,2,88.265,88.42,0.001756075
2023,2,2023-02,Saudi Arabian Grand Prix,ALO,Aston Martin,3,3,88.265,88.73,0.005268226
2023,2,2023-02,Saudi Arabian Grand Prix,RUS,Mercedes,4,5,88.265,88.857,0.006707075
2023,2,2023-02,Saudi Arabian Grand Prix,SAI,Ferrari,5,6,88.265,88.931,0.00754546
2023,2,2023-02,Saudi Arabian Grand Prix,STR,Aston Martin,6,7,88.265,88.945,0.007704073
2023,2,2023-02,Saudi Arabian Grand Prix,OCO,Alpine,7,8,88.265,89.078,0.009210899
2023,2,2023-02,Saudi Arabian Grand Prix,HAM,Mercedes,8,9,88.265,89.223,0.010853679
2023,2,2023-02,Saudi Arabian Grand Prix,PIA,McLaren,9,10,88.265,89.243,0.01108027
2023,2,2023-02,Saudi Arabian Grand Prix,GAS,Alpine,10,11,88.265,89.357,0.012371835
2023,2,2023-02,Saudi Arabian Grand Prix,HUL,Haas F1 Team,11,12,88.265,89.451,0.01343681
2023,2,2023-02,Saudi Arabian Grand Prix,ZHO,Kick Sauber,12,13,88.265,89.461,0.013550105
2023,2,2023-02,Saudi Arabian Grand Prix,MAG,Haas F1 Team,13,14,88.265,89.634,0.015510112
2023,2,2023-02,Saudi Arabian Grand Prix,BOT,Kick Sauber,14,15,88.265,89.668,0.015895315
2023,2,2023-02,Saudi Arabian Grand Prix,VER,Red Bull Racing,15,4,88.265,88.761,0.005619441
2023,2,2023-02,Saudi Arabian Grand Prix,TSU,Racing Bulls,16,16,88.265,89.939,0.018965615
2023,2,2023-02,Saudi Arabian Grand Prix,ALB,Williams,17,17,88.265,89.994,0.019588738
2023,2,2023-02,Saudi Arabian Grand Prix,DEV,Racing Bulls,18,18,88.265,90.244,0.022421118
2023,2,2023-02,Saudi Arabian Grand Prix,NOR,McLaren,19,19,88.265,90.447,0.024721011
2023,2,2023-02,Saudi Arabian Grand Prix,SAR,Williams,20,20,88.265,128.51,0.455956495
2023,3,2023-03,Australian Grand Prix,VER,Red Bull Racing,1,1,76.732,76.732,0
2023,3,2023-03,Australian Grand Prix,RUS,Mercedes,2,2,76.732,76.968,0.00307564
2023,3,2023-03,Australian Grand Prix,HAM,Mercedes,3,3,76.732,77.104,0.004848043
2023,3,2023-03,Australian Grand Prix,ALO,Aston Martin,4,4,76.732,77.139,0.005304176
2023,3,2023-03,Australian Grand Prix,SAI,Ferrari,5,5,76.732,77.27,0.007011416
2023,3,2023-03,Australian Grand Prix,STR,Aston Martin,6,6,76.732,77.308,0.007506647
2023,3,2023-03,Australian Grand Prix,LEC,Ferrari,7,7,76.732,77.369,0.008301621
2023,3,2023-03,Australian Grand Prix,ALB,Williams,8,10,76.732,77.609,0.011429391
2023,3,2023-03,Australian Grand Prix,GAS,Alpine,9,9,76.732,77.574,0.010973258
2023,3,2023-03,Australian Grand Prix,HUL,Haas F1 Team,10,8,76.732,77.412,0.008862013
2023,3,2023-03,Australian Grand Prix,OCO,Alpine,11,11,76.732,77.768,0.013501538
2023,3,2023-03,Australian Grand Prix,TSU,Racing Bulls,12,12,76.732,78.099,0.017815253
2023,3,2023-03,Australian Grand Prix,NOR,McLaren,13,13,76.732,78.119,0.018075901
2023,3,2023-03,Australian Grand Prix,MAG,Haas F1 Team,14,14,76.732,78.129,0.018206224
2023,3,2023-03,Australian Grand Prix,DEV,Racing Bulls,15,15,76.732,78.335,0.020890893
2023,3,2023-03,Australian Grand Prix,PIA,McLaren,16,16,76.732,78.517,0.023262785
2023,3,2023-03,Australian Grand Prix,ZHO,Kick Sauber,17,17,76.732,78.54,0.023562529
2023,3,2023-03,Australian Grand Prix,SAR,Williams,18,18,76.732,78.557,0.02378408
2023,3,2023-03,Australian Grand Prix,BOT,Kick Sauber,19,19,76.732,78.714,0.025830162
2023,4,2023-04,Azerbaijan Grand Prix,LEC,Ferrari,1,1,100.203,100.203,0
2023,4,2023-04,Azerbaijan Grand Prix,VER,Red Bull Racing,2,2,100.203,100.391,0.001876191
2023,4,2023-04,Azerbaijan Grand Prix,PER,Red Bull Racing,3,3,100.203,100.495,0.002914084
2023,4,2023-04,Azerbaijan Grand Prix,SAI,Ferrari,4,4,100.203,101.016,0.00811353
2023,4,2023-04,Azerbaijan Grand Prix,HAM,Mercedes,5,5,100.203,101.177,0.009720268
2023,4,2023-04,Azerbaijan Grand Prix,ALO,Aston Martin,6,6,100.203,101.253,0.010478728
2023,4,2023-04,Azerbaijan Grand Prix,NOR,McLaren,7,7,100.203,101.281,0.010758161
2023,4,2023-04,Azerbaijan Grand Prix,TSU,Racing Bulls,8,8,100.203,101.569,0.013632326
2023,4,2023-04,Azerbaijan Grand Prix,STR,Aston Martin,9,9,100.203,101.576,0.013702185
2023,4,2023-04,Azerbaijan Grand Prix,PIA,McLaren,10,10,100.203,101.611,0.014051476
2023,4,2023-04,Azerbaijan Grand Prix,RUS,Mercedes,11,11,100.203,101.654,0.014480604
2023,4,2023-04,Azerbaijan Grand Prix,OCO,Alpine,12,12,100.203,101.798,0.015917687
2023,4,2023-04,Azerbaijan Grand Prix,ALB,Williams,13,13,100.203,101.818,0.016117282
2023,4,2023-04,Azerbaijan Grand Prix,BOT,Kick Sauber,14,15,100.203,102.259,0.020518348
2023,4,2023-04,Azerbaijan Grand Prix,SAR,Williams,15,14,100.203,102.242,0.020348692
2023,4,2023-04,Azerbaijan Grand Prix,ZHO,Kick Sauber,16,16,100.203,102.642,0.024340589
2023,4,2023-04,Azerbaijan Grand Prix,HUL,Haas F1 Team,17,17,100.203,102.755,0.025468299
2023,4,2023-04,Azerbaijan Grand Prix,MAG,Haas F1 Team,18,18,100.203,103.417,0.032074888
2023,4,2023-04,Azerbaijan Grand Prix,GAS,Alpine,19,19,100.203,104.853,0.046405796
2023,4,2023-04,Azerbaijan Grand Prix,DEV,Racing Bulls,20,20,100.203,115.282,0.150484516
2023,5,2023-05,Miami Grand Prix,PER,Red Bull Racing,1,2,86.814,86.841,0.00031101
2023,5,2023-05,Miami Grand Prix,ALO,Aston Martin,2,4,86.814,87.097,0.003259843
2023,5,2023-05,Miami Grand Prix,SAI,Ferrari,3,5,86.814,87.148,0.003847306
2023,5,2023-05,Miami Grand Prix,MAG,Haas F1 Team,4,9,86.814,87.673,0.009894717
2023,5,2023-05,Miami Grand Prix,GAS,Alpine,5,8,86.814,87.612,0.009192066
2023,5,2023-05,Miami Grand Prix,RUS,Mercedes,6,10,86.814,87.743,0.010701039
2023,5,2023-05,Miami Grand Prix,LEC,Ferrari,7,3,86.814,86.964,0.001727832
2023,5,2023-05,Miami Grand Prix,OCO,Alpine,8,6,86.814,87.444,0.007256894
2023,5,2023-05,Miami Grand Prix,VER,Red Bull Racing,9,1,86.814,86.814,0
2023,5,2023-05,Miami Grand Prix,BOT,Kick Sauber,10,7,86.814,87.564,0.00863916
2023,5,2023-05,Miami Grand Prix,ALB,Williams,11,11,86.814,87.795,0.011300021
2023,5,2023-05,Miami Grand Prix,HUL,Haas F1 Team,12,13,86.814,87.903,0.01254406
2023,5,2023-05,Miami Grand Prix,HAM,Mercedes,13,12,86.814,87.846,0.011887484
2023,5,2023-05,Miami Grand Prix,ZHO,Kick Sauber,14,14,86.814,88.091,0.014709609
2023,5,2023-05,Miami Grand Prix,DEV,Racing Bulls,15,15,86.814,88.325,0.017405027
2023,5,2023-05,Miami Grand Prix,NOR,McLaren,16,16,86.814,88.394,0.01819983
2023,5,2023-05,Miami Grand Prix,TSU,Racing Bulls,17,17,86.814,88.429,0.01860299
2023,5,2023-05,Miami Grand Prix,STR,Aston Martin,18,18,86.814,88.476,0.019144378
2023,5,2023-05,Miami Grand Prix,PIA,McLaren,19,19,86.814,88.484,0.019236529
2023,5,2023-05,Miami Grand Prix,SAR,Williams,20,20,86.814,88.577,0.020307784
2023,6,2023-06,Monaco Grand Prix,VER,Red Bull Racing,1,1,71.365,71.365,0
2023,6,2023-06,Monaco Grand Prix,ALO,Aston Martin,2,2,71.365,71.449,0.001177048
2023,6,2023-06,Monaco Grand Prix,LEC,Ferrari,3,3,71.365,71.471,0.001485322
2023,6,2023-06,Monaco Grand Prix,OCO,Alpine,4,4,71.365,71.553,0.002634345
2023,6,2023-06,Monaco Grand Prix,SAI,Ferrari,5,5,71.365,71.63,0.003713305
2023,6,2023-06,Monaco Grand Prix,HAM,Mercedes,6,6,71.365,71.725,0.00504449
2023,6,2023-06,Monaco Grand Prix,GAS,Alpine,7,7,71.365,71.933,0.007959084
2023,6,2023-06,Monaco Grand Prix,RUS,Mercedes,8,8,71.365,71.964,0.00839347
2023,6,2023-06,Monaco Grand Prix,TSU,Racing Bulls,9,9,71.365,72.082,0.010046942
2023,6,2023-06,Monaco Grand Prix,NOR,McLaren,10,10,71.365,72.254,0.012457087
2023,6,2023-06,Monaco Grand Prix,PIA,McLaren,11,11,71.365,72.395,0.014432845
2023,6,2023-06,Monaco Grand Prix,DEV,Racing Bulls,12,12,71.365,72.428,0.014895257
2023,6,2023-06,Monaco Grand Prix,ALB,Williams,13,13,71.365,72.527,0.016282491
2023,6,2023-06,Monaco Grand Prix,STR,Aston Martin,14,14,71.365,72.623,0.017627689
2023,6,2023-06,Monaco Grand Prix,BOT,Kick Sauber,15,15,71.365,72.625,0.017655714
2023,6,2023-06,Monaco Grand Prix,SAR,Williams,16,16,71.365,73.113,0.024493799
2023,6,2023-06,Monaco Grand Prix,MAG,Haas F1 Team,17,17,71.365,73.27,0.026693757
2023,6,2023-06,Monaco Grand Prix,HUL,Haas F1 Team,18,18,71.365,73.279,0.02681987
2023,6,2023-06,Monaco Grand Prix,ZHO,Kick Sauber,19,19,71.365,73.523,0.030238913
2023,6,2023-06,Monaco Grand Prix,PER,Red Bull Racing,20,20,71.365,73.85,0.034820991
2023,7,2023-07,Spanish Grand Prix,VER,Red Bull Racing,1,1,72.272,72.272,0
2023,7,2023-07,Spanish Grand Prix,SAI,Ferrari,2,2,72.272,72.734,0.006392517
2023,7,2023-07,Spanish Grand Prix,NOR,McLaren,3,3,72.272,72.776,0.006973655
2023,7,2023-07,Spanish Grand Prix,GAS,Alpine,4,4,72.272,72.816,0.00752712
2023,7,2023-07,Spanish Grand Prix,HAM,Mercedes,5,5,72.272,72.818,0.007554793
2023,7,2023-07,Spanish Grand Prix,STR,Aston Martin,6,6,72.272,72.994,0.009990038
2023,7,2023-07,Spanish Grand Prix,OCO,Alpine,7,7,72.272,73.001,0.010086894
2023,7,2023-07,Spanish Grand Prix,HUL,Haas F1 Team,8,10,72.272,73.229,0.013241643
2023,7,2023-07,Spanish Grand Prix,ALO,Aston Martin,9,9,72.272,73.098,0.011429046
2023,7,2023-07,Spanish Grand Prix,PIA,McLaren,10,8,72.272,73.059,0.010889418
2023,7,2023-07,Spanish Grand Prix,PER,Red Bull Racing,11,12,72.272,73.334,0.014694487
2023,7,2023-07,Spanish Grand Prix,RUS,Mercedes,12,11,72.272,73.326,0.014583795
2023,7,2023-07,Spanish Grand Prix,ZHO,Kick Sauber,13,13,72.272,73.521,0.017281935
2023,7,2023-07,Spanish Grand Prix,DEV,Racing Bulls,14,14,72.272,73.581,0.018112132
2023,7,2023-07,Spanish Grand Prix,TSU,Racing Bulls,15,15,72.272,73.862,0.022000221
2023,7,2023-07,Spanish Grand Prix,BOT,Kick Sauber,16,16,72.272,73.977,0.023591432
2023,7,2023-07,Spanish Grand Prix,MAG,Haas F1 Team,17,17,72.272,74.042,0.024490812
2023,7,2023-07,Spanish Grand Prix,ALB,Williams,18,18,72.272,74.063,0.024781381
2023,7,2023-07,Spanish Grand Prix,LEC,Ferrari,19,19,72.272,74.079,0.025002767
2023,7,2023-07,Spanish Grand Prix,SAR,Williams,20,20,72.272,74.699,0.03358147
2023,8,2023-08,Canadian Grand Prix,VER,Red Bull Racing,1,2,78.725,79.092,0.004661797
2023,8,2023-08,Canadian Grand Prix,HUL,Haas F1 Team,2,8,78.725,80.305,0.020069863
2023,8,2023-08,Canadian Grand Prix,ALO,Aston Martin,3,5,78.725,79.776,0.01335027
2023,8,2023-08,Canadian Grand Prix,HAM,Mercedes,4,10,78.725,80.426,0.021606859
2023,8,2023-08,Canadian Grand Prix,RUS,Mercedes,5,7,78.725,80.098,0.017440457
2023,8,2023-08,Canadian Grand Prix,OCO,Alpine,6,9,78.725,80.406,0.02135281
2023,8,2023-08,Canadian Grand Prix,NOR,McLaren,7,3,78.725,79.347,0.007900921
2023,8,2023-08,Canadian Grand Prix,SAI,Ferrari,8,6,78.725,79.856,0.014366466
2023,8,2023-08,Canadian Grand Prix,PIA,McLaren,9,4,78.725,79.659,0.011864084
2023,8,2023-08,Canadian Grand Prix,ALB,Williams,10,1,78.725,78.725,0
2023,8,2023-08,Canadian Grand Prix,LEC,Ferrari,11,11,78.725,80.615,0.024007621
2023,8,2023-08,Canadian Grand Prix,PER,Red Bull Racing,12,12,78.725,80.959,0.028377263
2023,8,2023-08,Canadian Grand Prix,STR,Aston Martin,13,13,78.725,81.484,0.035046046
2023,8,2023-08,Canadian Grand Prix,MAG,Haas F1 Team,14,14,78.725,81.678,0.037510321
2023,8,2023-08,Canadian Grand Prix,BOT,Kick Sauber,15,15,78.725,81.821,0.03932677
2023,8,2023-08,Canadian Grand Prix,TSU,Racing Bulls,16,16,78.725,82.746,0.051076532
2023,8,2023-08,Canadian Grand Prix,GAS,Alpine,17,17,78.725,82.886,0.052854875
2023,8,2023-08,Canadian Grand Prix,DEV,Racing Bulls,18,18,78.725,83.137,0.056043188
2023,8,2023-08,Canadian Grand Prix,SAR,Williams,19,19,78.725,83.337,0.058583677
2023,8,2023-08,Canadian Grand Prix,ZHO,Kick Sauber,20,20,78.725,83.342,0.05864719
2023,9,2023-09,Austrian Grand Prix,VER,Red Bull Racing,1,1,64.391,64.391,0
2023,9,2023-09,Austrian Grand Prix,LEC,Ferrari,2,2,64.391,64.439,0.000745446
2023,9,2023-09,Austrian Grand Prix,SAI,Ferrari,3,3,64.391,64.581,0.002950723
2023,9,2023-09,Austrian Grand Prix,NOR,McLaren,4,4,64.391,64.658,0.004146542
2023,9,2023-09,Austrian Grand Prix,HAM,Mercedes,5,5,64.391,64.819,0.006646892
2023,9,2023-09,Austrian Grand Prix,STR,Aston Martin,6,6,64.391,64.893,0.007796121
2023,9,2023-09,Austrian Grand Prix,ALO,Aston Martin,7,7,64.391,64.911,0.008075663
2023,9,2023-09,Austrian Grand Prix,HUL,Haas F1 Team,8,8,64.391,65.09,0.010855554
2023,9,2023-09,Austrian Grand Prix,GAS,Alpine,9,9,64.391,65.17,0.012097964
2023,9,2023-09,Austrian Grand Prix,ALB,Williams,10,11,64.391,65.387,0.015468
2023,9,2023-09,Austrian Grand Prix,RUS,Mercedes,11,12,64.391,65.428,0.016104735
2023,9,2023-09,Austrian Grand Prix,OCO,Alpine,12,13,64.391,65.453,0.016492988
2023,9,2023-09,Austrian Grand Prix,PIA,McLaren,13,14,64.391,65.605,0.018853566
2023,9,2023-09,Austrian Grand Prix,BOT,Kick Sauber,14,15,64.391,65.68,0.020018326
2023,9,2023-09,Austrian Grand Prix,PER,Red Bull Racing,15,10,64.391,65.177,0.012206675
2023,9,2023-09,Austrian Grand Prix,TSU,Racing Bulls,16,16,64.391,65.784,0.021633458
2023,9,2023-09,Austrian Grand Prix,ZHO,Kick Sauber,17,17,64.391,65.818,0.022161482
2023,9,2023-09,Austrian Grand Prix,SAR,Williams,18,18,64.391,65.948,0.024180398
2023,9,2023-09,Austrian Grand Prix,MAG,Haas F1 Team,19,19,64.391,65.971,0.024537591
2023,9,2023-09,Austrian Grand Prix,DEV,Racing Bulls,20,20,64.391,65.974,0.024584181
2023,10,2023-10,British Grand Prix,VER,Red Bull Racing,1,1,86.72,86.72,0
2023,10,2023-10,British Grand Prix,NOR,McLaren,2,2,86.72,86.961,0.002779059
2023,10,2023-10,British Grand Prix,PIA,McLaren,3,3,86.72,87.092,0.004289668
2023,10,2023-10,British Grand Prix,LEC,Ferrari,4,4,86.72,87.136,0.004797048
2023,10,2023-10,British Grand Prix,SAI,Ferrari,5,5,86.72,87.148,0.004935424
2023,10,2023-10,British Grand Prix,RUS,Mercedes,6,6,86.72,87.155,0.005016144
2023,10,2023-10,British Grand Prix,HAM,Mercedes,7,7,86.72,87.211,0.0056619
2023,10,2023-10,British Grand Prix,ALB,Williams,8,8,86.72,87.53,0.009340406
2023,10,2023-10,British Grand Prix,ALO,Aston Martin,9,9,86.72,87.659,0.010827952
2023,10,2023-10,British Grand Prix,GAS,Alpine,10,10,86.72,87.689,0.011173893
2023,10,2023-10,British Grand Prix,HUL,Haas F1 Team,11,11,86.72,88.896,0.025092251
2023,10,2023-10,British Grand Prix,STR,Aston Martin,12,12,86.72,88.935,0.025541974
2023,10,2023-10,British Grand Prix,OCO,Alpine,13,13,86.72,88.956,0.025784133
2023,10,2023-10,British Grand Prix,SAR,Williams,14,14,86.72,89.031,0.026648985
2023,10,2023-10,British Grand Prix,BOT,Kick Sauber,15,15,86.72,89.798,0.035493542
2023,10,2023-10,British Grand Prix,PER,Red Bull Racing,15,16,86.72,89.968,0.037453875
2023,10,2023-10,British Grand Prix,TSU,Racing Bulls,16,17,86.72,90.025,0.038111162
2023,10,2023-10,British Grand Prix,ZHO,Kick Sauber,17,18,86.72,90.123,0.039241236
2023,10,2023-10,British Grand Prix,DEV,Racing Bulls,18,19,86.72,90.513,0.043738469
2023,10,2023-10,British Grand Prix,MAG,Haas F1 Team,19,20,86.72,92.378,0.065244465
2023,11,2023-11,Hungarian Grand Prix,HAM,Mercedes,1,1,76.609,76.609,0
2023,11,2023-11,Hungarian Grand Prix,VER,Red Bull Racing,2,2,76.609,76.612,3.92E-05
2023,11,2023-11,Hungarian Grand Prix,NOR,McLaren,3,3,76.609,76.694,0.00110953
2023,11,2023-11,Hungarian Grand Prix,PIA,McLaren,4,4,76.609,76.905,0.003863776
2023,11,2023-11,Hungarian Grand Prix,ZHO,Kick Sauber,5,5,76.609,76.971,0.004725293
2023,11,2023-11,Hungarian Grand Prix,LEC,Ferrari,6,6,76.609,76.992,0.004999413
2023,11,2023-11,Hungarian Grand Prix,BOT,Kick Sauber,7,7,76.609,77.034,0.005547651
2023,11,2023-11,Hungarian Grand Prix,ALO,Aston Martin,8,8,76.609,77.035,0.005560704
2023,11,2023-11,Hungarian Grand Prix,PER,Red Bull Racing,9,9,76.609,77.045,0.005691237
2023,11,2023-11,Hungarian Grand Prix,HUL,Haas F1 Team,10,10,76.609,77.186,0.007531752
2023,11,2023-11,Hungarian Grand Prix,SAI,Ferrari,11,11,76.609,77.703,0.014280306
2023,11,2023-11,Hungarian Grand Prix,OCO,Alpine,12,12,76.609,77.841,0.016081661
2023,11,2023-11,Hungarian Grand Prix,RIC,Racing Bulls,13,13,76.609,78.002,0.018183242
2023,11,2023-11,Hungarian Grand Prix,STR,Aston Martin,14,14,76.609,78.144,0.02003681
2023,11,2023-11,Hungarian Grand Prix,GAS,Alpine,15,15,76.609,78.217,0.020989701
2023,11,2023-11,Hungarian Grand Prix,ALB,Williams,16,16,76.609,78.917,0.030127009
2023,11,2023-11,Hungarian Grand Prix,TSU,Racing Bulls,17,17,76.609,78.919,0.030153115
2023,11,2023-11,Hungarian Grand Prix,RUS,Mercedes,18,18,76.609,79.027,0.031562871
2023,11,2023-11,Hungarian Grand Prix,MAG,Haas F1 Team,19,19,76.609,79.206,0.033899411
2023,11,2023-11,Hungarian Grand Prix,SAR,Williams,20,20,76.609,79.248,0.03444765
2023,12,2023-12,Belgian Grand Prix,VER,Red Bull Racing,1,1,106.168,106.168,0
2023,12,2023-12,Belgian Grand Prix,LEC,Ferrari,2,2,106.168,106.988,0.007723608
2023,12,2023-12,Belgian Grand Prix,PER,Red Bull Racing,3,3,106.168,107.045,0.008260493
2023,12,2023-12,Belgian Grand Prix,HAM,Mercedes,4,4,106.168,107.087,0.008656092
2023,12,2023-12,Belgian Grand Prix,SAI,Ferrari,5,5,106.168,107.152,0.009268329
2023,12,2023-12,Belgian Grand Prix,PIA,McLaren,6,6,106.168,107.365,0.011274584
2023,12,2023-12,Belgian Grand Prix,NOR,McLaren,7,7,106.168,107.669,0.01413797
2023,12,2023-12,Belgian Grand Prix,RUS,Mercedes,8,8,106.168,107.805,0.015418959
2023,12,2023-12,Belgian Grand Prix,ALO,Aston Martin,9,9,106.168,107.843,0.015776882
2023,12,2023-12,Belgian Grand Prix,STR,Aston Martin,10,10,106.168,108.841,0.025177078
2023,12,2023-12,Belgian Grand Prix,TSU,Racing Bulls,11,11,106.168,113.148,0.065744857
2023,12,2023-12,Belgian Grand Prix,GAS,Alpine,12,12,106.168,113.671,0.070671012
2023,12,2023-12,Belgian Grand Prix,MAG,Haas F1 Team,13,13,106.168,114.16,0.07527692
2023,12,2023-12,Belgian Grand Prix,BOT,Kick Sauber,14,14,106.168,114.694,0.080306684
2023,12,2023-12,Belgian Grand Prix,OCO,Alpine,15,15,106.168,116.372,0.096111823
2023,12,2023-12,Belgian Grand Prix,ALB,Williams,16,16,106.168,120.314,0.133241655
2023,12,2023-12,Belgian Grand Prix,ZHO,Kick Sauber,17,17,106.168,120.832,0.138120714
2023,12,2023-12,Belgian Grand Prix,SAR,Williams,18,18,106.168,121.535,0.144742295
2023,12,2023-12,Belgian Grand Prix,RIC,Racing Bulls,19,19,106.168,122.159,0.150619772
2023,12,2023-12,Belgian Grand Prix,HUL,Haas F1 Team,20,20,106.168,123.166,0.16010474
2023,13,2023-13,Dutch Grand Prix,VER,Red Bull Racing,1,1,70.567,70.567,0
2023,13,2023-13,Dutch Grand Prix,NOR,McLaren,2,2,70.567,71.104,0.007609789
2023,13,2023-13,Dutch Grand Prix,RUS,Mercedes,3,3,70.567,71.294,0.010302266
2023,13,2023-13,Dutch Grand Prix,ALB,Williams,4,4,70.567,71.419,0.012073632
2023,13,2023-13,Dutch Grand Prix,ALO,Aston Martin,5,5,70.567,71.506,0.013306503
2023,13,2023-13,Dutch Grand Prix,SAI,Ferrari,6,6,70.567,71.754,0.016820894
2023,13,2023-13,Dutch Grand Prix,PER,Red Bull Racing,7,7,70.567,71.88,0.018606431
2023,13,2023-13,Dutch Grand Prix,PIA,McLaren,8,8,70.567,71.938,0.019428345
2023,13,2023-13,Dutch Grand Prix,LEC,Ferrari,9,9,70.567,72.665,0.029730611
2023,13,2023-13,Dutch Grand Prix,SAR,Williams,10,10,70.567,76.748,0.087590517
2023,13,2023-13,Dutch Grand Prix,STR,Aston Martin,11,11,70.567,80.121,0.135389063
2023,13,2023-13,Dutch Grand Prix,GAS,Alpine,12,12,70.567,80.128,0.135488259
2023,13,2023-13,Dutch Grand Prix,HAM,Mercedes,13,13,70.567,80.151,0.135814191
2023,13,2023-13,Dutch Grand Prix,TSU,Racing Bulls,14,14,70.567,80.23,0.136933694
2023,13,2023-13,Dutch Grand Prix,HUL,Haas F1 Team,15,15,70.567,80.25,0.137217113
2023,13,2023-13,Dutch Grand Prix,ZHO,Kick Sauber,16,16,70.567,82.067,0.162965692
2023,13,2023-13,Dutch Grand Prix,OCO,Alpine,17,17,70.567,82.11,0.163575042
2023,13,2023-13,Dutch Grand Prix,MAG,Haas F1 Team,18,18,70.567,82.192,0.164737058
2023,13,2023-13,Dutch Grand Prix,BOT,Kick Sauber,19,19,70.567,82.26,0.165700682
2023,13,2023-13,Dutch Grand Prix,LAW,Racing Bulls,20,20,70.567,83.42,0.18213896
2023,14,2023-14,Italian Grand Prix,SAI,Ferrari,1,1,80.294,80.294,0
2023,14,2023-14,Italian Grand Prix,VER,Red Bull Racing,2,2,80.294,80.307,0.000161905
2023,14,2023-14,Italian Grand Prix,LEC,Ferrari,3,3,80.294,80.361,0.000834433
2023,14,2023-14,Italian Grand Prix,RUS,Mercedes,4,4,80.294,80.671,0.004695245
2023,14,2023-14,Italian Grand Prix,PER,Red Bull Racing,5,5,80.294,80.688,0.004906967
2023,14,2023-14,Italian Grand Prix,ALB,Williams,6,6,80.294,80.76,0.005803672
2023,14,2023-14,Italian Grand Prix,PIA,McLaren,7,7,80.294,80.785,0.006115027
2023,14,2023-14,Italian Grand Prix,HAM,Mercedes,8,8,80.294,80.82,0.006550925
2023,14,2023-14,Italian Grand Prix,NOR,McLaren,9,9,80.294,80.979,0.008531148
2023,14,2023-14,Italian Grand Prix,ALO,Aston Martin,10,10,80.294,81.417,0.013986101
2023,14,2023-14,Italian Grand Prix,TSU,Racing Bulls,11,11,80.294,81.594,0.0161905
2023,14,2023-14,Italian Grand Prix,LAW,Racing Bulls,12,12,80.294,81.758,0.018232994
2023,14,2023-14,Italian Grand Prix,HUL,Haas F1 Team,13,13,80.294,81.776,0.01845717
2023,14,2023-14,Italian Grand Prix,BOT,Kick Sauber,14,15,80.294,81.94,0.020499664
2023,14,2023-14,Italian Grand Prix,SAR,Williams,15,14,80.294,81.93,0.020375121
2023,14,2023-14,Italian Grand Prix,ZHO,Kick Sauber,16,16,80.294,82.39,0.026104068
2023,14,2023-14,Italian Grand Prix,GAS,Alpine,17,17,80.294,82.545,0.028034473
2023,14,2023-14,Italian Grand Prix,OCO,Alpine,18,18,80.294,82.548,0.028071836
2023,14,2023-14,Italian Grand Prix,MAG,Haas F1 Team,19,19,80.294,82.592,0.028619822
2023,14,2023-14,Italian Grand Prix,STR,Aston Martin,20,20,80.294,82.86,0.031957556
2023,15,2023-15,Singapore Grand Prix,SAI,Ferrari,1,1,90.984,90.984,0
2023,15,2023-15,Singapore Grand Prix,RUS,Mercedes,2,2,90.984,91.056,0.000791348
2023,15,2023-15,Singapore Grand Prix,LEC,Ferrari,3,3,90.984,91.063,0.000868285
2023,15,2023-15,Singapore Grand Prix,NOR,McLaren,4,4,90.984,91.27,0.00314341
2023,15,2023-15,Singapore Grand Prix,HAM,Mercedes,5,5,90.984,91.485,0.005506463
2023,15,2023-15,Singapore Grand Prix,MAG,Haas F1 Team,6,6,90.984,91.575,0.006495648
2023,15,2023-15,Singapore Grand Prix,ALO,Aston Martin,7,7,90.984,91.615,0.006935285
2023,15,2023-15,Singapore Grand Prix,OCO,Alpine,8,8,90.984,91.673,0.00757276
2023,15,2023-15,Singapore Grand Prix,HUL,Haas F1 Team,9,9,90.984,91.808,0.009056537
2023,15,2023-15,Singapore Grand Prix,LAW,Racing Bulls,10,12,90.984,92.166,0.012991295
2023,15,2023-15,Singapore Grand Prix,VER,Red Bull Racing,11,13,90.984,92.173,0.013068232
2023,15,2023-15,Singapore Grand Prix,GAS,Alpine,12,14,90.984,92.274,0.014178317
2023,15,2023-15,Singapore Grand Prix,PER,Red Bull Racing,13,11,90.984,92.099,0.012254902
2023,15,2023-15,Singapore Grand Prix,ALB,Williams,14,15,90.984,92.668,0.018508749
2023,15,2023-15,Singapore Grand Prix,TSU,Racing Bulls,15,10,90.984,91.991,0.01106788
2023,15,2023-15,Singapore Grand Prix,BOT,Kick Sauber,16,16,90.984,92.809,0.020058472
2023,15,2023-15,Singapore Grand Prix,PIA,McLaren,17,17,90.984,92.902,0.02108063
2023,15,2023-15,Singapore Grand Prix,SAR,Williams,18,18,90.984,93.252,0.02492746
2023,15,2023-15,Singapore Grand Prix,ZHO,Kick Sauber,19,19,90.984,93.258,0.024993405
2023,15,2023-15,Singapore Grand Prix,STR,Aston Martin,20,20,90.984,93.397,0.026521147
2023,16,2023-16,Japanese Grand Prix,VER,Red Bull Racing,1,1,88.877,88.877,0
2023,16,2023-16,Japanese Grand Prix,PIA,McLaren,2,2,88.877,89.458,0.006537124
2023,16,2023-16,Japanese Grand Prix,NOR,McLaren,3,3,88.877,89.493,0.006930927
2023,16,2023-16,Japanese Grand Prix,LEC,Ferrari,4,4,88.877,89.542,0.007482251
2023,16,2023-16,Japanese Grand Prix,PER,Red Bull Racing,5,5,88.877,89.65,0.008697413
2023,16,2023-16,Japanese Grand Prix,SAI,Ferrari,6,6,88.877,89.85,0.010947714
2023,16,2023-16,Japanese Grand Prix,HAM,Mercedes,7,7,88.877,89.908,0.011600302
2023,16,2023-16,Japanese Grand Prix,RUS,Mercedes,8,9,88.877,90.219,0.01509952
2023,16,2023-16,Japanese Grand Prix,TSU,Racing Bulls,9,8,88.877,90.204,0.014930747
2023,16,2023-16,Japanese Grand Prix,ALO,Aston Martin,10,11,88.877,90.465,0.01786739
2023,16,2023-16,Japanese Grand Prix,LAW,Racing Bulls,11,10,88.877,90.425,0.01741733
2023,16,2023-16,Japanese Grand Prix,GAS,Alpine,12,12,88.877,90.509,0.018362456
2023,16,2023-16,Japanese Grand Prix,ALB,Williams,13,13,88.877,90.537,0.018677498
2023,16,2023-16,Japanese Grand Prix,OCO,Alpine,14,14,88.877,90.586,0.019228822
2023,16,2023-16,Japanese Grand Prix,MAG,Haas F1 Team,15,15,88.877,90.665,0.020117691
2023,16,2023-16,Japanese Grand Prix,BOT,Kick Sauber,16,16,88.877,91.049,0.024438269
2023,16,2023-16,Japanese Grand Prix,STR,Aston Martin,17,17,88.877,91.181,0.025923467
2023,16,2023-16,Japanese Grand Prix,HUL,Haas F1 Team,18,18,88.877,91.299,0.027251145
2023,16,2023-16,Japanese Grand Prix,ZHO,Kick Sauber,19,19,88.877,91.398,0.028365044
2023,17,2023-17,Qatar Grand Prix,VER,Red Bull Racing,1,1,83.778,83.778,0
2023,17,2023-17,Qatar Grand Prix,RUS,Mercedes,2,2,83.778,84.219,0.005263912
2023,17,2023-17,Qatar Grand Prix,HAM,Mercedes,3,3,83.778,84.305,0.006290434
2023,17,2023-17,Qatar Grand Prix,ALO,Aston Martin,4,4,83.778,84.369,0.007054358
2023,17,2023-17,Qatar Grand Prix,LEC,Ferrari,5,5,83.778,84.424,0.007710855
2023,17,2023-17,Qatar Grand Prix,PIA,McLaren,6,6,83.778,84.54,0.009095467
2023,17,2023-17,Qatar Grand Prix,GAS,Alpine,7,7,83.778,84.553,0.009250639
2023,17,2023-17,Qatar Grand Prix,OCO,Alpine,8,9,83.778,84.763,0.011757263
2023,17,2023-17,Qatar Grand Prix,BOT,Kick Sauber,9,10,83.778,85.058,0.015278474
2023,17,2023-17,Qatar Grand Prix,NOR,McLaren,10,8,83.778,84.685,0.010826231
2023,17,2023-17,Qatar Grand Prix,TSU,Racing Bulls,11,11,83.778,85.301,0.018178997
2023,17,2023-17,Qatar Grand Prix,SAI,Ferrari,12,12,83.778,85.328,0.018501277
2023,17,2023-17,Qatar Grand Prix,PER,Red Bull Racing,13,13,83.778,85.462,0.020100742
2023,17,2023-17,Qatar Grand Prix,ALB,Williams,14,14,83.778,85.707,0.023025138
2023,17,2023-17,Qatar Grand Prix,HUL,Haas F1 Team,15,15,83.778,85.783,0.023932297
2023,17,2023-17,Qatar Grand Prix,SAR,Williams,16,16,83.778,86.21,0.029029101
2023,17,2023-17,Qatar Grand Prix,STR,Aston Martin,17,17,83.778,86.345,0.030640502
2023,17,2023-17,Qatar Grand Prix,LAW,Racing Bulls,18,18,83.778,86.635,0.034102032
2023,17,2023-17,Qatar Grand Prix,MAG,Haas F1 Team,19,19,83.778,87.046,0.039007854
2023,17,2023-17,Qatar Grand Prix,ZHO,Kick Sauber,20,20,83.778,87.432,0.043615269
2023,18,2023-18,United States Grand Prix,LEC,Ferrari,1,1,94.723,94.723,0
2023,18,2023-18,United States Grand Prix,NOR,McLaren,2,2,94.723,94.853,0.001372423
2023,18,2023-18,United States Grand Prix,HAM,Mercedes,3,3,94.723,94.862,0.001467437
2023,18,2023-18,United States Grand Prix,SAI,Ferrari,4,4,94.723,94.945,0.002343676
2023,18,2023-18,United States Grand Prix,RUS,Mercedes,5,6,94.723,95.079,0.003758327
2023,18,2023-18,United States Grand Prix,VER,Red Bull Racing,6,5,94.723,95.008,0.003008773
2023,18,2023-18,United States Grand Prix,GAS,Alpine,7,7,94.723,95.089,0.003863898
2023,18,2023-18,United States Grand Prix,OCO,Alpine,8,8,94.723,95.154,0.004550109
2023,18,2023-18,United States Grand Prix,PER,Red Bull Racing,9,9,94.723,95.173,0.004750694
2023,18,2023-18,United States Grand Prix,PIA,McLaren,10,10,94.723,95.467,0.007854481
2023,18,2023-18,United States Grand Prix,TSU,Racing Bulls,11,11,94.723,95.697,0.010282614
2023,18,2023-18,United States Grand Prix,ZHO,Kick Sauber,12,12,94.723,95.698,0.010293171
2023,18,2023-18,United States Grand Prix,BOT,Kick Sauber,13,13,94.723,95.858,0.011982306
2023,18,2023-18,United States Grand Prix,MAG,Haas F1 Team,14,14,94.723,95.88,0.012214562
2023,18,2023-18,United States Grand Prix,RIC,Racing Bulls,15,15,94.723,95.974,0.01320693
2023,18,2023-18,United States Grand Prix,HUL,Haas F1 Team,16,16,94.723,96.235,0.015962332
2023,18,2023-18,United States Grand Prix,ALO,Aston Martin,17,17,94.723,96.268,0.016310717
2023,18,2023-18,United States Grand Prix,ALB,Williams,18,18,94.723,96.315,0.0168069
2023,18,2023-18,United States Grand Prix,STR,Aston Martin,19,19,94.723,96.589,0.019699545
2023,18,2023-18,United States Grand Prix,SAR,Williams,20,20,94.723,96.827,0.022212134
2023,19,2023-19,Mexico City Grand Prix,LEC,Ferrari,1,1,77.166,77.166,0
2023,19,2023-19,Mexico City Grand Prix,SAI,Ferrari,2,2,77.166,77.233,0.000868258
2023,19,2023-19,Mexico City Grand Prix,VER,Red Bull Racing,3,3,77.166,77.263,0.00125703
2023,19,2023-19,Mexico City Grand Prix,RIC,Racing Bulls,4,4,77.166,77.382,0.00279916
2023,19,2023-19,Mexico City Grand Prix,PER,Red Bull Racing,5,5,77.166,77.423,0.003330482
2023,19,2023-19,Mexico City Grand Prix,HAM,Mercedes,6,6,77.166,77.454,0.003732214
2023,19,2023-19,Mexico City Grand Prix,PIA,McLaren,7,7,77.166,77.623,0.005922297
2023,19,2023-19,Mexico City Grand Prix,RUS,Mercedes,8,8,77.166,77.673,0.006570251
2023,19,2023-19,Mexico City Grand Prix,BOT,Kick Sauber,9,9,77.166,78.016,0.011015214
2023,19,2023-19,Mexico City Grand Prix,ZHO,Kick Sauber,10,10,77.166,78.05,0.011455823
2023,19,2023-19,Mexico City Grand Prix,GAS,Alpine,11,11,77.166,78.521,0.017559547
2023,19,2023-19,Mexico City Grand Prix,HUL,Haas F1 Team,12,12,77.166,78.524,0.017598424
2023,19,2023-19,Mexico City Grand Prix,ALO,Aston Martin,13,13,77.166,78.738,0.020371666
2023,19,2023-19,Mexico City Grand Prix,ALB,Williams,14,14,77.166,78.828,0.021537983
2023,19,2023-19,Mexico City Grand Prix,TSU,Racing Bulls,15,15,77.166,78.89,0.022341446
2023,19,2023-19,Mexico City Grand Prix,OCO,Alpine,16,16,77.166,79.08,0.02480367
2023,19,2023-19,Mexico City Grand Prix,MAG,Haas F1 Team,17,17,77.166,79.163,0.025879273
2023,19,2023-19,Mexico City Grand Prix,STR,Aston Martin,18,18,77.166,79.227,0.026708654
2023,19,2023-19,Mexico City Grand Prix,NOR,McLaren,19,19,77.166,81.554,0.056864422
2023,20,2023-20,São Paulo Grand Prix,VER,Red Bull Racing,1,2,70.021,70.162,0.002013682
2023,20,2023-20,São Paulo Grand Prix,LEC,Ferrari,2,7,70.021,70.303,0.004027363
2023,20,2023-20,São Paulo Grand Prix,STR,Aston Martin,3,10,70.021,70.375,0.005055626
2023,20,2023-20,São Paulo Grand Prix,ALO,Aston Martin,4,4,70.021,70.237,0.003084789
2023,20,2023-20,São Paulo Grand Prix,HAM,Mercedes,5,6,70.021,70.266,0.00349895
2023,20,2023-20,São Paulo Grand Prix,RUS,Mercedes,6,8,70.021,70.316,0.004213022
2023,20,2023-20,São Paulo Grand Prix,NOR,McLaren,7,1,70.021,70.021,0
2023,20,2023-20,São Paulo Grand Prix,SAI,Ferrari,8,5,70.021,70.254,0.003327573
2023,20,2023-20,São Paulo Grand Prix,PER,Red Bull Racing,9,3,70.021,70.219,0.002827723
2023,20,2023-20,São Paulo Grand Prix,PIA,McLaren,10,9,70.021,70.33,0.004412962
2023,20,2023-20,São Paulo Grand Prix,HUL,Haas F1 Team,11,11,70.021,70.475,0.006483769
2023,20,2023-20,São Paulo Grand Prix,OCO,Alpine,12,12,70.021,70.562,0.007726254
2023,20,2023-20,São Paulo Grand Prix,GAS,Alpine,13,13,70.021,70.567,0.007797661
2023,20,2023-20,São Paulo Grand Prix,MAG,Haas F1 Team,14,14,70.021,70.602,0.008297511
2023,20,2023-20,São Paulo Grand Prix,ALB,Williams,15,15,70.021,70.621,0.008568858
2023,20,2023-20,São Paulo Grand Prix,TSU,Racing Bulls,16,16,70.021,70.837,0.011653647
2023,20,2023-20,São Paulo Grand Prix,RIC,Racing Bulls,17,17,70.021,70.843,0.011739335
2023,20,2023-20,São Paulo Grand Prix,BOT,Kick Sauber,18,18,70.021,70.955,0.013338855
2023,20,2023-20,São Paulo Grand Prix,SAR,Williams,19,19,70.021,71.035,0.01448137
2023,20,2023-20,São Paulo Grand Prix,ZHO,Kick Sauber,20,20,70.021,71.275,0.017908913
2023,21,2023-21,Las Vegas Grand Prix,LEC,Ferrari,1,1,92.726,92.726,0
2023,21,2023-21,Las Vegas Grand Prix,SAI,Ferrari,2,2,92.726,92.77,0.000474516
2023,21,2023-21,Las Vegas Grand Prix,VER,Red Bull Racing,3,3,92.726,93.104,0.004076527
2023,21,2023-21,Las Vegas Grand Prix,RUS,Mercedes,4,4,92.726,93.112,0.004162802
2023,21,2023-21,Las Vegas Grand Prix,GAS,Alpine,5,5,92.726,93.239,0.005532429
2023,21,2023-21,Las Vegas Grand Prix,ALB,Williams,6,6,92.726,93.323,0.006438324
2023,21,2023-21,Las Vegas Grand Prix,SAR,Williams,7,7,92.726,93.513,0.008487371
2023,21,2023-21,Las Vegas Grand Prix,BOT,Kick Sauber,8,8,92.726,93.525,0.008616785
2023,21,2023-21,Las Vegas Grand Prix,MAG,Haas F1 Team,9,9,92.726,93.537,0.008746198
2023,21,2023-21,Las Vegas Grand Prix,ALO,Aston Martin,10,10,92.726,93.555,0.008940319
2023,21,2023-21,Las Vegas Grand Prix,HAM,Mercedes,11,11,92.726,93.837,0.011981537
2023,21,2023-21,Las Vegas Grand Prix,PER,Red Bull Racing,12,12,92.726,93.855,0.012175657
2023,21,2023-21,Las Vegas Grand Prix,HUL,Haas F1 Team,13,13,92.726,93.979,0.013512931
2023,21,2023-21,Las Vegas Grand Prix,STR,Aston Martin,14,14,92.726,94.199,0.015885512
2023,21,2023-21,Las Vegas Grand Prix,RIC,Racing Bulls,15,15,92.726,94.308,0.017061018
2023,21,2023-21,Las Vegas Grand Prix,NOR,McLaren,16,16,92.726,94.703,0.021320881
2023,21,2023-21,Las Vegas Grand Prix,OCO,Alpine,17,17,92.726,94.834,0.022733645
2023,21,2023-21,Las Vegas Grand Prix,ZHO,Kick Sauber,18,18,92.726,94.849,0.022895412
2023,21,2023-21,Las Vegas Grand Prix,PIA,McLaren,19,19,92.726,94.85,0.022906197
2023,21,2023-21,Las Vegas Grand Prix,TSU,Racing Bulls,20,20,92.726,96.447,0.040128982
2023,22,2023-22,Abu Dhabi Grand Prix,VER,Red Bull Racing,1,1,83.445,83.445,0
2023,22,2023-22,Abu Dhabi Grand Prix,LEC,Ferrari,2,2,83.445,83.584,0.001665768
2023,22,2023-22,Abu Dhabi Grand Prix,PIA,McLaren,3,3,83.445,83.782,0.004038588
2023,22,2023-22,Abu Dhabi Grand Prix,RUS,Mercedes,4,4,83.445,83.788,0.004110492
2023,22,2023-22,Abu Dhabi Grand Prix,NOR,McLaren,5,5,83.445,83.816,0.004446042
2023,22,2023-22,Abu Dhabi Grand Prix,TSU,Racing Bulls,6,6,83.445,83.968,0.006267601
2023,22,2023-22,Abu Dhabi Grand Prix,ALO,Aston Martin,7,8,83.445,84.084,0.007657739
2023,22,2023-22,Abu Dhabi Grand Prix,HUL,Haas F1 Team,8,9,83.445,84.108,0.007945353
2023,22,2023-22,Abu Dhabi Grand Prix,PER,Red Bull Racing,9,10,83.445,84.116,0.008041225
2023,22,2023-22,Abu Dhabi Grand Prix,GAS,Alpine,10,7,83.445,84.078,0.007585835
2023,22,2023-22,Abu Dhabi Grand Prix,HAM,Mercedes,11,12,83.445,84.359,0.010953323
2023,22,2023-22,Abu Dhabi Grand Prix,OCO,Alpine,12,13,83.445,84.391,0.011336809
2023,22,2023-22,Abu Dhabi Grand Prix,STR,Aston Martin,13,14,83.445,84.405,0.011504584
2023,22,2023-22,Abu Dhabi Grand Prix,ALB,Williams,14,11,83.445,84.298,0.010222302
2023,22,2023-22,Abu Dhabi Grand Prix,RIC,Racing Bulls,15,15,83.445,84.442,0.01194799
2023,22,2023-22,Abu Dhabi Grand Prix,SAI,Ferrari,16,16,83.445,84.738,0.015495236
2023,22,2023-22,Abu Dhabi Grand Prix,MAG,Haas F1 Team,17,17,83.445,84.764,0.015806819
2023,22,2023-22,Abu Dhabi Grand Prix,BOT,Kick Sauber,18,18,83.445,84.788,0.016094433
2023,22,2023-22,Abu Dhabi Grand Prix,ZHO,Kick Sauber,19,19,83.445,85.159,0.020540476
2024,1,2024-01,Bahrain Grand Prix,VER,Red Bull Racing,1,2,89.165,89.179,0.000157012
2024,1,2024-01,Bahrain Grand Prix,LEC,Ferrari,2,1,89.165,89.165,0
2024,1,2024-01,Bahrain Grand Prix,RUS,Mercedes,3,3,89.165,89.485,0.003588852
2024,1,2024-01,Bahrain Grand Prix,SAI,Ferrari,4,4,89.165,89.507,0.003835586
2024,1,2024-01,Bahrain Grand Prix,PER,Red Bull Racing,5,5,89.165,89.537,0.004172041
2024,1,2024-01,Bahrain Grand Prix,ALO,Aston Martin,6,6,89.165,89.542,0.004228116
2024,1,2024-01,Bahrain Grand Prix,NOR,McLaren,7,7,89.165,89.614,0.005035608
2024,1,2024-01,Bahrain Grand Prix,PIA,McLaren,8,8,89.165,89.683,0.005809454
2024,1,2024-01,Bahrain Grand Prix,HAM,Mercedes,9,9,89.165,89.71,0.006112264
2024,1,2024-01,Bahrain Grand Prix,HUL,Haas F1 Team,10,10,89.165,89.851,0.007693602
2024,1,2024-01,Bahrain Grand Prix,TSU,Racing Bulls,11,12,89.165,90.129,0.010811417
2024,1,2024-01,Bahrain Grand Prix,STR,Aston Martin,12,11,89.165,89.965,0.00897213
2024,1,2024-01,Bahrain Grand Prix,ALB,Williams,13,13,89.165,90.221,0.011843212
2024,1,2024-01,Bahrain Grand Prix,RIC,Racing Bulls,14,14,89.165,90.278,0.012482476
2024,1,2024-01,Bahrain Grand Prix,MAG,Haas F1 Team,15,15,89.165,90.529,0.015297482
2024,1,2024-01,Bahrain Grand Prix,BOT,Kick Sauber,16,16,89.165,90.756,0.017843324
2024,1,2024-01,Bahrain Grand Prix,ZHO,Kick Sauber,17,17,89.165,90.757,0.017854539
2024,1,2024-01,Bahrain Grand Prix,SAR,Williams,18,18,89.165,90.77,0.018000336
2024,1,2024-01,Bahrain Grand Prix,OCO,Alpine,19,19,89.165,90.793,0.018258285
2024,1,2024-01,Bahrain Grand Prix,GAS,Alpine,20,20,89.165,90.948,0.019996635
2024,2,2024-02,Saudi Arabian Grand Prix,VER,Red Bull Racing,1,1,87.472,87.472,0
2024,2,2024-02,Saudi Arabian Grand Prix,LEC,Ferrari,2,2,87.472,87.791,0.003646881
2024,2,2024-02,Saudi Arabian Grand Prix,PER,Red Bull Racing,3,3,87.472,87.807,0.003829797
2024,2,2024-02,Saudi Arabian Grand Prix,ALO,Aston Martin,4,4,87.472,87.846,0.004275654
2024,2,2024-02,Saudi Arabian Grand Prix,PIA,McLaren,5,5,87.472,88.089,0.007053686
2024,2,2024-02,Saudi Arabian Grand Prix,NOR,McLaren,6,6,87.472,88.132,0.007545272
2024,2,2024-02,Saudi Arabian Grand Prix,RUS,Mercedes,7,8,87.472,88.316,0.009648802
2024,2,2024-02,Saudi Arabian Grand Prix,HAM,Mercedes,8,9,87.472,88.46,0.011295043
2024,2,2024-02,Saudi Arabian Grand Prix,TSU,Racing Bulls,9,10,87.472,88.547,0.012289647
2024,2,2024-02,Saudi Arabian Grand Prix,STR,Aston Martin,10,7,87.472,88.25,0.008894275
2024,2,2024-02,Saudi Arabian Grand Prix,BEA,Ferrari,11,11,87.472,88.642,0.013375709
2024,2,2024-02,Saudi Arabian Grand Prix,ALB,Williams,12,12,87.472,88.98,0.017239802
2024,2,2024-02,Saudi Arabian Grand Prix,MAG,Haas F1 Team,13,13,87.472,89.02,0.017697092
2024,2,2024-02,Saudi Arabian Grand Prix,RIC,Racing Bulls,14,14,87.472,89.025,0.017754253
2024,2,2024-02,Saudi Arabian Grand Prix,HUL,Haas F1 Team,15,15,87.472,89.055,0.01809722
2024,2,2024-02,Saudi Arabian Grand Prix,BOT,Kick Sauber,16,16,87.472,89.179,0.019514816
2024,2,2024-02,Saudi Arabian Grand Prix,OCO,Alpine,17,17,87.472,89.475,0.022898756
2024,2,2024-02,Saudi Arabian Grand Prix,GAS,Alpine,18,18,87.472,89.479,0.022944485
2024,2,2024-02,Saudi Arabian Grand Prix,SAR,Williams,19,19,87.472,89.526,0.0234818
2024,3,2024-03,Australian Grand Prix,VER,Red Bull Racing,1,1,75.915,75.915,0
2024,3,2024-03,Australian Grand Prix,SAI,Ferrari,2,2,75.915,76.185,0.003556609
2024,3,2024-03,Australian Grand Prix,PER,Red Bull Racing,3,3,75.915,76.274,0.004728973
2024,3,2024-03,Australian Grand Prix,NOR,McLaren,4,5,75.915,76.315,0.005269051
2024,3,2024-03,Australian Grand Prix,LEC,Ferrari,5,4,75.915,76.304,0.005124152
2024,3,2024-03,Australian Grand Prix,PIA,McLaren,6,6,75.915,76.572,0.008654416
2024,3,2024-03,Australian Grand Prix,RUS,Mercedes,7,8,75.915,76.724,0.010656655
2024,3,2024-03,Australian Grand Prix,TSU,Racing Bulls,8,10,75.915,76.788,0.011499704
2024,3,2024-03,Australian Grand Prix,STR,Aston Martin,9,9,75.915,76.78,0.011394323
2024,3,2024-03,Australian Grand Prix,ALO,Aston Martin,10,7,75.915,76.71,0.010472239
2024,3,2024-03,Australian Grand Prix,HAM,Mercedes,11,11,75.915,76.96,0.013765396
2024,3,2024-03,Australian Grand Prix,ALB,Williams,12,12,75.915,77.13,0.016004742
2024,3,2024-03,Australian Grand Prix,BOT,Kick Sauber,13,13,75.915,77.34,0.018770994
2024,3,2024-03,Australian Grand Prix,MAG,Haas F1 Team,14,14,75.915,77.427,0.019917012
2024,3,2024-03,Australian Grand Prix,OCO,Alpine,15,15,75.915,77.617,0.022419812
2024,3,2024-03,Australian Grand Prix,HUL,Haas F1 Team,16,16,75.915,77.976,0.027148785
2024,3,2024-03,Australian Grand Prix,GAS,Alpine,17,17,75.915,77.982,0.027227821
2024,3,2024-03,Australian Grand Prix,RIC,Racing Bulls,18,18,75.915,78.085,0.028584601
2024,3,2024-03,Australian Grand Prix,ZHO,Kick Sauber,19,19,75.915,78.188,0.029941382
2024,4,2024-04,Japanese Grand Prix,VER,Red Bull Racing,1,1,88.197,88.197,0
2024,4,2024-04,Japanese Grand Prix,PER,Red Bull Racing,2,2,88.197,88.263,0.000748325
2024,4,2024-04,Japanese Grand Prix,NOR,McLaren,3,3,88.197,88.489,0.00331077
2024,4,2024-04,Japanese Grand Prix,SAI,Ferrari,4,4,88.197,88.682,0.005499053
2024,4,2024-04,Japanese Grand Prix,ALO,Aston Martin,5,5,88.197,88.686,0.005544406
2024,4,2024-04,Japanese Grand Prix,PIA,McLaren,6,6,88.197,88.76,0.006383437
2024,4,2024-04,Japanese Grand Prix,HAM,Mercedes,7,7,88.197,88.766,0.006451467
2024,4,2024-04,Japanese Grand Prix,LEC,Ferrari,8,8,88.197,88.786,0.006678232
2024,4,2024-04,Japanese Grand Prix,RUS,Mercedes,9,9,88.197,89.008,0.009195324
2024,4,2024-04,Japanese Grand Prix,TSU,Racing Bulls,10,10,88.197,89.413,0.013787317
2024,4,2024-04,Japanese Grand Prix,RIC,Racing Bulls,11,11,88.197,89.472,0.014456274
2024,4,2024-04,Japanese Grand Prix,HUL,Haas F1 Team,12,12,88.197,89.494,0.014705716
2024,4,2024-04,Japanese Grand Prix,BOT,Kick Sauber,13,13,88.197,89.593,0.015828203
2024,4,2024-04,Japanese Grand Prix,ALB,Williams,14,14,88.197,89.714,0.017200132
2024,4,2024-04,Japanese Grand Prix,OCO,Alpine,15,15,88.197,89.811,0.018299942
2024,4,2024-04,Japanese Grand Prix,STR,Aston Martin,16,16,88.197,90.024,0.02071499
2024,4,2024-04,Japanese Grand Prix,GAS,Alpine,17,17,88.197,90.119,0.021792124
2024,4,2024-04,Japanese Grand Prix,MAG,Haas F1 Team,18,18,88.197,90.131,0.021928183
2024,4,2024-04,Japanese Grand Prix,SAR,Williams,19,19,88.197,90.139,0.02201889
2024,4,2024-04,Japanese Grand Prix,ZHO,Kick Sauber,20,20,88.197,90.143,0.022064243
2024,5,2024-05,Chinese Grand Prix,VER,Red Bull Racing,1,1,93.66,93.66,0
2024,5,2024-05,Chinese Grand Prix,PER,Red Bull Racing,2,2,93.66,93.982,0.003437967
2024,5,2024-05,Chinese Grand Prix,ALO,Aston Martin,3,3,93.66,94.148,0.005210335
2024,5,2024-05,Chinese Grand Prix,NOR,McLaren,4,4,93.66,94.165,0.005391843
2024,5,2024-05,Chinese Grand Prix,PIA,McLaren,5,5,93.66,94.273,0.00654495
2024,5,2024-05,Chinese Grand Prix,LEC,Ferrari,6,6,93.66,94.289,0.00671578
2024,5,2024-05,Chinese Grand Prix,SAI,Ferrari,7,7,93.66,94.297,0.006801196
2024,5,2024-05,Chinese Grand Prix,RUS,Mercedes,8,8,93.66,94.433,0.008253256
2024,5,2024-05,Chinese Grand Prix,HUL,Haas F1 Team,9,9,93.66,94.604,0.010079009
2024,5,2024-05,Chinese Grand Prix,BOT,Kick Sauber,10,10,93.66,94.665,0.010730301
2024,5,2024-05,Chinese Grand Prix,STR,Aston Martin,11,11,93.66,94.838,0.012577408
2024,5,2024-05,Chinese Grand Prix,RIC,Racing Bulls,12,12,93.66,94.934,0.013602392
2024,5,2024-05,Chinese Grand Prix,OCO,Alpine,13,13,93.66,95.223,0.01668802
2024,5,2024-05,Chinese Grand Prix,ALB,Williams,14,14,93.66,95.241,0.016880205
2024,5,2024-05,Chinese Grand Prix,GAS,Alpine,15,15,93.66,95.287,0.017371343
2024,5,2024-05,Chinese Grand Prix,ZHO,Kick Sauber,16,16,93.66,95.505,0.019698911
2024,5,2024-05,Chinese Grand Prix,MAG,Haas F1 Team,17,17,93.66,95.516,0.019816357
2024,5,2024-05,Chinese Grand Prix,HAM,Mercedes,18,18,93.66,95.573,0.020424941
2024,5,2024-05,Chinese Grand Prix,TSU,Racing Bulls,19,19,93.66,95.746,0.022272048
2024,5,2024-05,Chinese Grand Prix,SAR,Williams,20,20,93.66,96.358,0.028806321
2024,6,2024-06,Miami Grand Prix,VER,Red Bull Racing,1,1,87.241,87.241,0
2024,6,2024-06,Miami Grand Prix,LEC,Ferrari,2,2,87.241,87.382,0.001616213
2024,6,2024-06,Miami Grand Prix,SAI,Ferrari,3,3,87.241,87.455,0.002452975
2024,6,2024-06,Miami Grand Prix,PER,Red Bull Racing,4,4,87.241,87.46,0.002510288
2024,6,2024-06,Miami Grand Prix,NOR,McLaren,5,5,87.241,87.594,0.004046263
2024,6,2024-06,Miami Grand Prix,PIA,McLaren,6,6,87.241,87.675,0.004974725
2024,6,2024-06,Miami Grand Prix,RUS,Mercedes,7,9,87.241,88.067,0.009468025
2024,6,2024-06,Miami Grand Prix,HAM,Mercedes,8,7,87.241,87.697,0.0052269
2024,6,2024-06,Miami Grand Prix,HUL,Haas F1 Team,9,10,87.241,88.146,0.010373563
2024,6,2024-06,Miami Grand Prix,TSU,Racing Bulls,10,11,87.241,88.167,0.010614275
2024,6,2024-06,Miami Grand Prix,STR,Aston Martin,11,12,87.241,88.177,0.0107289
2024,6,2024-06,Miami Grand Prix,GAS,Alpine,12,8,87.241,87.976,0.008424938
2024,6,2024-06,Miami Grand Prix,OCO,Alpine,13,13,87.241,88.209,0.0110957
2024,6,2024-06,Miami Grand Prix,ALB,Williams,14,14,87.241,88.343,0.012631675
2024,6,2024-06,Miami Grand Prix,ALO,Aston Martin,15,15,87.241,88.427,0.013594526
2024,6,2024-06,Miami Grand Prix,BOT,Kick Sauber,16,16,87.241,88.463,0.014007176
2024,6,2024-06,Miami Grand Prix,SAR,Williams,17,17,87.241,88.487,0.014282276
2024,6,2024-06,Miami Grand Prix,RIC,Racing Bulls,18,18,87.241,88.617,0.015772401
2024,6,2024-06,Miami Grand Prix,MAG,Haas F1 Team,19,19,87.241,88.619,0.015795326
2024,6,2024-06,Miami Grand Prix,ZHO,Kick Sauber,20,20,87.241,88.824,0.018145138
2024,7,2024-07,Emilia Romagna Grand Prix,VER,Red Bull Racing,1,1,74.746,74.746,0
2024,7,2024-07,Emilia Romagna Grand Prix,PIA,McLaren,2,2,74.746,74.82,0.00099002
2024,7,2024-07,Emilia Romagna Grand Prix,NOR,McLaren,3,3,74.746,74.837,0.001217456
2024,7,2024-07,Emilia Romagna Grand Prix,LEC,Ferrari,4,4,74.746,74.97,0.002996816
2024,7,2024-07,Emilia Romagna Grand Prix,SAI,Ferrari,5,5,74.746,75.233,0.006515399
2024,7,2024-07,Emilia Romagna Grand Prix,RUS,Mercedes,6,6,74.746,75.234,0.006528777
2024,7,2024-07,Emilia Romagna Grand Prix,TSU,Racing Bulls,7,7,74.746,75.358,0.008187729
2024,7,2024-07,Emilia Romagna Grand Prix,HAM,Mercedes,8,8,74.746,75.504,0.010141011
2024,7,2024-07,Emilia Romagna Grand Prix,RIC,Racing Bulls,9,10,74.746,75.674,0.01241538
2024,7,2024-07,Emilia Romagna Grand Prix,HUL,Haas F1 Team,10,9,74.746,75.569,0.011010623
2024,7,2024-07,Emilia Romagna Grand Prix,PER,Red Bull Racing,11,11,74.746,75.706,0.012843497
2024,7,2024-07,Emilia Romagna Grand Prix,OCO,Alpine,12,12,74.746,75.906,0.015519225
2024,7,2024-07,Emilia Romagna Grand Prix,STR,Aston Martin,13,13,74.746,75.992,0.016669788
2024,7,2024-07,Emilia Romagna Grand Prix,ALB,Williams,14,15,74.746,76.2,0.019452546
2024,7,2024-07,Emilia Romagna Grand Prix,GAS,Alpine,15,14,74.746,76.015,0.016977497
2024,7,2024-07,Emilia Romagna Grand Prix,BOT,Kick Sauber,16,16,74.746,76.626,0.025151848
2024,7,2024-07,Emilia Romagna Grand Prix,ZHO,Kick Sauber,17,17,74.746,76.834,0.027934605
2024,7,2024-07,Emilia Romagna Grand Prix,MAG,Haas F1 Team,18,18,74.746,76.854,0.028202178
2024,7,2024-07,Emilia Romagna Grand Prix,ALO,Aston Martin,19,19,74.746,76.917,0.029045033
2024,8,2024-08,Monaco Grand Prix,LEC,Ferrari,1,1,70.27,70.27,0
2024,8,2024-08,Monaco Grand Prix,PIA,McLaren,2,2,70.27,70.424,0.002191547
2024,8,2024-08,Monaco Grand Prix,SAI,Ferrari,3,3,70.27,70.518,0.003529244
2024,8,2024-08,Monaco Grand Prix,NOR,McLaren,4,4,70.27,70.542,0.003870784
2024,8,2024-08,Monaco Grand Prix,RUS,Mercedes,5,5,70.27,70.543,0.003885015
2024,8,2024-08,Monaco Grand Prix,VER,Red Bull Racing,6,6,70.27,70.567,0.004226555
2024,8,2024-08,Monaco Grand Prix,HAM,Mercedes,7,7,70.27,70.621,0.004995019
2024,8,2024-08,Monaco Grand Prix,TSU,Racing Bulls,8,8,70.27,70.858,0.008367724
2024,8,2024-08,Monaco Grand Prix,ALB,Williams,9,10,70.27,70.948,0.009648499
2024,8,2024-08,Monaco Grand Prix,GAS,Alpine,10,9,70.27,70.896,0.008908496
2024,8,2024-08,Monaco Grand Prix,OCO,Alpine,11,11,70.27,71.285,0.014444286
2024,8,2024-08,Monaco Grand Prix,RIC,Racing Bulls,12,13,70.27,71.482,0.017247759
2024,8,2024-08,Monaco Grand Prix,STR,Aston Martin,13,14,70.27,71.563,0.018400455
2024,8,2024-08,Monaco Grand Prix,HUL,Haas F1 Team,14,12,70.27,71.44,0.016650064
2024,8,2024-08,Monaco Grand Prix,ALO,Aston Martin,14,16,70.27,72.019,0.024889711
2024,8,2024-08,Monaco Grand Prix,SAR,Williams,15,17,70.27,72.02,0.024903942
2024,8,2024-08,Monaco Grand Prix,MAG,Haas F1 Team,15,15,70.27,71.725,0.020705849
2024,8,2024-08,Monaco Grand Prix,PER,Red Bull Racing,16,18,70.27,72.06,0.025473175
2024,8,2024-08,Monaco Grand Prix,BOT,Kick Sauber,17,19,70.27,72.512,0.031905507
2024,8,2024-08,Monaco Grand Prix,ZHO,Kick Sauber,18,20,70.27,73.028,0.039248612
2024,9,2024-09,Canadian Grand Prix,RUS,Mercedes,1,1,71.742,71.742,0
2024,9,2024-09,Canadian Grand Prix,VER,Red Bull Racing,2,3,71.742,72,0.00359622
2024,9,2024-09,Canadian Grand Prix,NOR,McLaren,3,4,71.742,72.021,0.003888935
2024,9,2024-09,Canadian Grand Prix,PIA,McLaren,4,5,71.742,72.103,0.00503192
2024,9,2024-09,Canadian Grand Prix,RIC,Racing Bulls,5,6,71.742,72.178,0.006077333
2024,9,2024-09,Canadian Grand Prix,ALO,Aston Martin,6,7,71.742,72.228,0.006774274
2024,9,2024-09,Canadian Grand Prix,HAM,Mercedes,7,2,71.742,71.979,0.003303504
2024,9,2024-09,Canadian Grand Prix,TSU,Racing Bulls,8,8,71.742,72.303,0.007819687
2024,9,2024-09,Canadian Grand Prix,STR,Aston Martin,9,10,71.742,72.659,0.012781913
2024,9,2024-09,Canadian Grand Prix,ALB,Williams,10,9,71.742,72.485,0.010356555
2024,9,2024-09,Canadian Grand Prix,LEC,Ferrari,11,11,71.742,72.691,0.013227956
2024,9,2024-09,Canadian Grand Prix,SAI,Ferrari,12,12,71.742,72.728,0.013743693
2024,9,2024-09,Canadian Grand Prix,SAR,Williams,13,13,71.742,72.736,0.013855203
2024,9,2024-09,Canadian Grand Prix,MAG,Haas F1 Team,14,14,71.742,72.916,0.016364194
2024,9,2024-09,Canadian Grand Prix,GAS,Alpine,15,15,71.742,72.94,0.016698726
2024,9,2024-09,Canadian Grand Prix,PER,Red Bull Racing,16,16,71.742,73.326,0.022079117
2024,9,2024-09,Canadian Grand Prix,BOT,Kick Sauber,17,17,71.742,73.366,0.02263667
2024,9,2024-09,Canadian Grand Prix,OCO,Alpine,18,18,71.742,73.435,0.02359845
2024,9,2024-09,Canadian Grand Prix,HUL,Haas F1 Team,19,19,71.742,73.978,0.031167238
2024,9,2024-09,Canadian Grand Prix,ZHO,Kick Sauber,20,20,71.742,74.292,0.035544033
2024,10,2024-10,Spanish Grand Prix,NOR,McLaren,1,1,71.383,71.383,0
2024,10,2024-10,Spanish Grand Prix,VER,Red Bull Racing,2,2,71.383,71.403,0.000280179
2024,10,2024-10,Spanish Grand Prix,HAM,Mercedes,3,3,71.383,71.701,0.004454842
2024,10,2024-10,Spanish Grand Prix,RUS,Mercedes,4,4,71.383,71.703,0.00448286
2024,10,2024-10,Spanish Grand Prix,LEC,Ferrari,5,5,71.383,71.731,0.00487511
2024,10,2024-10,Spanish Grand Prix,SAI,Ferrari,6,6,71.383,71.736,0.004945155
2024,10,2024-10,Spanish Grand Prix,GAS,Alpine,7,7,71.383,71.857,0.006640236
2024,10,2024-10,Spanish Grand Prix,PER,Red Bull Racing,8,9,71.383,72.054,0.009399997
2024,10,2024-10,Spanish Grand Prix,OCO,Alpine,9,10,71.383,72.109,0.010170489
2024,10,2024-10,Spanish Grand Prix,PIA,McLaren,10,8,71.383,72.011,0.008797613
2024,10,2024-10,Spanish Grand Prix,ALO,Aston Martin,11,11,71.383,72.128,0.010436659
2024,10,2024-10,Spanish Grand Prix,BOT,Kick Sauber,12,12,71.383,72.227,0.011823543
2024,10,2024-10,Spanish Grand Prix,HUL,Haas F1 Team,13,13,71.383,72.31,0.012986285
2024,10,2024-10,Spanish Grand Prix,STR,Aston Martin,14,14,71.383,72.372,0.013854839
2024,10,2024-10,Spanish Grand Prix,ZHO,Kick Sauber,15,15,71.383,72.738,0.018982111
2024,10,2024-10,Spanish Grand Prix,MAG,Haas F1 Team,16,16,71.383,72.937,0.021769889
2024,10,2024-10,Spanish Grand Prix,TSU,Racing Bulls,17,17,71.383,72.985,0.022442318
2024,10,2024-10,Spanish Grand Prix,RIC,Racing Bulls,18,18,71.383,73.075,0.023703123
2024,10,2024-10,Spanish Grand Prix,ALB,Williams,19,19,71.383,73.153,0.02479582
2024,10,2024-10,Spanish Grand Prix,SAR,Williams,20,20,71.383,73.509,0.029783002
2024,11,2024-11,Austrian Grand Prix,VER,Red Bull Racing,1,1,64.314,64.314,0
2024,11,2024-11,Austrian Grand Prix,NOR,McLaren,2,2,64.314,64.718,0.006281681
2024,11,2024-11,Austrian Grand Prix,RUS,Mercedes,3,3,64.314,64.84,0.008178624
2024,11,2024-11,Austrian Grand Prix,SAI,Ferrari,4,4,64.314,64.851,0.008349659
2024,11,2024-11,Austrian Grand Prix,HAM,Mercedes,5,5,64.314,64.903,0.009158193
2024,11,2024-11,Austrian Grand Prix,LEC,Ferrari,6,6,64.314,65.044,0.011350561
2024,11,2024-11,Austrian Grand Prix,PIA,McLaren,7,7,64.314,65.048,0.011412756
2024,11,2024-11,Austrian Grand Prix,PER,Red Bull Racing,8,8,64.314,65.144,0.012905433
2024,11,2024-11,Austrian Grand Prix,HUL,Haas F1 Team,9,9,64.314,65.262,0.014740181
2024,11,2024-11,Austrian Grand Prix,OCO,Alpine,10,10,64.314,65.274,0.014926766
2024,11,2024-11,Austrian Grand Prix,RIC,Racing Bulls,11,11,64.314,65.289,0.015159996
2024,11,2024-11,Austrian Grand Prix,MAG,Haas F1 Team,12,12,64.314,65.347,0.016061822
2024,11,2024-11,Austrian Grand Prix,GAS,Alpine,13,13,64.314,65.359,0.016248406
2024,11,2024-11,Austrian Grand Prix,TSU,Racing Bulls,14,14,64.314,65.412,0.017072488
2024,11,2024-11,Austrian Grand Prix,ALO,Aston Martin,15,15,64.314,65.639,0.020602046
2024,11,2024-11,Austrian Grand Prix,ALB,Williams,16,16,64.314,65.736,0.022110271
2024,11,2024-11,Austrian Grand Prix,STR,Aston Martin,17,17,64.314,65.819,0.023400815
2024,11,2024-11,Austrian Grand Prix,BOT,Kick Sauber,18,18,64.314,65.847,0.023836179
2024,11,2024-11,Austrian Grand Prix,SAR,Williams,19,19,64.314,65.856,0.023976117
2024,11,2024-11,Austrian Grand Prix,ZHO,Kick Sauber,20,20,64.314,66.061,0.027163604
2024,12,2024-12,British Grand Prix,RUS,Mercedes,1,1,85.819,85.819,0
2024,12,2024-12,British Grand Prix,HAM,Mercedes,2,2,85.819,85.99,0.001992566
2024,12,2024-12,British Grand Prix,NOR,McLaren,3,3,85.819,86.03,0.002458663
2024,12,2024-12,British Grand Prix,VER,Red Bull Racing,4,4,85.819,86.203,0.004474534
2024,12,2024-12,British Grand Prix,PIA,McLaren,5,5,85.819,86.237,0.004870716
2024,12,2024-12,British Grand Prix,HUL,Haas F1 Team,6,6,85.819,86.338,0.006047612
2024,12,2024-12,British Grand Prix,SAI,Ferrari,7,7,85.819,86.509,0.008040178
2024,12,2024-12,British Grand Prix,STR,Aston Martin,8,8,85.819,86.585,0.008925762
2024,12,2024-12,British Grand Prix,ALB,Williams,9,9,85.819,86.64,0.009566646
2024,12,2024-12,British Grand Prix,ALO,Aston Martin,10,10,85.819,86.73,0.010615365
2024,12,2024-12,British Grand Prix,LEC,Ferrari,11,11,85.819,87.097,0.014891807
2024,12,2024-12,British Grand Prix,SAR,Williams,12,12,85.819,87.175,0.015800697
2024,12,2024-12,British Grand Prix,TSU,Racing Bulls,13,13,85.819,87.269,0.016896025
2024,12,2024-12,British Grand Prix,ZHO,Kick Sauber,14,14,85.819,87.867,0.023864179
2024,12,2024-12,British Grand Prix,RIC,Racing Bulls,15,15,85.819,87.949,0.024819679
2024,12,2024-12,British Grand Prix,BOT,Kick Sauber,16,16,85.819,92.431,0.077045876
2024,12,2024-12,British Grand Prix,MAG,Haas F1 Team,17,17,85.819,92.905,0.082569128
2024,12,2024-12,British Grand Prix,OCO,Alpine,18,18,85.819,94.557,0.101818945
2024,12,2024-12,British Grand Prix,PER,Red Bull Racing,19,19,85.819,98.348,0.145993312
2024,12,2024-12,British Grand Prix,GAS,Alpine,20,20,85.819,99.804,0.162959251
2024,13,2024-13,Hungarian Grand Prix,NOR,McLaren,1,1,75.227,75.227,0
2024,13,2024-13,Hungarian Grand Prix,PIA,McLaren,2,2,75.227,75.249,0.000292448
2024,13,2024-13,Hungarian Grand Prix,VER,Red Bull Racing,3,3,75.227,75.273,0.000611483
2024,13,2024-13,Hungarian Grand Prix,SAI,Ferrari,4,4,75.227,75.696,0.006234464
2024,13,2024-13,Hungarian Grand Prix,HAM,Mercedes,5,5,75.227,75.854,0.008334773
2024,13,2024-13,Hungarian Grand Prix,LEC,Ferrari,6,6,75.227,75.891,0.008826618
2024,13,2024-13,Hungarian Grand Prix,ALO,Aston Martin,7,7,75.227,76.043,0.010847169
2024,13,2024-13,Hungarian Grand Prix,STR,Aston Martin,8,8,75.227,76.075,0.011272548
2024,13,2024-13,Hungarian Grand Prix,RIC,Racing Bulls,9,10,75.227,76.202,0.012960772
2024,13,2024-13,Hungarian Grand Prix,TSU,Racing Bulls,10,9,75.227,76.121,0.011884031
2024,13,2024-13,Hungarian Grand Prix,HUL,Haas F1 Team,11,11,75.227,76.317,0.014489479
2024,13,2024-13,Hungarian Grand Prix,BOT,Kick Sauber,12,12,75.227,76.384,0.015380116
2024,13,2024-13,Hungarian Grand Prix,ALB,Williams,13,13,75.227,76.429,0.015978306
2024,13,2024-13,Hungarian Grand Prix,SAR,Williams,14,14,75.227,76.543,0.017493719
2024,13,2024-13,Hungarian Grand Prix,MAG,Haas F1 Team,15,15,75.227,76.548,0.017560185
2024,13,2024-13,Hungarian Grand Prix,PER,Red Bull Racing,16,16,75.227,77.886,0.035346352
2024,13,2024-13,Hungarian Grand Prix,RUS,Mercedes,17,17,75.227,77.968,0.036436386
2024,13,2024-13,Hungarian Grand Prix,ZHO,Kick Sauber,18,18,75.227,78.037,0.03735361
2024,13,2024-13,Hungarian Grand Prix,OCO,Alpine,19,19,75.227,78.049,0.037513127
2024,13,2024-13,Hungarian Grand Prix,GAS,Alpine,20,20,75.227,78.166,0.03906842
2024,14,2024-14,Belgian Grand Prix,VER,Red Bull Racing,1,1,113.159,113.159,0
2024,14,2024-14,Belgian Grand Prix,LEC,Ferrari,2,2,113.159,113.754,0.005258088
2024,14,2024-14,Belgian Grand Prix,PER,Red Bull Racing,3,3,113.159,113.765,0.005355297
2024,14,2024-14,Belgian Grand Prix,HAM,Mercedes,4,4,113.159,113.835,0.005973895
2024,14,2024-14,Belgian Grand Prix,NOR,McLaren,5,5,113.159,113.981,0.007264115
2024,14,2024-14,Belgian Grand Prix,PIA,McLaren,6,6,113.159,114.027,0.007670623
2024,14,2024-14,Belgian Grand Prix,RUS,Mercedes,7,7,113.159,114.095,0.008271547
2024,14,2024-14,Belgian Grand Prix,SAI,Ferrari,8,8,113.159,114.112,0.008421778
2024,14,2024-14,Belgian Grand Prix,ALO,Aston Martin,9,9,113.159,114.258,0.009711998
2024,14,2024-14,Belgian Grand Prix,OCO,Alpine,10,10,113.159,114.46,0.011497097
2024,14,2024-14,Belgian Grand Prix,ALB,Williams,11,11,113.159,114.473,0.01161198
2024,14,2024-14,Belgian Grand Prix,GAS,Alpine,12,12,113.159,114.635,0.013043594
2024,14,2024-14,Belgian Grand Prix,RIC,Racing Bulls,13,13,113.159,114.682,0.013458938
2024,14,2024-14,Belgian Grand Prix,BOT,Kick Sauber,14,14,113.159,114.764,0.014183582
2024,14,2024-14,Belgian Grand Prix,STR,Aston Martin,15,15,113.159,115.716,0.022596523
2024,14,2024-14,Belgian Grand Prix,HUL,Haas F1 Team,16,16,113.159,116.308,0.0278281
2024,14,2024-14,Belgian Grand Prix,MAG,Haas F1 Team,17,17,113.159,116.5,0.029524828
2024,14,2024-14,Belgian Grand Prix,TSU,Racing Bulls,18,18,113.159,116.593,0.03034668
2024,14,2024-14,Belgian Grand Prix,SAR,Williams,19,19,113.159,117.23,0.035975928
2024,14,2024-14,Belgian Grand Prix,ZHO,Kick Sauber,20,20,113.159,117.775,0.04079216
2024,15,2024-15,Dutch Grand Prix,NOR,McLaren,1,1,69.673,69.673,0
2024,15,2024-15,Dutch Grand Prix,VER,Red Bull Racing,2,2,69.673,70.029,0.005109583
2024,15,2024-15,Dutch Grand Prix,PIA,McLaren,3,3,69.673,70.172,0.007162028
2024,15,2024-15,Dutch Grand Prix,RUS,Mercedes,4,4,69.673,70.244,0.008195427
2024,15,2024-15,Dutch Grand Prix,PER,Red Bull Racing,5,5,69.673,70.416,0.010664102
2024,15,2024-15,Dutch Grand Prix,LEC,Ferrari,6,6,69.673,70.582,0.013046661
2024,15,2024-15,Dutch Grand Prix,ALO,Aston Martin,7,7,69.673,70.633,0.013778652
2024,15,2024-15,Dutch Grand Prix,STR,Aston Martin,8,9,69.673,70.661,0.014180529
2024,15,2024-15,Dutch Grand Prix,GAS,Alpine,9,10,69.673,70.815,0.016390854
2024,15,2024-15,Dutch Grand Prix,SAI,Ferrari,10,11,69.673,70.914,0.017811778
2024,15,2024-15,Dutch Grand Prix,ALB,Williams,10,8,69.673,70.653,0.014065707
2024,15,2024-15,Dutch Grand Prix,HAM,Mercedes,11,12,69.673,70.948,0.018299772
2024,15,2024-15,Dutch Grand Prix,TSU,Racing Bulls,12,13,69.673,70.955,0.018400241
2024,15,2024-15,Dutch Grand Prix,HUL,Haas F1 Team,13,14,69.673,71.215,0.022131959
2024,15,2024-15,Dutch Grand Prix,MAG,Haas F1 Team,14,15,69.673,71.295,0.02328018
2024,15,2024-15,Dutch Grand Prix,RIC,Racing Bulls,15,16,69.673,71.943,0.03258077
2024,15,2024-15,Dutch Grand Prix,OCO,Alpine,16,17,69.673,71.995,0.033327114
2024,15,2024-15,Dutch Grand Prix,BOT,Kick Sauber,17,18,69.673,72.168,0.035810142
2024,15,2024-15,Dutch Grand Prix,ZHO,Kick Sauber,18,19,69.673,73.261,0.051497711
2024,16,2024-16,Italian Grand Prix,NOR,McLaren,1,1,79.327,79.327,0
2024,16,2024-16,Italian Grand Prix,PIA,McLaren,2,2,79.327,79.436,0.001374059
2024,16,2024-16,Italian Grand Prix,RUS,Mercedes,3,3,79.327,79.44,0.001424483
2024,16,2024-16,Italian Grand Prix,LEC,Ferrari,4,4,79.327,79.461,0.00168921
2024,16,2024-16,Italian Grand Prix,SAI,Ferrari,5,5,79.327,79.467,0.001764847
2024,16,2024-16,Italian Grand Prix,HAM,Mercedes,6,6,79.327,79.513,0.002344725
2024,16,2024-16,Italian Grand Prix,VER,Red Bull Racing,7,7,79.327,79.662,0.004223026
2024,16,2024-16,Italian Grand Prix,PER,Red Bull Racing,8,8,79.327,80.062,0.009265446
2024,16,2024-16,Italian Grand Prix,ALB,Williams,9,9,79.327,80.299,0.012253079
2024,16,2024-16,Italian Grand Prix,HUL,Haas F1 Team,10,10,79.327,80.339,0.012757321
2024,16,2024-16,Italian Grand Prix,ALO,Aston Martin,11,11,79.327,80.421,0.013791017
2024,16,2024-16,Italian Grand Prix,RIC,Racing Bulls,12,12,79.327,80.479,0.014522168
2024,16,2024-16,Italian Grand Prix,MAG,Haas F1 Team,13,13,79.327,80.698,0.017282892
2024,16,2024-16,Italian Grand Prix,GAS,Alpine,14,14,79.327,80.738,0.017787134
2024,16,2024-16,Italian Grand Prix,OCO,Alpine,15,15,79.327,80.764,0.018114892
2024,16,2024-16,Italian Grand Prix,TSU,Racing Bulls,16,16,79.327,80.945,0.020396586
2024,16,2024-16,Italian Grand Prix,STR,Aston Martin,17,17,79.327,81.013,0.021253798
2024,16,2024-16,Italian Grand Prix,COL,Williams,18,18,79.327,81.061,0.021858888
2024,16,2024-16,Italian Grand Prix,BOT,Kick Sauber,19,19,79.327,81.101,0.02236313
2024,16,2024-16,Italian Grand Prix,ZHO,Kick Sauber,20,20,79.327,81.445,0.02669961
2024,17,2024-17,Azerbaijan Grand Prix,LEC,Ferrari,1,1,101.365,101.365,0
2024,17,2024-17,Azerbaijan Grand Prix,PIA,McLaren,2,2,101.365,101.686,0.003166774
2024,17,2024-17,Azerbaijan Grand Prix,SAI,Ferrari,3,3,101.365,101.805,0.004340749
2024,17,2024-17,Azerbaijan Grand Prix,PER,Red Bull Racing,4,4,101.365,101.813,0.004419671
2024,17,2024-17,Azerbaijan Grand Prix,RUS,Mercedes,5,5,101.365,101.874,0.005021457
2024,17,2024-17,Azerbaijan Grand Prix,VER,Red Bull Racing,6,6,101.365,102.023,0.006491392
2024,17,2024-17,Azerbaijan Grand Prix,HAM,Mercedes,7,7,101.365,102.289,0.009115572
2024,17,2024-17,Azerbaijan Grand Prix,ALO,Aston Martin,8,8,101.365,102.369,0.009904799
2024,17,2024-17,Azerbaijan Grand Prix,COL,Williams,9,9,101.365,102.473,0.010930795
2024,17,2024-17,Azerbaijan Grand Prix,ALB,Williams,10,10,101.365,102.84,0.014551374
2024,17,2024-17,Azerbaijan Grand Prix,BEA,Haas F1 Team,11,11,101.365,102.968,0.015814137
2024,17,2024-17,Azerbaijan Grand Prix,TSU,Racing Bulls,12,12,101.365,103.035,0.016475115
2024,17,2024-17,Azerbaijan Grand Prix,HUL,Haas F1 Team,13,14,101.365,103.101,0.017126227
2024,17,2024-17,Azerbaijan Grand Prix,STR,Aston Martin,14,15,101.365,103.37,0.019780003
2024,17,2024-17,Azerbaijan Grand Prix,RIC,Racing Bulls,15,16,101.365,103.547,0.021526168
2024,17,2024-17,Azerbaijan Grand Prix,GAS,Alpine,15,13,101.365,103.088,0.016997978
2024,17,2024-17,Azerbaijan Grand Prix,NOR,McLaren,16,17,101.365,103.609,0.022137819
2024,17,2024-17,Azerbaijan Grand Prix,BOT,Kick Sauber,17,18,101.365,103.618,0.022226607
2024,17,2024-17,Azerbaijan Grand Prix,ZHO,Kick Sauber,18,19,101.365,104.246,0.028422039
2024,17,2024-17,Azerbaijan Grand Prix,OCO,Alpine,19,20,101.365,104.504,0.030967296
2024,18,2024-18,Singapore Grand Prix,NOR,McLaren,1,1,89.525,89.525,0
2024,18,2024-18,Singapore Grand Prix,VER,Red Bull Racing,2,3,89.525,89.68,0.00173136
2024,18,2024-18,Singapore Grand Prix,HAM,Mercedes,3,5,89.525,89.841,0.00352974
2024,18,2024-18,Singapore Grand Prix,RUS,Mercedes,4,6,89.525,89.867,0.003820162
2024,18,2024-18,Singapore Grand Prix,PIA,McLaren,5,2,89.525,89.64,0.001284557
2024,18,2024-18,Singapore Grand Prix,HUL,Haas F1 Team,6,8,89.525,90.115,0.006590338
2024,18,2024-18,Singapore Grand Prix,ALO,Aston Martin,7,9,89.525,90.214,0.007696174
2024,18,2024-18,Singapore Grand Prix,TSU,Racing Bulls,8,10,89.525,90.289,0.008533929
2024,18,2024-18,Singapore Grand Prix,LEC,Ferrari,9,4,89.525,89.747,0.002479754
2024,18,2024-18,Singapore Grand Prix,SAI,Ferrari,10,7,89.525,90.108,0.006512147
2024,18,2024-18,Singapore Grand Prix,ALB,Williams,11,11,89.525,90.474,0.010600391
2024,18,2024-18,Singapore Grand Prix,COL,Williams,12,12,89.525,90.481,0.010678581
2024,18,2024-18,Singapore Grand Prix,PER,Red Bull Racing,13,13,89.525,90.579,0.011773248
2024,18,2024-18,Singapore Grand Prix,MAG,Haas F1 Team,14,14,89.525,90.653,0.012599832
2024,18,2024-18,Singapore Grand Prix,OCO,Alpine,15,15,89.525,90.769,0.01389556
2024,18,2024-18,Singapore Grand Prix,RIC,Racing Bulls,16,16,89.525,91.085,0.0174253
2024,18,2024-18,Singapore Grand Prix,STR,Aston Martin,17,17,89.525,91.094,0.017525831
2024,18,2024-18,Singapore Grand Prix,GAS,Alpine,18,18,89.525,91.312,0.019960905
2024,18,2024-18,Singapore Grand Prix,BOT,Kick Sauber,19,19,89.525,91.572,0.022865121
2024,18,2024-18,Singapore Grand Prix,ZHO,Kick Sauber,20,20,89.525,92.054,0.028249092
2024,19,2024-19,United States Grand Prix,NOR,McLaren,1,1,92.33,92.33,0
2024,19,2024-19,United States Grand Prix,VER,Red Bull Racing,2,2,92.33,92.361,0.000335752
2024,19,2024-19,United States Grand Prix,SAI,Ferrari,3,3,92.33,92.652,0.003487491
2024,19,2024-19,United States Grand Prix,LEC,Ferrari,4,4,92.33,92.74,0.004440594
2024,19,2024-19,United States Grand Prix,PIA,McLaren,5,5,92.33,92.95,0.006715044
2024,19,2024-19,United States Grand Prix,RUS,Mercedes,6,6,92.33,92.974,0.006974981
2024,19,2024-19,United States Grand Prix,GAS,Alpine,7,7,92.33,93.018,0.007451533
2024,19,2024-19,United States Grand Prix,ALO,Aston Martin,8,9,92.33,93.309,0.010603271
2024,19,2024-19,United States Grand Prix,MAG,Haas F1 Team,9,11,92.33,93.474,0.012390339
2024,19,2024-19,United States Grand Prix,PER,Red Bull Racing,10,8,92.33,93.02,0.007473194
2024,19,2024-19,United States Grand Prix,TSU,Racing Bulls,11,12,92.33,93.506,0.012736922
2024,19,2024-19,United States Grand Prix,HUL,Haas F1 Team,12,13,92.33,93.544,0.013148489
2024,19,2024-19,United States Grand Prix,OCO,Alpine,13,14,92.33,93.597,0.013722517
2024,19,2024-19,United States Grand Prix,STR,Aston Martin,14,15,92.33,93.759,0.015477093
2024,19,2024-19,United States Grand Prix,LAW,Racing Bulls,15,10,92.33,93.339,0.010928192
2024,19,2024-19,United States Grand Prix,ALB,Williams,16,16,92.33,94.051,0.018639662
2024,19,2024-19,United States Grand Prix,COL,Williams,17,17,92.33,94.062,0.0187588
2024,19,2024-19,United States Grand Prix,BOT,Kick Sauber,18,18,92.33,94.152,0.019733564
2024,19,2024-19,United States Grand Prix,HAM,Mercedes,19,19,92.33,94.154,0.019755226
2024,19,2024-19,United States Grand Prix,ZHO,Kick Sauber,20,20,92.33,94.228,0.020556699
2024,20,2024-20,Mexico City Grand Prix,SAI,Ferrari,1,1,75.946,75.946,0
2024,20,2024-20,Mexico City Grand Prix,VER,Red Bull Racing,2,2,75.946,76.171,0.002962631
2024,20,2024-20,Mexico City Grand Prix,NOR,McLaren,3,3,75.946,76.26,0.004134517
2024,20,2024-20,Mexico City Grand Prix,LEC,Ferrari,4,4,75.946,76.265,0.004200353
2024,20,2024-20,Mexico City Grand Prix,RUS,Mercedes,5,5,75.946,76.356,0.005398573
2024,20,2024-20,Mexico City Grand Prix,HAM,Mercedes,6,6,75.946,76.651,0.009282912
2024,20,2024-20,Mexico City Grand Prix,MAG,Haas F1 Team,7,7,75.946,76.886,0.012377215
2024,20,2024-20,Mexico City Grand Prix,GAS,Alpine,8,8,75.946,76.892,0.012456219
2024,20,2024-20,Mexico City Grand Prix,ALB,Williams,9,9,75.946,76.988,0.013720275
2024,20,2024-20,Mexico City Grand Prix,HUL,Haas F1 Team,10,10,75.946,76.995,0.013812446
2024,20,2024-20,Mexico City Grand Prix,TSU,Racing Bulls,11,11,75.946,77.129,0.015576857
2024,20,2024-20,Mexico City Grand Prix,LAW,Racing Bulls,12,12,75.946,77.162,0.016011377
2024,20,2024-20,Mexico City Grand Prix,ALO,Aston Martin,13,13,75.946,77.168,0.01609038
2024,20,2024-20,Mexico City Grand Prix,STR,Aston Martin,14,14,75.946,77.294,0.017749454
2024,20,2024-20,Mexico City Grand Prix,BOT,Kick Sauber,15,15,75.946,77.393,0.019053011
2024,20,2024-20,Mexico City Grand Prix,COL,Williams,16,16,75.946,77.558,0.021225608
2024,20,2024-20,Mexico City Grand Prix,PIA,McLaren,17,17,75.946,77.597,0.02173913
2024,20,2024-20,Mexico City Grand Prix,PER,Red Bull Racing,18,18,75.946,77.611,0.021923472
2024,20,2024-20,Mexico City Grand Prix,OCO,Alpine,19,19,75.946,77.617,0.022002475
2024,20,2024-20,Mexico City Grand Prix,ZHO,Kick Sauber,20,20,75.946,78.072,0.027993574
2024,21,2024-21,São Paulo Grand Prix,NOR,McLaren,1,1,83.405,83.405,0
2024,21,2024-21,São Paulo Grand Prix,RUS,Mercedes,2,2,83.405,83.578,0.002074216
2024,21,2024-21,São Paulo Grand Prix,TSU,Racing Bulls,3,3,83.405,84.111,0.00846472
2024,21,2024-21,São Paulo Grand Prix,OCO,Alpine,4,4,83.405,84.475,0.012828967
2024,21,2024-21,São Paulo Grand Prix,LAW,Racing Bulls,5,5,83.405,84.484,0.012936874
2024,21,2024-21,São Paulo Grand Prix,LEC,Ferrari,6,6,83.405,84.525,0.013428452
2024,21,2024-21,São Paulo Grand Prix,ALB,Williams,7,7,83.405,84.657,0.01501109
2024,21,2024-21,São Paulo Grand Prix,PIA,McLaren,8,8,83.405,84.686,0.015358791
2024,21,2024-21,São Paulo Grand Prix,ALO,Aston Martin,9,9,83.405,85.035,0.019543193
2024,21,2024-21,São Paulo Grand Prix,STR,Aston Martin,10,10,83.405,86.334,0.035117799
2024,21,2024-21,São Paulo Grand Prix,BOT,Kick Sauber,11,11,83.405,86.472,0.036772376
2024,21,2024-21,São Paulo Grand Prix,VER,Red Bull Racing,12,12,83.405,87.771,0.052346982
2024,21,2024-21,São Paulo Grand Prix,PER,Red Bull Racing,13,13,83.405,88.158,0.056986991
2024,21,2024-21,São Paulo Grand Prix,SAI,Ferrari,14,14,83.405,89.406,0.071950123
2024,21,2024-21,São Paulo Grand Prix,GAS,Alpine,15,15,83.405,89.42,0.072117979
2024,21,2024-21,São Paulo Grand Prix,HAM,Mercedes,16,16,83.405,91.15,0.09286014
2024,21,2024-21,São Paulo Grand Prix,BEA,Haas F1 Team,17,17,83.405,91.229,0.093807326
2024,21,2024-21,São Paulo Grand Prix,COL,Williams,18,18,83.405,91.27,0.094298903
2024,21,2024-21,São Paulo Grand Prix,HUL,Haas F1 Team,19,19,83.405,91.623,0.098531263
2024,21,2024-21,São Paulo Grand Prix,ZHO,Kick Sauber,20,20,83.405,92.263,0.106204664
2024,22,2024-22,Las Vegas Grand Prix,RUS,Mercedes,1,1,92.312,92.312,0
2024,22,2024-22,Las Vegas Grand Prix,SAI,Ferrari,2,2,92.312,92.41,0.001061617
2024,22,2024-22,Las Vegas Grand Prix,GAS,Alpine,3,4,92.312,92.664,0.003813155
2024,22,2024-22,Las Vegas Grand Prix,LEC,Ferrari,4,5,92.312,92.783,0.005102262
2024,22,2024-22,Las Vegas Grand Prix,VER,Red Bull Racing,5,6,92.312,92.797,0.005253921
2024,22,2024-22,Las Vegas Grand Prix,NOR,McLaren,6,7,92.312,93.008,0.007539648
2024,22,2024-22,Las Vegas Grand Prix,TSU,Racing Bulls,7,9,92.312,93.029,0.007767138
2024,22,2024-22,Las Vegas Grand Prix,PIA,McLaren,8,8,92.312,93.024,0.007712973
2024,22,2024-22,Las Vegas Grand Prix,HUL,Haas F1 Team,9,10,92.312,93.062,0.008124621
2024,22,2024-22,Las Vegas Grand Prix,HAM,Mercedes,10,3,92.312,92.567,0.002762371
2024,22,2024-22,Las Vegas Grand Prix,OCO,Alpine,11,11,92.312,93.221,0.00984704
2024,22,2024-22,Las Vegas Grand Prix,MAG,Haas F1 Team,12,12,92.312,93.297,0.010670335
2024,22,2024-22,Las Vegas Grand Prix,ZHO,Kick Sauber,13,13,92.312,93.566,0.013584366
2024,22,2024-22,Las Vegas Grand Prix,COL,Williams,14,14,92.312,93.746,0.015534275
2024,22,2024-22,Las Vegas Grand Prix,LAW,Racing Bulls,15,15,92.312,94.087,0.019228269
2024,22,2024-22,Las Vegas Grand Prix,PER,Red Bull Racing,16,16,92.312,94.155,0.019964902
2024,22,2024-22,Las Vegas Grand Prix,ALO,Aston Martin,17,17,92.312,94.258,0.021080683
2024,22,2024-22,Las Vegas Grand Prix,ALB,Williams,18,18,92.312,94.425,0.022889765
2024,22,2024-22,Las Vegas Grand Prix,BOT,Kick Sauber,19,19,92.312,94.43,0.022943929
2024,22,2024-22,Las Vegas Grand Prix,STR,Aston Martin,20,20,92.312,94.484,0.023528902
2024,23,2024-23,Qatar Grand Prix,VER,Red Bull Racing,1,1,80.52,80.52,0
2024,23,2024-23,Qatar Grand Prix,RUS,Mercedes,2,2,80.52,80.575,0.00068306
2024,23,2024-23,Qatar Grand Prix,NOR,McLaren,3,3,80.52,80.772,0.003129657
2024,23,2024-23,Qatar Grand Prix,PIA,McLaren,4,4,80.52,80.829,0.003837556
2024,23,2024-23,Qatar Grand Prix,LEC,Ferrari,5,5,80.52,80.852,0.004123199
2024,23,2024-23,Qatar Grand Prix,HAM,Mercedes,6,6,80.52,81.011,0.006097864
2024,23,2024-23,Qatar Grand Prix,SAI,Ferrari,7,7,80.52,81.041,0.006470442
2024,23,2024-23,Qatar Grand Prix,ALO,Aston Martin,8,8,80.52,81.208,0.008544461
2024,23,2024-23,Qatar Grand Prix,PER,Red Bull Racing,9,10,80.52,81.425,0.011239444
2024,23,2024-23,Qatar Grand Prix,MAG,Haas F1 Team,10,9,80.52,81.387,0.010767511
2024,23,2024-23,Qatar Grand Prix,GAS,Alpine,11,11,80.52,81.437,0.011388475
2024,23,2024-23,Qatar Grand Prix,ZHO,Kick Sauber,12,12,80.52,81.501,0.012183308
2024,23,2024-23,Qatar Grand Prix,BOT,Kick Sauber,13,13,80.52,81.731,0.015039742
2024,23,2024-23,Qatar Grand Prix,TSU,Racing Bulls,14,14,80.52,81.771,0.015536513
2024,23,2024-23,Qatar Grand Prix,STR,Aston Martin,15,15,80.52,81.911,0.017275211
2024,23,2024-23,Qatar Grand Prix,ALB,Williams,16,16,80.52,82.39,0.023224044
2024,23,2024-23,Qatar Grand Prix,LAW,Racing Bulls,17,17,80.52,82.411,0.023484848
2024,23,2024-23,Qatar Grand Prix,HUL,Haas F1 Team,18,18,80.52,82.442,0.023869846
2024,23,2024-23,Qatar Grand Prix,COL,Williams,19,19,80.52,82.594,0.025757576
2024,23,2024-23,Qatar Grand Prix,OCO,Alpine,20,20,80.52,82.714,0.027247889
2024,24,2024-24,Abu Dhabi Grand Prix,NOR,McLaren,1,1,82.595,82.595,0
2024,24,2024-24,Abu Dhabi Grand Prix,PIA,McLaren,2,2,82.595,82.804,0.00253042
2024,24,2024-24,Abu Dhabi Grand Prix,SAI,Ferrari,3,3,82.595,82.824,0.002772565
2024,24,2024-24,Abu Dhabi Grand Prix,HUL,Haas F1 Team,4,4,82.595,82.886,0.003523216
2024,24,2024-24,Abu Dhabi Grand Prix,VER,Red Bull Racing,5,5,82.595,82.945,0.004237545
2024,24,2024-24,Abu Dhabi Grand Prix,GAS,Alpine,6,6,82.595,82.984,0.004709728
2024,24,2024-24,Abu Dhabi Grand Prix,RUS,Mercedes,7,7,82.595,83.132,0.006501604
2024,24,2024-24,Abu Dhabi Grand Prix,ALO,Aston Martin,8,8,82.595,83.196,0.00727647
2024,24,2024-24,Abu Dhabi Grand Prix,BOT,Kick Sauber,9,9,82.595,83.204,0.007373328
2024,24,2024-24,Abu Dhabi Grand Prix,PER,Red Bull Racing,10,10,82.595,83.264,0.008099764
2024,24,2024-24,Abu Dhabi Grand Prix,TSU,Racing Bulls,11,12,82.595,83.419,0.009976391
2024,24,2024-24,Abu Dhabi Grand Prix,LAW,Racing Bulls,12,13,82.595,83.472,0.010618076
2024,24,2024-24,Abu Dhabi Grand Prix,STR,Aston Martin,13,15,82.595,83.729,0.013729645
2024,24,2024-24,Abu Dhabi Grand Prix,LEC,Ferrari,14,11,82.595,83.302,0.00855984
2024,24,2024-24,Abu Dhabi Grand Prix,MAG,Haas F1 Team,15,14,82.595,83.632,0.012555239
2024,24,2024-24,Abu Dhabi Grand Prix,ALB,Williams,16,16,82.595,83.821,0.014843514
2024,24,2024-24,Abu Dhabi Grand Prix,ZHO,Kick Sauber,17,17,82.595,83.88,0.015557842
2024,24,2024-24,Abu Dhabi Grand Prix,HAM,Mercedes,18,18,82.595,83.887,0.015642593
2024,24,2024-24,Abu Dhabi Grand Prix,COL,Williams,19,19,82.595,83.912,0.015945275
2024,24,2024-24,Abu Dhabi Grand Prix,DOO,Alpine,20,20,82.595,84.105,0.018281978
2025,1,2025-01,Australian Grand Prix,NOR,McLaren,1,1,75.096,75.096,0
2025,1,2025-01,Australian Grand Prix,PIA,McLaren,2,2,75.096,75.18,0.001118568
2025,1,2025-01,Australian Grand Prix,VER,Red Bull Racing,3,3,75.096,75.481,0.005126771
2025,1,2025-01,Australian Grand Prix,RUS,Mercedes,4,4,75.096,75.546,0.00599233
2025,1,2025-01,Australian Grand Prix,TSU,Racing Bulls,5,5,75.096,75.67,0.00764355
2025,1,2025-01,Australian Grand Prix,ALB,Williams,6,6,75.096,75.737,0.008535741
2025,1,2025-01,Australian Grand Prix,LEC,Ferrari,7,7,75.096,75.755,0.008775434
2025,1,2025-01,Australian Grand Prix,HAM,Ferrari,8,8,75.096,75.919,0.010959305
2025,1,2025-01,Australian Grand Prix,GAS,Alpine,9,10,75.096,75.98,0.011771599
2025,1,2025-01,Australian Grand Prix,SAI,Williams,10,9,75.096,75.931,0.011119101
2025,1,2025-01,Australian Grand Prix,HAD,Racing Bulls,11,11,75.096,76.175,0.014368275
2025,1,2025-01,Australian Grand Prix,ALO,Aston Martin,12,12,75.096,76.288,0.015873016
2025,1,2025-01,Australian Grand Prix,STR,Aston Martin,13,14,75.096,76.369,0.016951635
2025,1,2025-01,Australian Grand Prix,DOO,Alpine,14,13,75.096,76.315,0.016232556
2025,1,2025-01,Australian Grand Prix,BOR,Kick Sauber,15,15,75.096,76.516,0.01890913
2025,1,2025-01,Australian Grand Prix,ANT,Mercedes,16,16,75.096,76.525,0.019028976
2025,1,2025-01,Australian Grand Prix,HUL,Kick Sauber,17,17,75.096,76.579,0.019748056
2025,1,2025-01,Australian Grand Prix,LAW,Red Bull Racing,18,18,75.096,77.094,0.026605944
2025,1,2025-01,Australian Grand Prix,OCO,Haas F1 Team,19,19,75.096,77.147,0.027311708
2025,2,2025-02,Chinese Grand Prix,PIA,McLaren,1,1,90.641,90.641,0
2025,2,2025-02,Chinese Grand Prix,RUS,Mercedes,2,2,90.641,90.723,0.000904668
2025,2,2025-02,Chinese Grand Prix,NOR,McLaren,3,3,90.641,90.787,0.00161075
2025,2,2025-02,Chinese Grand Prix,VER,Red Bull Racing,4,4,90.641,90.817,0.001941726
2025,2,2025-02,Chinese Grand Prix,HAM,Ferrari,5,5,90.641,90.927,0.003155305
2025,2,2025-02,Chinese Grand Prix,LEC,Ferrari,6,6,90.641,91.021,0.004192363
2025,2,2025-02,Chinese Grand Prix,HAD,Racing Bulls,7,7,90.641,91.079,0.00483225
2025,2,2025-02,Chinese Grand Prix,ANT,Mercedes,8,8,90.641,91.103,0.005097031
2025,2,2025-02,Chinese Grand Prix,TSU,Racing Bulls,9,9,90.641,91.238,0.006586423
2025,2,2025-02,Chinese Grand Prix,ALB,Williams,10,10,90.641,91.503,0.009510045
2025,2,2025-02,Chinese Grand Prix,OCO,Haas F1 Team,11,11,90.641,91.625,0.010856014
2025,2,2025-02,Chinese Grand Prix,HUL,Kick Sauber,12,13,90.641,91.632,0.010933242
2025,2,2025-02,Chinese Grand Prix,ALO,Aston Martin,13,14,90.641,91.688,0.011551064
2025,2,2025-02,Chinese Grand Prix,STR,Aston Martin,14,15,90.641,91.773,0.01248883
2025,2,2025-02,Chinese Grand Prix,SAI,Williams,15,12,90.641,91.628,0.010889112
2025,2,2025-02,Chinese Grand Prix,GAS,Alpine,16,16,90.641,91.992,0.014904955
2025,2,2025-02,Chinese Grand Prix,BEA,Haas F1 Team,17,17,90.641,92.018,0.015191801
2025,2,2025-02,Chinese Grand Prix,DOO,Alpine,18,18,90.641,92.092,0.016008208
2025,2,2025-02,Chinese Grand Prix,BOR,Kick Sauber,19,19,90.641,92.141,0.016548802
2025,2,2025-02,Chinese Grand Prix,LAW,Red Bull Racing,20,20,90.641,92.174,0.016912876
2025,3,2025-03,Japanese Grand Prix,VER,Red Bull Racing,1,1,86.983,86.983,0
2025,3,2025-03,Japanese Grand Prix,NOR,McLaren,2,2,86.983,86.995,0.000137958
2025,3,2025-03,Japanese Grand Prix,PIA,McLaren,3,3,86.983,87.027,0.000505846
2025,3,2025-03,Japanese Grand Prix,LEC,Ferrari,4,4,86.983,87.299,0.003632894
2025,3,2025-03,Japanese Grand Prix,RUS,Mercedes,5,5,86.983,87.318,0.003851327
2025,3,2025-03,Japanese Grand Prix,ANT,Mercedes,6,6,86.983,87.555,0.006575998
2025,3,2025-03,Japanese Grand Prix,HAD,Racing Bulls,7,7,86.983,87.569,0.006736949
2025,3,2025-03,Japanese Grand Prix,HAM,Ferrari,8,8,86.983,87.61,0.007208305
2025,3,2025-03,Japanese Grand Prix,ALB,Williams,9,9,86.983,87.615,0.007265788
2025,3,2025-03,Japanese Grand Prix,BEA,Haas F1 Team,10,10,86.983,87.711,0.008369452
2025,3,2025-03,Japanese Grand Prix,GAS,Alpine,11,11,86.983,87.822,0.009645563
2025,3,2025-03,Japanese Grand Prix,SAI,Williams,12,12,86.983,87.836,0.009806514
2025,3,2025-03,Japanese Grand Prix,ALO,Aston Martin,13,13,86.983,87.897,0.0105078
2025,3,2025-03,Japanese Grand Prix,LAW,Racing Bulls,14,14,86.983,87.906,0.010611269
2025,3,2025-03,Japanese Grand Prix,TSU,Red Bull Racing,15,15,86.983,87.967,0.011312555
2025,3,2025-03,Japanese Grand Prix,HUL,Kick Sauber,16,16,86.983,88.57,0.018244944
2025,3,2025-03,Japanese Grand Prix,BOR,Kick Sauber,17,17,86.983,88.622,0.018842762
2025,3,2025-03,Japanese Grand Prix,OCO,Haas F1 Team,18,18,86.983,88.696,0.019693503
2025,3,2025-03,Japanese Grand Prix,DOO,Alpine,19,19,86.983,88.877,0.02177437
2025,3,2025-03,Japanese Grand Prix,STR,Aston Martin,20,20,86.983,89.271,0.02630399
2025,4,2025-04,Bahrain Grand Prix,PIA,McLaren,1,1,89.841,89.841,0
2025,4,2025-04,Bahrain Grand Prix,RUS,Mercedes,2,2,89.841,90.009,0.00186997
2025,4,2025-04,Bahrain Grand Prix,LEC,Ferrari,3,3,89.841,90.175,0.003717679
2025,4,2025-04,Bahrain Grand Prix,ANT,Mercedes,4,4,89.841,90.213,0.004140648
2025,4,2025-04,Bahrain Grand Prix,GAS,Alpine,5,5,89.841,90.216,0.004174041
2025,4,2025-04,Bahrain Grand Prix,NOR,McLaren,6,6,89.841,90.267,0.00474171
2025,4,2025-04,Bahrain Grand Prix,VER,Red Bull Racing,7,7,89.841,90.423,0.006478111
2025,4,2025-04,Bahrain Grand Prix,SAI,Williams,8,8,89.841,90.68,0.009338721
2025,4,2025-04,Bahrain Grand Prix,HAM,Ferrari,9,9,89.841,90.772,0.010362752
2025,4,2025-04,Bahrain Grand Prix,TSU,Red Bull Racing,10,10,89.841,91.228,0.015438386
2025,4,2025-04,Bahrain Grand Prix,DOO,Alpine,11,11,89.841,91.245,0.015627609
2025,4,2025-04,Bahrain Grand Prix,HAD,Racing Bulls,12,12,89.841,91.271,0.015917009
2025,4,2025-04,Bahrain Grand Prix,ALO,Aston Martin,13,14,89.841,91.634,0.01995748
2025,4,2025-04,Bahrain Grand Prix,OCO,Haas F1 Team,14,13,89.841,91.594,0.019512249
2025,4,2025-04,Bahrain Grand Prix,ALB,Williams,15,15,89.841,92.04,0.024476575
2025,4,2025-04,Bahrain Grand Prix,HUL,Kick Sauber,16,16,89.841,92.067,0.024777106
2025,4,2025-04,Bahrain Grand Prix,LAW,Racing Bulls,17,17,89.841,92.165,0.025867922
2025,4,2025-04,Bahrain Grand Prix,BOR,Kick Sauber,18,18,89.841,92.186,0.026101669
2025,4,2025-04,Bahrain Grand Prix,STR,Aston Martin,19,19,89.841,92.283,0.027181354
2025,4,2025-04,Bahrain Grand Prix,BEA,Haas F1 Team,20,20,89.841,92.373,0.028183124
2025,5,2025-05,Saudi Arabian Grand Prix,VER,Red Bull Racing,1,1,87.294,87.294,0
2025,5,2025-05,Saudi Arabian Grand Prix,PIA,McLaren,2,2,87.294,87.304,0.000114555
2025,5,2025-05,Saudi Arabian Grand Prix,RUS,Mercedes,3,3,87.294,87.407,0.001294476
2025,5,2025-05,Saudi Arabian Grand Prix,LEC,Ferrari,4,5,87.294,87.67,0.004307283
2025,5,2025-05,Saudi Arabian Grand Prix,ANT,Mercedes,5,6,87.294,87.798,0.005773593
2025,5,2025-05,Saudi Arabian Grand Prix,SAI,Williams,6,8,87.294,88.024,0.008362545
2025,5,2025-05,Saudi Arabian Grand Prix,HAM,Ferrari,7,10,87.294,88.102,0.009256077
2025,5,2025-05,Saudi Arabian Grand Prix,TSU,Red Bull Racing,8,7,87.294,87.99,0.007973057
2025,5,2025-05,Saudi Arabian Grand Prix,GAS,Alpine,9,9,87.294,88.025,0.008374001
2025,5,2025-05,Saudi Arabian Grand Prix,NOR,McLaren,10,4,87.294,87.481,0.002142186
2025,5,2025-05,Saudi Arabian Grand Prix,ALB,Williams,11,11,87.294,88.109,0.009336266
2025,5,2025-05,Saudi Arabian Grand Prix,LAW,Racing Bulls,12,12,87.294,88.191,0.01027562
2025,5,2025-05,Saudi Arabian Grand Prix,ALO,Aston Martin,13,13,87.294,88.303,0.011558641
2025,5,2025-05,Saudi Arabian Grand Prix,HAD,Racing Bulls,14,14,87.294,88.418,0.012876028
2025,5,2025-05,Saudi Arabian Grand Prix,BEA,Haas F1 Team,15,15,87.294,88.536,0.014227782
2025,5,2025-05,Saudi Arabian Grand Prix,STR,Aston Martin,16,16,87.294,88.645,0.015476436
2025,5,2025-05,Saudi Arabian Grand Prix,DOO,Alpine,17,17,87.294,88.739,0.016553257
2025,5,2025-05,Saudi Arabian Grand Prix,HUL,Kick Sauber,18,18,87.294,88.782,0.017045845
2025,5,2025-05,Saudi Arabian Grand Prix,OCO,Haas F1 Team,19,19,87.294,89.092,0.020597063
2025,5,2025-05,Saudi Arabian Grand Prix,BOR,Kick Sauber,20,20,87.294,89.462,0.024835613
2025,6,2025-06,Miami Grand Prix,VER,Red Bull Racing,1,1,86.204,86.204,0
2025,6,2025-06,Miami Grand Prix,NOR,McLaren,2,2,86.204,86.269,0.000754025
2025,6,2025-06,Miami Grand Prix,ANT,Mercedes,3,4,86.204,86.271,0.000777226
2025,6,2025-06,Miami Grand Prix,PIA,McLaren,4,2,86.204,86.269,0.000754025
2025,6,2025-06,Miami Grand Prix,RUS,Mercedes,5,5,86.204,86.385,0.002099671
2025,6,2025-06,Miami Grand Prix,SAI,Williams,6,6,86.204,86.569,0.004234142
2025,6,2025-06,Miami Grand Prix,ALB,Williams,7,7,86.204,86.682,0.005544986
2025,6,2025-06,Miami Grand Prix,LEC,Ferrari,8,8,86.204,86.754,0.006380214
2025,6,2025-06,Miami Grand Prix,OCO,Haas F1 Team,9,9,86.204,86.824,0.007192242
2025,6,2025-06,Miami Grand Prix,TSU,Red Bull Racing,10,10,86.204,86.943,0.008572688
2025,6,2025-06,Miami Grand Prix,HAD,Racing Bulls,11,11,86.204,86.987,0.009083105
2025,6,2025-06,Miami Grand Prix,HAM,Ferrari,12,12,86.204,87.006,0.009303513
2025,6,2025-06,Miami Grand Prix,BOR,Kick Sauber,13,13,86.204,87.151,0.010985569
2025,6,2025-06,Miami Grand Prix,DOO,Alpine,14,14,86.204,87.186,0.011391583
2025,6,2025-06,Miami Grand Prix,LAW,Racing Bulls,15,15,86.204,87.363,0.013444852
2025,6,2025-06,Miami Grand Prix,HUL,Kick Sauber,16,16,86.204,87.473,0.014720895
2025,6,2025-06,Miami Grand Prix,ALO,Aston Martin,17,17,86.204,87.604,0.016240546
2025,6,2025-06,Miami Grand Prix,GAS,Alpine,18,18,86.204,87.71,0.017470187
2025,6,2025-06,Miami Grand Prix,STR,Aston Martin,19,19,86.204,87.83,0.018862234
2025,6,2025-06,Miami Grand Prix,BEA,Haas F1 Team,20,20,86.204,87.999,0.0208227
2025,7,2025-07,Emilia Romagna Grand Prix,PIA,McLaren,1,1,74.67,74.67,0
2025,7,2025-07,Emilia Romagna Grand Prix,VER,Red Bull Racing,2,2,74.67,74.704,0.000455337
2025,7,2025-07,Emilia Romagna Grand Prix,RUS,Mercedes,3,3,74.67,74.807,0.00183474
2025,7,2025-07,Emilia Romagna Grand Prix,NOR,McLaren,4,4,74.67,74.962,0.00391054
2025,7,2025-07,Emilia Romagna Grand Prix,ALO,Aston Martin,5,6,74.67,75.431,0.010191509
2025,7,2025-07,Emilia Romagna Grand Prix,SAI,Williams,6,5,74.67,75.198,0.007071113
2025,7,2025-07,Emilia Romagna Grand Prix,ALB,Williams,7,7,74.67,75.473,0.010753984
2025,7,2025-07,Emilia Romagna Grand Prix,STR,Aston Martin,8,8,74.67,75.497,0.011075398
2025,7,2025-07,Emilia Romagna Grand Prix,HAD,Racing Bulls,9,10,74.67,75.51,0.011249498
2025,7,2025-07,Emilia Romagna Grand Prix,GAS,Alpine,10,9,74.67,75.505,0.011182536
2025,7,2025-07,Emilia Romagna Grand Prix,LEC,Ferrari,11,11,74.67,75.604,0.01250837
2025,7,2025-07,Emilia Romagna Grand Prix,HAM,Ferrari,12,12,74.67,75.765,0.014664524
2025,7,2025-07,Emilia Romagna Grand Prix,ANT,Mercedes,13,13,74.67,75.772,0.01475827
2025,7,2025-07,Emilia Romagna Grand Prix,BOR,Kick Sauber,14,16,74.67,76.26,0.021293692
2025,7,2025-07,Emilia Romagna Grand Prix,COL,Alpine,15,15,74.67,76.256,0.021240123
2025,7,2025-07,Emilia Romagna Grand Prix,LAW,Racing Bulls,16,17,74.67,76.379,0.022887371
2025,7,2025-07,Emilia Romagna Grand Prix,HUL,Kick Sauber,17,18,74.67,76.518,0.024748895
2025,7,2025-07,Emilia Romagna Grand Prix,OCO,Haas F1 Team,18,19,74.67,76.613,0.02602116
2025,7,2025-07,Emilia Romagna Grand Prix,BEA,Haas F1 Team,19,14,74.67,76.077,0.018842909
2025,8,2025-08,Monaco Grand Prix,NOR,McLaren,1,1,69.954,69.954,0
2025,8,2025-08,Monaco Grand Prix,LEC,Ferrari,2,2,69.954,70.063,0.001558167
2025,8,2025-08,Monaco Grand Prix,PIA,McLaren,3,3,69.954,70.129,0.002501644
2025,8,2025-08,Monaco Grand Prix,HAM,Ferrari,4,4,69.954,70.382,0.006118306
2025,8,2025-08,Monaco Grand Prix,VER,Red Bull Racing,5,5,69.954,70.669,0.010221002
2025,8,2025-08,Monaco Grand Prix,HAD,Racing Bulls,6,7,69.954,70.923,0.01385196
2025,8,2025-08,Monaco Grand Prix,ALO,Aston Martin,7,8,69.954,70.924,0.013866255
2025,8,2025-08,Monaco Grand Prix,OCO,Haas F1 Team,8,9,69.954,70.942,0.014123567
2025,8,2025-08,Monaco Grand Prix,LAW,Racing Bulls,9,10,69.954,71.129,0.016796752
2025,8,2025-08,Monaco Grand Prix,ALB,Williams,10,6,69.954,70.732,0.011121594
2025,8,2025-08,Monaco Grand Prix,SAI,Williams,11,11,69.954,71.362,0.020127512
2025,8,2025-08,Monaco Grand Prix,TSU,Red Bull Racing,12,12,69.954,71.415,0.020885153
2025,8,2025-08,Monaco Grand Prix,HUL,Kick Sauber,13,14,69.954,71.596,0.023472568
2025,8,2025-08,Monaco Grand Prix,RUS,Mercedes,14,13,69.954,71.507,0.022200303
2025,8,2025-08,Monaco Grand Prix,ANT,Mercedes,15,15,69.954,71.88,0.027532378
2025,8,2025-08,Monaco Grand Prix,BOR,Kick Sauber,16,16,69.954,71.902,0.027846871
2025,8,2025-08,Monaco Grand Prix,BEA,Haas F1 Team,17,17,69.954,71.979,0.028947594
2025,8,2025-08,Monaco Grand Prix,GAS,Alpine,18,18,69.954,71.994,0.029162021
2025,8,2025-08,Monaco Grand Prix,STR,Aston Martin,19,19,69.954,72.563,0.037295937
2025,8,2025-08,Monaco Grand Prix,COL,Alpine,20,20,69.954,72.597,0.037781971
2025,9,2025-09,Spanish Grand Prix,PIA,McLaren,1,1,71.546,71.546,0
2025,9,2025-09,Spanish Grand Prix,NOR,McLaren,2,2,71.546,71.755,0.002921198
2025,9,2025-09,Spanish Grand Prix,VER,Red Bull Racing,3,3,71.546,71.848,0.004221061
2025,9,2025-09,Spanish Grand Prix,RUS,Mercedes,4,3,71.546,71.848,0.004221061
2025,9,2025-09,Spanish Grand Prix,HAM,Ferrari,5,5,71.546,72.045,0.006974534
2025,9,2025-09,Spanish Grand Prix,ANT,Mercedes,6,6,71.546,72.111,0.007897017
2025,9,2025-09,Spanish Grand Prix,LEC,Ferrari,7,7,71.546,72.131,0.008176558
2025,9,2025-09,Spanish Grand Prix,GAS,Alpine,8,8,71.546,72.199,0.009126995
2025,9,2025-09,Spanish Grand Prix,HAD,Racing Bulls,9,9,71.546,72.252,0.009867777
2025,9,2025-09,Spanish Grand Prix,ALO,Aston Martin,10,10,71.546,72.284,0.010315042
2025,9,2025-09,Spanish Grand Prix,ALB,Williams,11,11,71.546,72.641,0.015304839
2025,9,2025-09,Spanish Grand Prix,BOR,Kick Sauber,12,12,71.546,72.756,0.016912196
2025,9,2025-09,Spanish Grand Prix,LAW,Racing Bulls,13,13,71.546,72.763,0.017010036
2025,9,2025-09,Spanish Grand Prix,STR,Aston Martin,14,14,71.546,73.038,0.020853716
2025,9,2025-09,Spanish Grand Prix,BEA,Haas F1 Team,15,15,71.546,73.074,0.021356889
2025,9,2025-09,Spanish Grand Prix,HUL,Kick Sauber,16,16,71.546,73.19,0.022978224
2025,9,2025-09,Spanish Grand Prix,OCO,Haas F1 Team,17,17,71.546,73.201,0.023131971
2025,9,2025-09,Spanish Grand Prix,SAI,Williams,18,18,71.546,73.203,0.023159925
2025,9,2025-09,Spanish Grand Prix,COL,Alpine,19,19,71.546,73.334,0.024990915
2025,9,2025-09,Spanish Grand Prix,TSU,Red Bull Racing,20,20,71.546,73.385,0.025703743
2025,10,2025-10,Canadian Grand Prix,RUS,Mercedes,1,1,70.899,70.899,0
2025,10,2025-10,Canadian Grand Prix,VER,Red Bull Racing,2,2,70.899,71.059,0.002256731
2025,10,2025-10,Canadian Grand Prix,PIA,McLaren,3,3,70.899,71.12,0.00311711
2025,10,2025-10,Canadian Grand Prix,ANT,Mercedes,4,4,70.899,71.391,0.006939449
2025,10,2025-10,Canadian Grand Prix,HAM,Ferrari,5,5,70.899,71.526,0.008843566
2025,10,2025-10,Canadian Grand Prix,ALO,Aston Martin,6,6,70.899,71.586,0.00968984
2025,10,2025-10,Canadian Grand Prix,NOR,McLaren,7,7,70.899,71.599,0.0098732
2025,10,2025-10,Canadian Grand Prix,LEC,Ferrari,8,8,70.899,71.626,0.010254023
2025,10,2025-10,Canadian Grand Prix,HAD,Racing Bulls,9,9,70.899,71.867,0.013653225
2025,10,2025-10,Canadian Grand Prix,ALB,Williams,10,10,70.899,71.892,0.014005839
2025,10,2025-10,Canadian Grand Prix,TSU,Red Bull Racing,11,11,70.899,72.102,0.016967799
2025,10,2025-10,Canadian Grand Prix,COL,Alpine,12,12,70.899,72.142,0.017531982
2025,10,2025-10,Canadian Grand Prix,HUL,Kick Sauber,13,13,70.899,72.183,0.01811027
2025,10,2025-10,Canadian Grand Prix,BEA,Haas F1 Team,14,14,70.899,72.306,0.019845132
2025,10,2025-10,Canadian Grand Prix,OCO,Haas F1 Team,15,15,70.899,72.378,0.020860661
2025,10,2025-10,Canadian Grand Prix,BOR,Kick Sauber,16,16,70.899,72.385,0.020959393
2025,10,2025-10,Canadian Grand Prix,SAI,Williams,17,17,70.899,72.398,0.021142752
2025,10,2025-10,Canadian Grand Prix,STR,Aston Martin,18,18,70.899,72.517,0.022821196
2025,10,2025-10,Canadian Grand Prix,LAW,Racing Bulls,19,19,70.899,72.525,0.022934033
2025,10,2025-10,Canadian Grand Prix,GAS,Alpine,20,20,70.899,72.667,0.024936882
2025,11,2025-11,Austrian Grand Prix,NOR,McLaren,1,1,63.971,63.971,0
2025,11,2025-11,Austrian Grand Prix,LEC,Ferrari,2,2,63.971,64.492,0.008144315
2025,11,2025-11,Austrian Grand Prix,PIA,McLaren,3,3,63.971,64.554,0.009113505
2025,11,2025-11,Austrian Grand Prix,HAM,Ferrari,4,4,63.971,64.582,0.009551203
2025,11,2025-11,Austrian Grand Prix,RUS,Mercedes,5,5,63.971,64.763,0.01238061
2025,11,2025-11,Austrian Grand Prix,LAW,Racing Bulls,6,9,63.971,64.926,0.01492864
2025,11,2025-11,Austrian Grand Prix,VER,Red Bull Racing,7,6,63.971,64.836,0.013521752
2025,11,2025-11,Austrian Grand Prix,BOR,Kick Sauber,8,7,63.971,64.846,0.013678073
2025,11,2025-11,Austrian Grand Prix,ANT,Mercedes,9,10,63.971,65.052,0.016898282
2025,11,2025-11,Austrian Grand Prix,GAS,Alpine,10,7,63.971,64.846,0.013678073
2025,11,2025-11,Austrian Grand Prix,ALO,Aston Martin,11,12,63.971,65.128,0.01808632
2025,11,2025-11,Austrian Grand Prix,ALB,Williams,12,13,63.971,65.143,0.018320802
2025,11,2025-11,Austrian Grand Prix,HAD,Racing Bulls,13,11,63.971,65.063,0.017070235
2025,11,2025-11,Austrian Grand Prix,COL,Alpine,14,15,63.971,65.278,0.020431133
2025,11,2025-11,Austrian Grand Prix,BEA,Haas F1 Team,15,14,63.971,65.218,0.019493208
2025,11,2025-11,Austrian Grand Prix,STR,Aston Martin,16,16,63.971,65.329,0.021228369
2025,11,2025-11,Austrian Grand Prix,OCO,Haas F1 Team,17,17,63.971,65.364,0.021775492
2025,11,2025-11,Austrian Grand Prix,TSU,Red Bull Racing,18,18,63.971,65.369,0.021853652
2025,11,2025-11,Austrian Grand Prix,SAI,Williams,19,19,63.971,65.582,0.025183286
2025,11,2025-11,Austrian Grand Prix,HUL,Kick Sauber,20,20,63.971,65.606,0.025558456
2025,12,2025-12,British Grand Prix,VER,Red Bull Racing,1,1,84.892,84.892,0
2025,12,2025-12,British Grand Prix,PIA,McLaren,2,2,84.892,84.995,0.001213306
2025,12,2025-12,British Grand Prix,NOR,McLaren,3,3,84.892,85.01,0.001390001
2025,12,2025-12,British Grand Prix,RUS,Mercedes,4,4,84.892,85.029,0.001613815
2025,12,2025-12,British Grand Prix,HAM,Ferrari,5,5,84.892,85.084,0.002261697
2025,12,2025-12,British Grand Prix,LEC,Ferrari,6,6,84.892,85.121,0.002697545
2025,12,2025-12,British Grand Prix,ANT,Mercedes,7,7,84.892,85.374,0.005677802
2025,12,2025-12,British Grand Prix,BEA,Haas F1 Team,8,8,84.892,85.471,0.006820431
2025,12,2025-12,British Grand Prix,ALO,Aston Martin,9,9,84.892,85.593,0.008257551
2025,12,2025-12,British Grand Prix,GAS,Alpine,10,10,84.892,85.711,0.009647552
2025,12,2025-12,British Grand Prix,SAI,Williams,11,11,84.892,85.746,0.010059841
2025,12,2025-12,British Grand Prix,TSU,Red Bull Racing,12,12,84.892,85.826,0.011002215
2025,12,2025-12,British Grand Prix,HAD,Racing Bulls,13,13,84.892,85.864,0.011449842
2025,12,2025-12,British Grand Prix,ALB,Williams,14,14,84.892,85.889,0.011744334
2025,12,2025-12,British Grand Prix,OCO,Haas F1 Team,15,15,84.892,85.95,0.012462894
2025,12,2025-12,British Grand Prix,LAW,Racing Bulls,16,16,84.892,86.44,0.018234934
2025,12,2025-12,British Grand Prix,BOR,Kick Sauber,17,17,84.892,86.446,0.018305612
2025,12,2025-12,British Grand Prix,STR,Aston Martin,18,18,84.892,86.504,0.018988833
2025,12,2025-12,British Grand Prix,HUL,Kick Sauber,19,19,84.892,86.574,0.01981341
2025,12,2025-12,British Grand Prix,COL,Alpine,20,20,84.892,87.06,0.025538331
2025,13,2025-13,Belgian Grand Prix,NOR,McLaren,1,1,100.562,100.562,0
2025,13,2025-13,Belgian Grand Prix,PIA,McLaren,2,2,100.562,100.626,0.000636423
2025,13,2025-13,Belgian Grand Prix,LEC,Ferrari,3,3,100.562,100.9,0.003361111
2025,13,2025-13,Belgian Grand Prix,VER,Red Bull Racing,4,4,100.562,100.903,0.003390943
2025,13,2025-13,Belgian Grand Prix,ALB,Williams,5,5,100.562,101.201,0.006354289
2025,13,2025-13,Belgian Grand Prix,RUS,Mercedes,6,7,100.562,101.254,0.006881327
2025,13,2025-13,Belgian Grand Prix,TSU,Red Bull Racing,7,6,100.562,101.245,0.00679183
2025,13,2025-13,Belgian Grand Prix,HAD,Racing Bulls,8,8,100.562,101.281,0.007149818
2025,13,2025-13,Belgian Grand Prix,LAW,Racing Bulls,9,9,100.562,101.297,0.007308924
2025,13,2025-13,Belgian Grand Prix,BOR,Kick Sauber,10,10,100.562,101.336,0.007696744
2025,13,2025-13,Belgian Grand Prix,OCO,Haas F1 Team,11,11,100.562,101.525,0.009576182
2025,13,2025-13,Belgian Grand Prix,BEA,Haas F1 Team,12,12,100.562,101.617,0.01049104
2025,13,2025-13,Belgian Grand Prix,GAS,Alpine,13,13,100.562,101.633,0.010650146
2025,13,2025-13,Belgian Grand Prix,HUL,Kick Sauber,14,15,100.562,101.707,0.011386011
2025,13,2025-13,Belgian Grand Prix,SAI,Williams,15,14,100.562,101.691,0.011226905
2025,13,2025-13,Belgian Grand Prix,HAM,Ferrari,16,16,100.562,101.939,0.013693045
2025,13,2025-13,Belgian Grand Prix,COL,Alpine,17,17,100.562,102.022,0.014518407
2025,13,2025-13,Belgian Grand Prix,ANT,Mercedes,18,18,100.562,102.139,0.015681868
2025,13,2025-13,Belgian Grand Prix,ALO,Aston Martin,19,19,100.562,102.385,0.01812812
2025,13,2025-13,Belgian Grand Prix,STR,Aston Martin,20,20,100.562,102.502,0.019291581
2025,14,2025-14,Hungarian Grand Prix,LEC,Ferrari,1,6,74.89,75.372,0.006436106
2025,14,2025-14,Hungarian Grand Prix,PIA,McLaren,2,2,74.89,74.941,0.000680999
2025,14,2025-14,Hungarian Grand Prix,NOR,McLaren,3,1,74.89,74.89,0
2025,14,2025-14,Hungarian Grand Prix,RUS,Mercedes,4,4,74.89,75.201,0.004152757
2025,14,2025-14,Hungarian Grand Prix,ALO,Aston Martin,5,5,74.89,75.281,0.005220991
2025,14,2025-14,Hungarian Grand Prix,STR,Aston Martin,6,3,74.89,75.129,0.003191347
2025,14,2025-14,Hungarian Grand Prix,BOR,Kick Sauber,7,9,74.89,75.586,0.009293631
2025,14,2025-14,Hungarian Grand Prix,VER,Red Bull Racing,8,8,74.89,75.547,0.008772867
2025,14,2025-14,Hungarian Grand Prix,LAW,Racing Bulls,9,10,74.89,75.63,0.009881159
2025,14,2025-14,Hungarian Grand Prix,HAD,Racing Bulls,10,7,74.89,75.469,0.007731339
2025,14,2025-14,Hungarian Grand Prix,BEA,Haas F1 Team,11,12,74.89,75.694,0.010735746
2025,14,2025-14,Hungarian Grand Prix,HAM,Ferrari,12,13,74.89,75.702,0.010842569
2025,14,2025-14,Hungarian Grand Prix,SAI,Williams,13,11,74.89,75.652,0.010174923
2025,14,2025-14,Hungarian Grand Prix,COL,Alpine,14,15,74.89,75.875,0.013152624
2025,14,2025-14,Hungarian Grand Prix,ANT,Mercedes,15,14,74.89,75.782,0.011910803
2025,14,2025-14,Hungarian Grand Prix,TSU,Red Bull Racing,16,16,74.89,75.899,0.013473094
2025,14,2025-14,Hungarian Grand Prix,GAS,Alpine,17,17,74.89,75.966,0.014367739
2025,14,2025-14,Hungarian Grand Prix,OCO,Haas F1 Team,18,18,74.89,76.023,0.015128856
2025,14,2025-14,Hungarian Grand Prix,HUL,Kick Sauber,19,19,74.89,76.081,0.015903325
2025,14,2025-14,Hungarian Grand Prix,ALB,Williams,20,20,74.89,76.223,0.017799439
2025,15,2025-15,Dutch Grand Prix,PIA,McLaren,1,1,68.662,68.662,0
2025,15,2025-15,Dutch Grand Prix,NOR,McLaren,2,2,68.662,68.674,0.000174769
2025,15,2025-15,Dutch Grand Prix,VER,Red Bull Racing,3,3,68.662,68.925,0.003830357
2025,15,2025-15,Dutch Grand Prix,HAD,Racing Bulls,4,4,68.662,69.208,0.007951997
2025,15,2025-15,Dutch Grand Prix,RUS,Mercedes,5,5,68.662,69.255,0.008636509
2025,15,2025-15,Dutch Grand Prix,LEC,Ferrari,6,7,68.662,69.304,0.00935015
2025,15,2025-15,Dutch Grand Prix,HAM,Ferrari,7,6,68.662,69.261,0.008723894
2025,15,2025-15,Dutch Grand Prix,LAW,Racing Bulls,8,9,68.662,69.383,0.010500714
2025,15,2025-15,Dutch Grand Prix,SAI,Williams,9,10,68.662,69.472,0.011796918
2025,15,2025-15,Dutch Grand Prix,ALO,Aston Martin,10,8,68.662,69.366,0.010253124
2025,15,2025-15,Dutch Grand Prix,ANT,Mercedes,11,11,68.662,69.493,0.012102764
2025,15,2025-15,Dutch Grand Prix,TSU,Red Bull Racing,12,12,68.662,69.622,0.013981533
2025,15,2025-15,Dutch Grand Prix,BOR,Kick Sauber,13,12,68.662,69.622,0.013981533
2025,15,2025-15,Dutch Grand Prix,GAS,Alpine,14,14,68.662,69.637,0.014199994
2025,15,2025-15,Dutch Grand Prix,ALB,Williams,15,15,68.662,69.652,0.014418456
2025,15,2025-15,Dutch Grand Prix,COL,Alpine,16,16,68.662,70.104,0.021001427
2025,15,2025-15,Dutch Grand Prix,HUL,Kick Sauber,17,17,68.662,70.195,0.02232676
2025,15,2025-15,Dutch Grand Prix,OCO,Haas F1 Team,18,18,68.662,70.197,0.022355888
2025,15,2025-15,Dutch Grand Prix,BEA,Haas F1 Team,19,19,68.662,70.262,0.023302555
2025,16,2025-16,Italian Grand Prix,VER,Red Bull Racing,1,1,78.792,78.792,0
2025,16,2025-16,Italian Grand Prix,NOR,McLaren,2,2,78.792,78.869,0.000977257
2025,16,2025-16,Italian Grand Prix,PIA,McLaren,3,3,78.792,78.982,0.002411412
2025,16,2025-16,Italian Grand Prix,LEC,Ferrari,4,4,78.792,79.007,0.002728703
2025,16,2025-16,Italian Grand Prix,HAM,Ferrari,5,5,78.792,79.124,0.004213626
2025,16,2025-16,Italian Grand Prix,RUS,Mercedes,6,6,78.792,79.157,0.00463245
2025,16,2025-16,Italian Grand Prix,ANT,Mercedes,7,7,78.792,79.2,0.005178191
2025,16,2025-16,Italian Grand Prix,BOR,Kick Sauber,8,8,78.792,79.323,0.006739263
2025,16,2025-16,Italian Grand Prix,ALO,Aston Martin,9,9,78.792,79.362,0.007234237
2025,16,2025-16,Italian Grand Prix,TSU,Red Bull Racing,10,10,78.792,79.433,0.008135344
2025,16,2025-16,Italian Grand Prix,BEA,Haas F1 Team,11,11,78.792,79.446,0.008300335
2025,16,2025-16,Italian Grand Prix,HUL,Kick Sauber,12,12,78.792,79.498,0.008960301
2025,16,2025-16,Italian Grand Prix,SAI,Williams,13,13,78.792,79.528,0.00934105
2025,16,2025-16,Italian Grand Prix,ALB,Williams,14,14,78.792,79.583,0.01003909
2025,16,2025-16,Italian Grand Prix,OCO,Haas F1 Team,15,15,78.792,79.707,0.011612854
2025,16,2025-16,Italian Grand Prix,HAD,Racing Bulls,16,16,78.792,79.917,0.014278099
2025,16,2025-16,Italian Grand Prix,STR,Aston Martin,17,17,78.792,79.948,0.01467154
2025,16,2025-16,Italian Grand Prix,COL,Alpine,18,18,78.792,79.992,0.015229973
2025,16,2025-16,Italian Grand Prix,GAS,Alpine,19,19,78.792,80.103,0.016638745
2025,16,2025-16,Italian Grand Prix,LAW,Racing Bulls,20,20,78.792,80.279,0.018872474
2025,17,2025-17,Azerbaijan Grand Prix,VER,Red Bull Racing,1,1,101.117,101.117,0
2025,17,2025-17,Azerbaijan Grand Prix,SAI,Williams,2,8,101.117,101.595,0.004727197
2025,17,2025-17,Azerbaijan Grand Prix,LAW,Racing Bulls,3,7,101.117,101.537,0.004153604
2025,17,2025-17,Azerbaijan Grand Prix,ANT,Mercedes,4,6,101.117,101.464,0.003431668
2025,17,2025-17,Azerbaijan Grand Prix,RUS,Mercedes,5,4,101.117,101.455,0.003342662
2025,17,2025-17,Azerbaijan Grand Prix,TSU,Red Bull Racing,6,10,101.117,101.788,0.006635877
2025,17,2025-17,Azerbaijan Grand Prix,NOR,McLaren,7,2,101.117,101.322,0.002027354
2025,17,2025-17,Azerbaijan Grand Prix,HAD,Racing Bulls,8,9,101.117,101.647,0.005241453
2025,17,2025-17,Azerbaijan Grand Prix,PIA,McLaren,9,3,101.117,101.414,0.002937192
2025,17,2025-17,Azerbaijan Grand Prix,LEC,Ferrari,10,5,101.117,101.458,0.003372331
2025,17,2025-17,Azerbaijan Grand Prix,ALO,Aston Martin,11,12,101.117,101.857,0.007318255
2025,17,2025-17,Azerbaijan Grand Prix,HAM,Ferrari,12,11,101.117,101.821,0.006962232
2025,17,2025-17,Azerbaijan Grand Prix,BOR,Kick Sauber,13,14,101.117,102.277,0.011471859
2025,17,2025-17,Azerbaijan Grand Prix,STR,Aston Martin,14,13,101.117,102.101,0.009731301
2025,17,2025-17,Azerbaijan Grand Prix,BEA,Haas F1 Team,15,15,101.117,102.666,0.015318888
2025,17,2025-17,Azerbaijan Grand Prix,COL,Alpine,16,16,101.117,102.779,0.016436405
2025,17,2025-17,Azerbaijan Grand Prix,HUL,Kick Sauber,17,17,101.117,102.916,0.017791271
2025,17,2025-17,Azerbaijan Grand Prix,GAS,Alpine,18,19,101.117,103.139,0.019996638
2025,17,2025-17,Azerbaijan Grand Prix,ALB,Williams,19,20,101.117,103.778,0.02631605
2025,17,2025-17,Azerbaijan Grand Prix,OCO,Haas F1 Team,20,18,101.117,103.004,0.01866155
2025,18,2025-18,Singapore Grand Prix,RUS,Mercedes,1,1,89.158,89.158,0
2025,18,2025-18,Singapore Grand Prix,VER,Red Bull Racing,2,2,89.158,89.34,0.00204132
2025,18,2025-18,Singapore Grand Prix,PIA,McLaren,3,3,89.158,89.524,0.004105072
2025,18,2025-18,Singapore Grand Prix,ANT,Mercedes,4,4,89.158,89.537,0.00425088
2025,18,2025-18,Singapore Grand Prix,NOR,McLaren,5,5,89.158,89.586,0.004800467
2025,18,2025-18,Singapore Grand Prix,HAM,Ferrari,6,6,89.158,89.688,0.005944503
2025,18,2025-18,Singapore Grand Prix,LEC,Ferrari,7,7,89.158,89.784,0.007021243
2025,18,2025-18,Singapore Grand Prix,HAD,Racing Bulls,8,8,89.158,89.846,0.007716638
2025,18,2025-18,Singapore Grand Prix,BEA,Haas F1 Team,9,9,89.158,89.868,0.007963391
2025,18,2025-18,Singapore Grand Prix,ALO,Aston Martin,10,10,89.158,89.955,0.008939187
2025,18,2025-18,Singapore Grand Prix,HUL,Kick Sauber,11,11,89.158,90.141,0.011025371
2025,18,2025-18,Singapore Grand Prix,LAW,Racing Bulls,12,14,89.158,90.32,0.013033042
2025,18,2025-18,Singapore Grand Prix,TSU,Red Bull Racing,13,15,89.158,90.353,0.013403172
2025,18,2025-18,Singapore Grand Prix,BOR,Kick Sauber,14,16,89.158,90.82,0.018641064
2025,18,2025-18,Singapore Grand Prix,STR,Aston Martin,15,17,89.158,90.949,0.020087934
2025,18,2025-18,Singapore Grand Prix,COL,Alpine,16,18,89.158,90.982,0.020458063
2025,18,2025-18,Singapore Grand Prix,OCO,Haas F1 Team,17,19,89.158,90.989,0.020536576
2025,18,2025-18,Singapore Grand Prix,GAS,Alpine,18,20,89.158,91.261,0.023587339
2025,18,2025-18,Singapore Grand Prix,ALB,Williams,19,12,89.158,90.202,0.011709549
2025,18,2025-18,Singapore Grand Prix,SAI,Williams,20,13,89.158,90.235,0.012079679
2025,19,2025-19,United States Grand Prix,VER,Red Bull Racing,1,1,92.51,92.51,0
2025,19,2025-19,United States Grand Prix,NOR,McLaren,2,2,92.51,92.801,0.003145606
2025,19,2025-19,United States Grand Prix,LEC,Ferrari,3,3,92.51,92.807,0.003210464
2025,19,2025-19,United States Grand Prix,RUS,Mercedes,4,4,92.51,92.826,0.003415847
2025,19,2025-19,United States Grand Prix,HAM,Ferrari,5,5,92.51,92.912,0.004345476
2025,19,2025-19,United States Grand Prix,PIA,McLaren,6,7,92.51,93.084,0.006204735
2025,19,2025-19,United States Grand Prix,ANT,Mercedes,7,6,92.51,93.044,0.005772349
2025,19,2025-19,United States Grand Prix,BEA,Haas F1 Team,8,9,92.51,93.139,0.006799265
2025,19,2025-19,United States Grand Prix,SAI,Williams,9,8,92.51,93.124,0.00663712
2025,19,2025-19,United States Grand Prix,ALO,Aston Martin,10,10,92.51,93.16,0.007026267
2025,19,2025-19,United States Grand Prix,HUL,Kick Sauber,11,11,92.51,93.334,0.008907145
2025,19,2025-19,United States Grand Prix,LAW,Racing Bulls,12,12,92.51,93.36,0.009188196
2025,19,2025-19,United States Grand Prix,TSU,Red Bull Racing,13,13,92.51,93.466,0.010334018
2025,19,2025-19,United States Grand Prix,GAS,Alpine,14,14,92.51,93.599,0.0117717
2025,19,2025-19,United States Grand Prix,COL,Alpine,15,15,92.51,94.039,0.016527943
2025,19,2025-19,United States Grand Prix,BOR,Kick Sauber,16,16,92.51,94.125,0.017457572
2025,19,2025-19,United States Grand Prix,OCO,Haas F1 Team,17,17,92.51,94.136,0.017576478
2025,19,2025-19,United States Grand Prix,STR,Aston Martin,18,18,92.51,94.54,0.021943574
2025,19,2025-19,United States Grand Prix,ALB,Williams,19,19,92.51,94.69,0.02356502
2025,20,2025-20,Mexico City Grand Prix,NOR,McLaren,1,1,75.586,75.586,0
2025,20,2025-20,Mexico City Grand Prix,LEC,Ferrari,2,2,75.586,75.848,0.00346625
2025,20,2025-20,Mexico City Grand Prix,HAM,Ferrari,3,3,75.586,75.938,0.004656947
2025,20,2025-20,Mexico City Grand Prix,RUS,Mercedes,4,4,75.586,76.034,0.005927024
2025,20,2025-20,Mexico City Grand Prix,VER,Red Bull Racing,5,5,75.586,76.07,0.006403302
2025,20,2025-20,Mexico City Grand Prix,ANT,Mercedes,6,6,75.586,76.118,0.00703834
2025,20,2025-20,Mexico City Grand Prix,SAI,Williams,7,7,75.586,76.172,0.007752758
2025,20,2025-20,Mexico City Grand Prix,PIA,McLaren,8,8,75.586,76.174,0.007779218
2025,20,2025-20,Mexico City Grand Prix,HAD,Racing Bulls,9,9,75.586,76.252,0.008811156
2025,20,2025-20,Mexico City Grand Prix,BEA,Haas F1 Team,10,10,75.586,76.46,0.011562988
2025,20,2025-20,Mexico City Grand Prix,TSU,Red Bull Racing,11,11,75.586,76.816,0.016272855
2025,20,2025-20,Mexico City Grand Prix,OCO,Haas F1 Team,12,12,75.586,76.837,0.016550684
2025,20,2025-20,Mexico City Grand Prix,HUL,Kick Sauber,13,14,75.586,77.016,0.018918847
2025,20,2025-20,Mexico City Grand Prix,ALO,Aston Martin,14,15,75.586,77.103,0.020069854
2025,20,2025-20,Mexico City Grand Prix,LAW,Racing Bulls,15,13,75.586,76.961,0.018191199
2025,20,2025-20,Mexico City Grand Prix,BOR,Kick Sauber,16,16,75.586,77.412,0.024157913
2025,20,2025-20,Mexico City Grand Prix,ALB,Williams,17,17,75.586,77.49,0.02518985
2025,20,2025-20,Mexico City Grand Prix,GAS,Alpine,18,18,75.586,77.546,0.025930728
2025,20,2025-20,Mexico City Grand Prix,STR,Aston Martin,19,19,75.586,77.606,0.026724526
2025,20,2025-20,Mexico City Grand Prix,COL,Alpine,20,20,75.586,77.67,0.027571243
2025,21,2025-21,São Paulo Grand Prix,NOR,McLaren,1,1,69.511,69.511,0
2025,21,2025-21,São Paulo Grand Prix,ANT,Mercedes,2,2,69.511,69.685,0.002503201
2025,21,2025-21,São Paulo Grand Prix,LEC,Ferrari,3,4,69.511,69.801,0.004172002
2025,21,2025-21,São Paulo Grand Prix,PIA,McLaren,4,5,69.511,69.835,0.004661133
2025,21,2025-21,São Paulo Grand Prix,HAD,Racing Bulls,5,8,69.511,69.931,0.006042209
2025,21,2025-21,São Paulo Grand Prix,RUS,Mercedes,6,7,69.511,69.88,0.005308512
2025,21,2025-21,São Paulo Grand Prix,LAW,Racing Bulls,7,9,69.511,69.95,0.006315547
2025,21,2025-21,São Paulo Grand Prix,BEA,Haas F1 Team,8,3,69.511,69.755,0.003510236
2025,21,2025-21,São Paulo Grand Prix,GAS,Alpine,9,6,69.511,69.857,0.004977629
2025,21,2025-21,São Paulo Grand Prix,HUL,Kick Sauber,10,10,69.511,69.985,0.006819065
2025,21,2025-21,São Paulo Grand Prix,ALO,Aston Martin,11,11,69.511,70.001,0.007049244
2025,21,2025-21,São Paulo Grand Prix,ALB,Williams,12,14,69.511,70.053,0.007797327
2025,21,2025-21,São Paulo Grand Prix,HAM,Ferrari,13,12,69.511,70.016,0.007265037
2025,21,2025-21,São Paulo Grand Prix,STR,Aston Martin,14,13,69.511,70.041,0.007624692
2025,21,2025-21,São Paulo Grand Prix,SAI,Williams,15,15,69.511,70.184,0.009681921
2025,21,2025-21,São Paulo Grand Prix,VER,Red Bull Racing,16,16,69.511,70.403,0.012832501
2025,21,2025-21,São Paulo Grand Prix,OCO,Haas F1 Team,17,17,69.511,70.438,0.013336019
2025,21,2025-21,São Paulo Grand Prix,COL,Alpine,18,18,69.511,70.632,0.016126944
2025,21,2025-21,São Paulo Grand Prix,TSU,Red Bull Racing,19,19,69.511,70.711,0.017263455
2025,22,2025-22,Las Vegas Grand Prix,NOR,McLaren,1,1,107.934,107.934,0
2025,22,2025-22,Las Vegas Grand Prix,VER,Red Bull Racing,2,2,107.934,108.257,0.00299257
2025,22,2025-22,Las Vegas Grand Prix,SAI,Williams,3,3,107.934,108.296,0.003353901
2025,22,2025-22,Las Vegas Grand Prix,RUS,Mercedes,4,4,107.934,108.803,0.008051216
2025,22,2025-22,Las Vegas Grand Prix,PIA,McLaren,5,5,107.934,108.961,0.009515074
2025,22,2025-22,Las Vegas Grand Prix,LAW,Racing Bulls,6,6,107.934,109.062,0.010450831
2025,22,2025-22,Las Vegas Grand Prix,ALO,Aston Martin,7,7,107.934,109.466,0.014193859
2025,22,2025-22,Las Vegas Grand Prix,HAD,Racing Bulls,8,8,107.934,109.554,0.015009172
2025,22,2025-22,Las Vegas Grand Prix,LEC,Ferrari,9,9,107.934,109.872,0.017955417
2025,22,2025-22,Las Vegas Grand Prix,GAS,Alpine,10,10,107.934,111.54,0.033409306
2025,22,2025-22,Las Vegas Grand Prix,HUL,Kick Sauber,11,11,107.934,112.781,0.044907073
2025,22,2025-22,Las Vegas Grand Prix,STR,Aston Martin,12,12,107.934,112.85,0.045546352
2025,22,2025-22,Las Vegas Grand Prix,OCO,Haas F1 Team,13,13,107.934,112.987,0.046815647
2025,22,2025-22,Las Vegas Grand Prix,BEA,Haas F1 Team,14,14,107.934,113.094,0.047806993
2025,22,2025-22,Las Vegas Grand Prix,COL,Alpine,15,15,107.934,113.683,0.053264032
2025,22,2025-22,Las Vegas Grand Prix,ALB,Williams,16,16,107.934,116.22,0.076769137
2025,22,2025-22,Las Vegas Grand Prix,ANT,Mercedes,17,17,107.934,116.314,0.077640039
2025,22,2025-22,Las Vegas Grand Prix,BOR,Kick Sauber,18,18,107.934,116.674,0.080975411
2025,22,2025-22,Las Vegas Grand Prix,TSU,Red Bull Racing,19,19,107.934,116.798,0.082124261
2025,22,2025-22,Las Vegas Grand Prix,HAM,Ferrari,20,20,107.934,117.115,0.085061241
2025,23,2025-23,Qatar Grand Prix,PIA,McLaren,1,1,79.387,79.387,0
2025,23,2025-23,Qatar Grand Prix,NOR,McLaren,2,2,79.387,79.495,0.001360424
2025,23,2025-23,Qatar Grand Prix,VER,Red Bull Racing,3,3,79.387,79.651,0.003325482
2025,23,2025-23,Qatar Grand Prix,RUS,Mercedes,4,4,79.387,79.662,0.003464043
2025,23,2025-23,Qatar Grand Prix,ANT,Mercedes,5,5,79.387,79.846,0.005781803
2025,23,2025-23,Qatar Grand Prix,HAD,Racing Bulls,6,6,79.387,80.114,0.009157671
2025,23,2025-23,Qatar Grand Prix,SAI,Williams,7,8,79.387,80.251,0.010883394
2025,23,2025-23,Qatar Grand Prix,ALO,Aston Martin,8,7,79.387,80.219,0.010480305
2025,23,2025-23,Qatar Grand Prix,GAS,Alpine,9,9,79.387,80.324,0.01180294
2025,23,2025-23,Qatar Grand Prix,LEC,Ferrari,10,10,79.387,80.343,0.012042274
2025,23,2025-23,Qatar Grand Prix,HUL,Kick Sauber,11,11,79.387,80.353,0.012168239
2025,23,2025-23,Qatar Grand Prix,LAW,Racing Bulls,12,12,79.387,80.433,0.013175961
2025,23,2025-23,Qatar Grand Prix,BEA,Haas F1 Team,13,13,79.387,80.438,0.013238943
2025,23,2025-23,Qatar Grand Prix,BOR,Kick Sauber,14,14,79.387,80.534,0.014448209
2025,23,2025-23,Qatar Grand Prix,ALB,Williams,15,15,79.387,80.629,0.015644879
2025,23,2025-23,Qatar Grand Prix,TSU,Red Bull Racing,16,16,79.387,80.761,0.01730762
2025,23,2025-23,Qatar Grand Prix,OCO,Haas F1 Team,17,17,79.387,80.864,0.018605061
2025,23,2025-23,Qatar Grand Prix,HAM,Ferrari,18,18,79.387,80.907,0.019146712
2025,23,2025-23,Qatar Grand Prix,STR,Aston Martin,19,19,79.387,81.058,0.021048786
2025,23,2025-23,Qatar Grand Prix,COL,Alpine,20,20,79.387,81.137,0.022043911
2025,24,2025-24,Abu Dhabi Grand Prix,VER,Red Bull Racing,1,1,82.207,82.207,0
2025,24,2025-24,Abu Dhabi Grand Prix,NOR,McLaren,2,2,82.207,82.408,0.002445047
2025,24,2025-24,Abu Dhabi Grand Prix,PIA,McLaren,3,3,82.207,82.437,0.002797815
2025,24,2025-24,Abu Dhabi Grand Prix,RUS,Mercedes,4,4,82.207,82.645,0.005328013
2025,24,2025-24,Abu Dhabi Grand Prix,LEC,Ferrari,5,5,82.207,82.73,0.006361989
2025,24,2025-24,Abu Dhabi Grand Prix,ALO,Aston Martin,6,6,82.207,82.861,0.007955527
2025,24,2025-24,Abu Dhabi Grand Prix,BOR,Kick Sauber,7,7,82.207,82.874,0.008113664
2025,24,2025-24,Abu Dhabi Grand Prix,OCO,Haas F1 Team,8,9,82.207,82.913,0.008588076
2025,24,2025-24,Abu Dhabi Grand Prix,HAD,Racing Bulls,9,10,82.207,82.997,0.009609887
2025,24,2025-24,Abu Dhabi Grand Prix,TSU,Red Bull Racing,10,11,82.207,83.034,0.010059971
2025,24,2025-24,Abu Dhabi Grand Prix,BEA,Haas F1 Team,11,12,82.207,83.041,0.010145121
2025,24,2025-24,Abu Dhabi Grand Prix,SAI,Williams,12,13,82.207,83.042,0.010157286
2025,24,2025-24,Abu Dhabi Grand Prix,LAW,Racing Bulls,13,14,82.207,83.077,0.01058304
2025,24,2025-24,Abu Dhabi Grand Prix,ANT,Mercedes,14,8,82.207,82.894,0.008356953
2025,24,2025-24,Abu Dhabi Grand Prix,STR,Aston Martin,15,15,82.207,83.097,0.010826329
2025,24,2025-24,Abu Dhabi Grand Prix,HAM,Ferrari,16,16,82.207,83.394,0.01443916
2025,24,2025-24,Abu Dhabi Grand Prix,ALB,Williams,17,17,82.207,83.416,0.014706777
2025,24,2025-24,Abu Dhabi Grand Prix,HUL,Kick Sauber,18,18,82.207,83.45,0.015120367
2025,24,2025-24,Abu Dhabi Grand Prix,GAS,Alpine,19,19,82.207,83.468,0.015339326
2025,24,2025-24,Abu Dhabi Grand Prix,COL,Alpine,20,20,82.207,83.89,0.020472709
