Season,Round,Season_Round,Grand_Prix,Driver,Team,Status,Completed_Laps,Max_Laps,Race_Position,Pole_Race_Time,Total_Race_Time,Normalised_Race_Pole_Gap
2018,1,2018-01,Australian Grand Prix,VET,Ferrari,Finished,58,58,1,5373.282999,5373.282999,0
2018,1,2018-01,Australian Grand Prix,HAM,Mercedes,Finished,58,58,2,5373.282999,5378.318999,0.00093723
2018,1,2018-01,Australian Grand Prix,RAI,Ferrari,Finished,58,58,3,5373.282999,5379.591999,0.001174143
2018,1,2018-01,Australian Grand Prix,RIC,Red Bull Racing,Finished,58,58,4,5373.282999,5380.351999,0.001315583
2018,1,2018-01,Australian Grand Prix,ALO,McLaren,Finished,58,58,5,5373.282999,5401.168999,0.005189751
2018,1,2018-01,Australian Grand Prix,VER,Red Bull Racing,Finished,58,58,6,5373.282999,5402.227999,0.005386837
2018,1,2018-01,Australian Grand Prix,HUL,Alpine,Finished,58,58,7,5373.282999,5405.953999,0.006080268
2018,1,2018-01,Australian Grand Prix,BOT,Mercedes,Finished,58,58,8,5373.282999,5407.621999,0.006390693
2018,1,2018-01,Australian Grand Prix,VAN,McLaren,Finished,58,58,9,5373.282999,5408.203999,0.006499006
2018,1,2018-01,Australian Grand Prix,SAI,Alpine,Finished,58,58,10,5373.282999,5419.004999,0.008509137
2018,1,2018-01,Australian Grand Prix,PER,Force India,Finished,58,58,11,5373.282999,5420.1,0.008712923
2018,1,2018-01,Australian Grand Prix,OCO,Force India,Finished,58,58,12,5373.282999,5433.560999,0.011218095
2018,1,2018-01,Australian Grand Prix,LEC,Kick Sauber,Finished,58,58,13,5373.282999,5449.042,0.014099202
2018,1,2018-01,Australian Grand Prix,STR,Williams,Finished,58,58,14,5373.282999,5451.570999,0.014569864
2018,1,2018-01,Australian Grand Prix,HAR,Racing Bulls,+1 Lap,57,58,15,5373.282999,5490.421438,0.021800162
2018,1,2018-01,Australian Grand Prix,GRO,Haas F1 Team,Wheel,24,58,16,5373.282999,,
2018,1,2018-01,Australian Grand Prix,MAG,Haas F1 Team,Wheel,22,58,17,5373.282999,,
2018,1,2018-01,Australian Grand Prix,GAS,Racing Bulls,Engine,13,58,18,5373.282999,,
2018,1,2018-01,Australian Grand Prix,ERI,Kick Sauber,Steering,5,58,19,5373.282999,,
2018,1,2018-01,Australian Grand Prix,SIR,Williams,Brakes,4,58,20,5373.282999,,
2018,2,2018-02,Bahrain Grand Prix,VET,Ferrari,Finished,56,57,1,5487.060999,5522.649589,0.006485911
2018,2,2018-02,Bahrain Grand Prix,BOT,Mercedes,Finished,56,57,2,5487.060999,5523.415017,0.006625408
2018,2,2018-02,Bahrain Grand Prix,HAM,Mercedes,Finished,56,57,3,5487.060999,5529.596464,0.007751958
2018,2,2018-02,Bahrain Grand Prix,GAS,Racing Bulls,Finished,57,57,4,5487.060999,5487.060999,0
2018,2,2018-02,Bahrain Grand Prix,MAG,Haas F1 Team,Finished,57,57,5,5487.060999,5596.985999,0.020033493
2018,2,2018-02,Bahrain Grand Prix,HUL,Alpine,Finished,57,57,6,5487.060999,5620.963999,0.02440341
2018,2,2018-02,Bahrain Grand Prix,ALO,McLaren,+1 Lap,56,57,7,5487.060999,5622.184821,0.024625901
2018,2,2018-02,Bahrain Grand Prix,VAN,McLaren,+1 Lap,56,57,8,5487.060999,5631.934875,0.026402819
2018,2,2018-02,Bahrain Grand Prix,ERI,Kick Sauber,+1 Lap,56,57,9,5487.060999,5636.440928,0.027224033
2018,2,2018-02,Bahrain Grand Prix,OCO,Force India,+1 Lap,56,57,10,5487.060999,5642.679375,0.028360971
2018,2,2018-02,Bahrain Grand Prix,SAI,Alpine,+1 Lap,56,57,11,5487.060999,5649.417589,0.029588989
2018,2,2018-02,Bahrain Grand Prix,LEC,Kick Sauber,+1 Lap,56,57,12,5487.060999,5654.781696,0.030566581
2018,2,2018-02,Bahrain Grand Prix,GRO,Haas F1 Team,+1 Lap,56,57,13,5487.060999,5658.314678,0.031210457
2018,2,2018-02,Bahrain Grand Prix,STR,Williams,+1 Lap,55,57,14,5487.060999,5651.703381,0.030005568
2018,2,2018-02,Bahrain Grand Prix,SIR,Williams,+1 Lap,56,57,15,5487.060999,5679.312053,0.035037164
2018,2,2018-02,Bahrain Grand Prix,PER,Force India,+1 Lap,56,57,16,5487.060999,5650.603392,0.029805098
2018,2,2018-02,Bahrain Grand Prix,HAR,Racing Bulls,+1 Lap,56,57,17,5487.060999,5650.630875,0.029810107
2018,2,2018-02,Bahrain Grand Prix,RAI,Ferrari,Wheel,34,57,18,5487.060999,,
2018,2,2018-02,Bahrain Grand Prix,VER,Red Bull Racing,Puncture,3,57,19,5487.060999,,
2018,2,2018-02,Bahrain Grand Prix,RIC,Red Bull Racing,Electrical,1,57,20,5487.060999,,
2018,3,2018-03,Chinese Grand Prix,RIC,Red Bull Racing,Finished,56,56,1,5424.142999,5426.907999,0.000509758
2018,3,2018-03,Chinese Grand Prix,BOT,Mercedes,Finished,56,56,2,5424.142999,5424.142999,0
2018,3,2018-03,Chinese Grand Prix,RAI,Ferrari,Finished,56,56,3,5424.142999,5588.934999,0.030381205
2018,3,2018-03,Chinese Grand Prix,HAM,Mercedes,Finished,56,56,4,5424.142999,5439.595,0.002848745
2018,3,2018-03,Chinese Grand Prix,VER,Red Bull Racing,Finished,56,56,5,5424.142999,5429.667999,0.001018594
2018,3,2018-03,Chinese Grand Prix,HUL,Alpine,Finished,56,56,6,5424.142999,5606.128999,0.033551107
2018,3,2018-03,Chinese Grand Prix,ALO,McLaren,Finished,56,56,7,5424.142999,5767.018999,0.063212935
2018,3,2018-03,Chinese Grand Prix,VET,Ferrari,Finished,56,56,8,5424.142999,5452.093999,0.005153072
2018,3,2018-03,Chinese Grand Prix,SAI,Alpine,Finished,56,56,9,5424.142999,5621.164999,0.036323157
2018,3,2018-03,Chinese Grand Prix,MAG,Haas F1 Team,Finished,56,56,10,5424.142999,5775.973999,0.064863887
2018,3,2018-03,Chinese Grand Prix,OCO,Force India,Finished,56,56,11,5424.142999,5780.429999,0.0656854
2018,3,2018-03,Chinese Grand Prix,PER,Force India,Finished,56,56,12,5424.142999,5781.104999,0.065809843
2018,3,2018-03,Chinese Grand Prix,VAN,McLaren,Finished,56,56,13,5424.142999,5785.752999,0.066666753
2018,3,2018-03,Chinese Grand Prix,STR,Williams,Finished,56,56,14,5424.142999,5791.87,0.067794489
2018,3,2018-03,Chinese Grand Prix,SIR,Williams,Finished,56,56,15,5424.142999,5794.621,0.068301666
2018,3,2018-03,Chinese Grand Prix,ERI,Kick Sauber,Finished,56,56,16,5424.142999,5486.787999,0.01154929
2018,3,2018-03,Chinese Grand Prix,GRO,Haas F1 Team,Finished,56,56,17,5424.142999,5801.675999,0.069602332
2018,3,2018-03,Chinese Grand Prix,GAS,Racing Bulls,Finished,56,56,18,5424.142999,5629.870999,0.037928204
2018,3,2018-03,Chinese Grand Prix,LEC,Kick Sauber,Finished,56,56,19,5424.142999,5501.503999,0.014262345
2018,3,2018-03,Chinese Grand Prix,HAR,Racing Bulls,Collision damage,51,56,20,5424.142999,5500.649411,0.014104793
2018,4,2018-04,Azerbaijan Grand Prix,HAM,Mercedes,Finished,51,51,1,4267.819187,4366.413999,0.023101919
2018,4,2018-04,Azerbaijan Grand Prix,RAI,Ferrari,Finished,51,51,2,4267.819187,4554.080999,0.067074494
2018,4,2018-04,Azerbaijan Grand Prix,PER,Force India,Finished,51,51,3,4267.819187,4554.516999,0.067176654
2018,4,2018-04,Azerbaijan Grand Prix,VET,Ferrari,Finished,51,51,4,4267.819187,4358.995999,0.021363794
2018,4,2018-04,Azerbaijan Grand Prix,SAI,Alpine,Finished,51,51,5,4267.819187,4569.237999,0.070625956
2018,4,2018-04,Azerbaijan Grand Prix,LEC,Kick Sauber,Finished,51,51,6,4267.819187,4587.954999,0.075011569
2018,4,2018-04,Azerbaijan Grand Prix,ALO,McLaren,Finished,51,51,7,4267.819187,4623.755999,0.083400162
2018,4,2018-04,Azerbaijan Grand Prix,STR,Williams,Finished,51,51,8,4267.819187,4590.809999,0.075680529
2018,4,2018-04,Azerbaijan Grand Prix,VAN,McLaren,Finished,51,51,9,4267.819187,4930.588999,0.155294726
2018,4,2018-04,Azerbaijan Grand Prix,HAR,Racing Bulls,Finished,51,51,10,4267.819187,4790.284999,0.122419856
2018,4,2018-04,Azerbaijan Grand Prix,ERI,Kick Sauber,Finished,51,51,11,4267.819187,5443.030999,0.275365886
2018,4,2018-04,Azerbaijan Grand Prix,GAS,Racing Bulls,Finished,51,51,12,4267.819187,4784.500999,0.121064597
2018,4,2018-04,Azerbaijan Grand Prix,MAG,Haas F1 Team,Finished,51,51,13,4267.819187,4969.385999,0.164385317
2018,4,2018-04,Azerbaijan Grand Prix,BOT,Mercedes,Puncture,48,51,14,4267.819187,4267.819187,0
2018,4,2018-04,Azerbaijan Grand Prix,GRO,Haas F1 Team,Accident,42,51,15,4267.819187,5023.469642,0.177057748
2018,4,2018-04,Azerbaijan Grand Prix,VER,Red Bull Racing,Collision,39,51,16,4267.819187,5023.023999,0.176953329
2018,4,2018-04,Azerbaijan Grand Prix,RIC,Red Bull Racing,Collision,39,51,17,4267.819187,5022.138692,0.176745891
2018,4,2018-04,Azerbaijan Grand Prix,HUL,Alpine,Accident,10,51,18,4267.819187,,
2018,5,2018-05,Spanish Grand Prix,HAM,Mercedes,Finished,66,66,1,5574.181999,5574.181999,0
2018,5,2018-05,Spanish Grand Prix,BOT,Mercedes,Finished,66,66,2,5574.181999,5594.474999,0.003640534
2018,5,2018-05,Spanish Grand Prix,VER,Red Bull Racing,Finished,66,66,3,5574.181999,5600.702999,0.004757828
2018,5,2018-05,Spanish Grand Prix,VET,Ferrari,Finished,66,66,4,5574.181999,5601.510999,0.004902782
2018,5,2018-05,Spanish Grand Prix,RIC,Red Bull Racing,Finished,66,66,5,5574.181999,5623.593999,0.00886444
2018,5,2018-05,Spanish Grand Prix,MAG,Haas F1 Team,+1 Lap,65,66,6,5574.181999,5678.344523,0.018686603
2018,5,2018-05,Spanish Grand Prix,SAI,Alpine,+1 Lap,65,66,7,5574.181999,5715.60203,0.025370544
2018,5,2018-05,Spanish Grand Prix,ALO,McLaren,+1 Lap,65,66,8,5574.181999,5719.300061,0.026033966
2018,5,2018-05,Spanish Grand Prix,PER,Force India,+2 Laps,64,66,9,5574.181999,5750.412937,0.031615569
2018,5,2018-05,Spanish Grand Prix,LEC,Kick Sauber,+2 Laps,64,66,10,5574.181999,5753.363343,0.032144868
2018,5,2018-05,Spanish Grand Prix,STR,Williams,+2 Laps,64,66,11,5574.181999,5760.555281,0.033435091
2018,5,2018-05,Spanish Grand Prix,HAR,Racing Bulls,+2 Laps,64,66,12,5574.181999,5772.954,0.035659403
2018,5,2018-05,Spanish Grand Prix,ERI,Kick Sauber,+2 Laps,64,66,13,5574.181999,5778.610406,0.036674154
2018,5,2018-05,Spanish Grand Prix,SIR,Williams,+3 Laps,63,66,14,5574.181999,6010.621047,0.078296519
2018,5,2018-05,Spanish Grand Prix,VAN,McLaren,Gearbox,45,66,15,5574.181999,,
2018,5,2018-05,Spanish Grand Prix,OCO,Force India,Oil leak,38,66,16,5574.181999,,
2018,5,2018-05,Spanish Grand Prix,RAI,Ferrari,Turbo,25,66,17,5574.181999,,
2018,6,2018-06,Monaco Grand Prix,RIC,Red Bull Racing,Finished,78,78,1,6174.806999,6174.806999,0
2018,6,2018-06,Monaco Grand Prix,VET,Ferrari,Finished,78,78,2,6174.806999,6182.142999,0.001188053
2018,6,2018-06,Monaco Grand Prix,HAM,Mercedes,Finished,78,78,3,6174.806999,6191.819999,0.002755228
2018,6,2018-06,Monaco Grand Prix,RAI,Ferrari,Finished,78,78,4,6174.806999,6192.933999,0.002935638
2018,6,2018-06,Monaco Grand Prix,BOT,Mercedes,Finished,78,78,5,6174.806999,6193.629,0.003048193
2018,6,2018-06,Monaco Grand Prix,OCO,Force India,Finished,78,78,6,6174.806999,6198.473999,0.003832832
2018,6,2018-06,Monaco Grand Prix,GAS,Racing Bulls,Finished,78,78,7,6174.806999,6199.137999,0.003940366
2018,6,2018-06,Monaco Grand Prix,HUL,Alpine,Finished,78,78,8,6174.806999,6199.645999,0.004022636
2018,6,2018-06,Monaco Grand Prix,VER,Red Bull Racing,Finished,78,78,9,6174.806999,6200.123999,0.004100047
2018,6,2018-06,Monaco Grand Prix,SAI,Alpine,Finished,78,78,10,6174.806999,6243.819999,0.011176544
2018,6,2018-06,Monaco Grand Prix,ERI,Kick Sauber,Finished,78,78,11,6174.806999,6244.670999,0.011314362
2018,6,2018-06,Monaco Grand Prix,PER,Force India,Finished,78,78,12,6174.806999,6245.267999,0.011411045
2018,6,2018-06,Monaco Grand Prix,MAG,Haas F1 Team,Finished,78,78,13,6174.806999,6249.629999,0.012117464
2018,6,2018-06,Monaco Grand Prix,VAN,McLaren,+1 Lap,77,78,14,6174.806999,6255.234311,0.013025073
2018,6,2018-06,Monaco Grand Prix,GRO,Haas F1 Team,+1 Lap,77,78,15,6174.806999,6285.635064,0.017948426
2018,6,2018-06,Monaco Grand Prix,SIR,Williams,+1 Lap,77,78,16,6174.806999,6307.290701,0.021455521
2018,6,2018-06,Monaco Grand Prix,STR,Williams,+2 Laps,76,78,17,6174.806999,6370.873736,0.031752691
2018,6,2018-06,Monaco Grand Prix,LEC,Kick Sauber,Collision,70,78,18,6174.806999,6213.537942,0.006272414
2018,6,2018-06,Monaco Grand Prix,HAR,Racing Bulls,Collision,70,78,19,6174.806999,6211.707171,0.005975923
2018,6,2018-06,Monaco Grand Prix,ALO,McLaren,Gearbox,52,78,20,6174.806999,,
2018,7,2018-07,Canadian Grand Prix,VET,Ferrari,Finished,70,70,1,5462.327999,5462.327999,0
2018,7,2018-07,Canadian Grand Prix,BOT,Mercedes,Finished,70,70,2,5462.327999,5468.104999,0.001057608
2018,7,2018-07,Canadian Grand Prix,VER,Red Bull Racing,Finished,70,70,3,5462.327999,5468.221999,0.001079027
2018,7,2018-07,Canadian Grand Prix,RIC,Red Bull Racing,Finished,70,70,4,5462.327999,5479.943,0.003224816
2018,7,2018-07,Canadian Grand Prix,HAM,Mercedes,Finished,70,70,5,5462.327999,5483.788999,0.003928911
2018,7,2018-07,Canadian Grand Prix,RAI,Ferrari,Finished,70,70,6,5462.327999,5489.715,0.005013796
2018,7,2018-07,Canadian Grand Prix,HUL,Alpine,+1 Lap,69,70,7,5462.327999,5566.678985,0.019103757
2018,7,2018-07,Canadian Grand Prix,SAI,Alpine,+1 Lap,69,70,8,5462.327999,5570.540144,0.019810627
2018,7,2018-07,Canadian Grand Prix,OCO,Force India,+1 Lap,69,70,9,5462.327999,5572.066956,0.020090144
2018,7,2018-07,Canadian Grand Prix,LEC,Kick Sauber,+1 Lap,69,70,10,5462.327999,5582.074927,0.021922325
2018,7,2018-07,Canadian Grand Prix,GAS,Racing Bulls,+1 Lap,69,70,11,5462.327999,5587.266086,0.022872681
2018,7,2018-07,Canadian Grand Prix,GRO,Haas F1 Team,+1 Lap,69,70,12,5462.327999,5587.652608,0.022943443
2018,7,2018-07,Canadian Grand Prix,MAG,Haas F1 Team,+1 Lap,69,70,13,5462.327999,5591.28855,0.023609082
2018,7,2018-07,Canadian Grand Prix,PER,Force India,+1 Lap,69,70,14,5462.327999,5589.303188,0.023245618
2018,7,2018-07,Canadian Grand Prix,ERI,Kick Sauber,+2 Laps,68,70,15,5462.327999,5635.469411,0.031697366
2018,7,2018-07,Canadian Grand Prix,VAN,McLaren,+2 Laps,68,70,16,5462.327999,5637.235882,0.032020758
2018,7,2018-07,Canadian Grand Prix,SIR,Williams,+2 Laps,68,70,17,5462.327999,5660.4275,0.036266497
2018,7,2018-07,Canadian Grand Prix,ALO,McLaren,Exhaust,40,70,18,5462.327999,,
2018,8,2018-08,French Grand Prix,HAM,Mercedes,Finished,53,53,1,5235.222788,5252.395999,0.003280321
2018,8,2018-08,French Grand Prix,VER,Red Bull Racing,Finished,53,53,2,5235.222788,5259.704999,0.004676441
2018,8,2018-08,French Grand Prix,RAI,Ferrari,Finished,53,53,3,5235.222788,5277.859999,0.008144297
2018,8,2018-08,French Grand Prix,RIC,Red Bull Racing,Finished,53,53,4,5235.222788,5287.742999,0.010032087
2018,8,2018-08,French Grand Prix,VET,Ferrari,Finished,53,53,5,5235.222788,5320.401999,0.016270408
2018,8,2018-08,French Grand Prix,MAG,Haas F1 Team,Finished,53,53,6,5235.222788,5332.456999,0.01857308
2018,8,2018-08,French Grand Prix,BOT,Mercedes,Finished,53,53,7,5235.222788,5338.585999,0.019743804
2018,8,2018-08,French Grand Prix,SAI,Alpine,Finished,53,53,8,5235.222788,5340.113999,0.020035673
2018,8,2018-08,French Grand Prix,HUL,Alpine,Finished,53,53,9,5235.222788,5343.040999,0.02059477
2018,8,2018-08,French Grand Prix,LEC,Kick Sauber,Finished,53,53,10,5235.222788,5346.693999,0.021292544
2018,8,2018-08,French Grand Prix,GRO,Haas F1 Team,+1 Lap,52,53,11,5235.222788,5363.687653,0.024538567
2018,8,2018-08,French Grand Prix,VAN,McLaren,+1 Lap,52,53,12,5235.222788,5235.222788,0
2018,8,2018-08,French Grand Prix,ERI,Kick Sauber,+1 Lap,52,53,13,5235.222788,5399.113057,0.031305309
2018,8,2018-08,French Grand Prix,HAR,Racing Bulls,+1 Lap,52,53,14,5235.222788,5257.41348,0.004238729
2018,8,2018-08,French Grand Prix,SIR,Williams,+1 Lap,52,53,15,5235.222788,5422.102826,0.035696673
2018,8,2018-08,French Grand Prix,ALO,McLaren,Wheel,50,53,16,5235.222788,5417.96634,0.034906547
2018,8,2018-08,French Grand Prix,STR,Williams,Puncture,48,53,17,5235.222788,5385.489,0.028702926
2018,8,2018-08,French Grand Prix,PER,Force India,Engine,27,53,18,5235.222788,,
2018,9,2018-09,Austrian Grand Prix,VER,Red Bull Racing,Finished,71,71,1,4916.023999,4916.023999,0
2018,9,2018-09,Austrian Grand Prix,RAI,Ferrari,Finished,71,71,2,4916.023999,4917.527999,0.000305938
2018,9,2018-09,Austrian Grand Prix,VET,Ferrari,Finished,71,71,3,4916.023999,4919.204999,0.000647068
2018,9,2018-09,Austrian Grand Prix,GRO,Haas F1 Team,+1 Lap,70,71,4,4916.023999,5007.980942,0.018705552
2018,9,2018-09,Austrian Grand Prix,MAG,Haas F1 Team,+1 Lap,70,71,5,4916.023999,5009.5825,0.019031335
2018,9,2018-09,Austrian Grand Prix,OCO,Force India,+1 Lap,70,71,6,4916.023999,5020.6585,0.021284376
2018,9,2018-09,Austrian Grand Prix,PER,Force India,+1 Lap,70,71,7,4916.023999,5022.1779,0.021593446
2018,9,2018-09,Austrian Grand Prix,ALO,McLaren,+1 Lap,70,71,8,4916.023999,5037.108185,0.024630512
2018,9,2018-09,Austrian Grand Prix,LEC,Kick Sauber,+1 Lap,70,71,9,4916.023999,5041.4757,0.025518936
2018,9,2018-09,Austrian Grand Prix,ERI,Kick Sauber,+1 Lap,70,71,10,4916.023999,5042.027471,0.025631175
2018,9,2018-09,Austrian Grand Prix,GAS,Racing Bulls,+1 Lap,70,71,11,4916.023999,5048.424571,0.02693245
2018,9,2018-09,Austrian Grand Prix,SAI,Alpine,+1 Lap,70,71,12,4916.023999,5053.5173,0.027968395
2018,9,2018-09,Austrian Grand Prix,SIR,Williams,+2 Laps,69,71,13,4916.023999,5095.596941,0.036528085
2018,9,2018-09,Austrian Grand Prix,STR,Williams,+2 Laps,69,71,14,4916.023999,5087.191159,0.034818211
2018,9,2018-09,Austrian Grand Prix,VAN,McLaren,Collision damage,65,71,15,4916.023999,5165.40183,0.050727545
2018,9,2018-09,Austrian Grand Prix,HAM,Mercedes,Fuel pressure,62,71,16,4916.023999,4965.020838,0.009966762
2018,9,2018-09,Austrian Grand Prix,HAR,Racing Bulls,Hydraulics,54,71,17,4916.023999,5092.731388,0.035945184
2018,9,2018-09,Austrian Grand Prix,RIC,Red Bull Racing,Exhaust,53,71,18,4916.023999,,
2018,9,2018-09,Austrian Grand Prix,BOT,Mercedes,Hydraulics,13,71,19,4916.023999,,
2018,9,2018-09,Austrian Grand Prix,HUL,Alpine,Engine,11,71,20,4916.023999,,
2018,10,2018-10,British Grand Prix,VET,Ferrari,Finished,52,52,1,4794.638999,4794.638999,0
2018,10,2018-10,British Grand Prix,HAM,Mercedes,Finished,52,52,2,4794.638999,5252.047999,0.095400092
2018,10,2018-10,British Grand Prix,RAI,Ferrari,Finished,52,52,3,4794.638999,5253.435999,0.095689582
2018,10,2018-10,British Grand Prix,BOT,Mercedes,Finished,52,52,4,4794.638999,5108.560999,0.065473542
2018,10,2018-10,British Grand Prix,RIC,Red Bull Racing,Finished,52,52,5,4794.638999,5259.283999,0.096909277
2018,10,2018-10,British Grand Prix,HUL,Alpine,Finished,52,52,6,4794.638999,5278.003999,0.100813638
2018,10,2018-10,British Grand Prix,OCO,Force India,Finished,52,52,7,4794.638999,5279.713999,0.101170286
2018,10,2018-10,British Grand Prix,ALO,McLaren,Finished,52,52,8,4794.638999,5280.899,0.101417437
2018,10,2018-10,British Grand Prix,MAG,Haas F1 Team,Finished,52,52,9,4794.638999,5282.971999,0.101849795
2018,10,2018-10,British Grand Prix,PER,Force India,Finished,52,52,10,4794.638999,5284.491999,0.102166816
2018,10,2018-10,British Grand Prix,VAN,McLaren,Finished,52,52,11,4794.638999,5285.557999,0.102389148
2018,10,2018-10,British Grand Prix,STR,Williams,Finished,52,52,12,4794.638999,5287.889999,0.102875524
2018,10,2018-10,British Grand Prix,GAS,Racing Bulls,Finished,52,52,13,4794.638999,5283.912999,0.102046056
2018,10,2018-10,British Grand Prix,SIR,Williams,Finished,52,52,14,4794.638999,5297.896999,0.104962647
2018,10,2018-10,British Grand Prix,VER,Red Bull Racing,Brakes,46,52,15,4794.638999,5336.419739,0.112997191
2018,10,2018-10,British Grand Prix,GRO,Haas F1 Team,Collision,37,52,16,4794.638999,,
2018,10,2018-10,British Grand Prix,SAI,Alpine,Collision,37,52,17,4794.638999,,
2018,10,2018-10,British Grand Prix,ERI,Kick Sauber,Accident,31,52,18,4794.638999,,
2018,10,2018-10,British Grand Prix,LEC,Kick Sauber,Tyre,18,52,19,4794.638999,,
2018,10,2018-10,British Grand Prix,HAR,Racing Bulls,Power Unit,1,52,20,4794.638999,,
2018,11,2018-11,German Grand Prix,HAM,Mercedes,Finished,67,67,1,5299.164,5549.844999,0.047305764
2018,11,2018-11,German Grand Prix,BOT,Mercedes,Finished,67,67,2,5299.164,5554.379999,0.048161559
2018,11,2018-11,German Grand Prix,RAI,Ferrari,Finished,67,67,3,5299.164,5556.576999,0.048576153
2018,11,2018-11,German Grand Prix,VER,Red Bull Racing,Finished,67,67,4,5299.164,5557.498999,0.048750142
2018,11,2018-11,German Grand Prix,HUL,Alpine,Finished,67,67,5,5299.164,5576.453999,0.052327122
2018,11,2018-11,German Grand Prix,GRO,Haas F1 Team,Finished,67,67,6,5299.164,5578.715999,0.052753981
2018,11,2018-11,German Grand Prix,PER,Force India,Finished,67,67,7,5299.164,5580.400999,0.053071956
2018,11,2018-11,German Grand Prix,OCO,Force India,Finished,67,67,8,5299.164,5581.594999,0.053297275
2018,11,2018-11,German Grand Prix,ERI,Kick Sauber,Finished,67,67,9,5299.164,5582.206999,0.053412765
2018,11,2018-11,German Grand Prix,HAR,Racing Bulls,Finished,67,67,10,5299.164,5584.041999,0.053759046
2018,11,2018-11,German Grand Prix,MAG,Haas F1 Team,Finished,67,67,11,5299.164,5584.763999,0.053895293
2018,11,2018-11,German Grand Prix,SAI,Alpine,Finished,67,67,12,5299.164,5582.913999,0.053546182
2018,11,2018-11,German Grand Prix,VAN,McLaren,Finished,67,67,13,5299.164,5596.461999,0.056102812
2018,11,2018-11,German Grand Prix,GAS,Racing Bulls,+1 Lap,66,67,14,5299.164,5673.16409,0.070577187
2018,11,2018-11,German Grand Prix,LEC,Kick Sauber,+1 Lap,66,67,15,5299.164,5674.983242,0.070920478
2018,11,2018-11,German Grand Prix,ALO,McLaren,Retired,65,67,16,5299.164,5682.523569,0.072343405
2018,11,2018-11,German Grand Prix,STR,Williams,Engine,53,67,17,5299.164,5633.657075,0.063121858
2018,11,2018-11,German Grand Prix,VET,Ferrari,Accident,51,67,18,5299.164,5299.164,0
2018,11,2018-11,German Grand Prix,SIR,Williams,Engine,51,67,19,5299.164,5516.72745,0.041056184
2018,11,2018-11,German Grand Prix,RIC,Red Bull Racing,Engine,27,67,20,5299.164,,
2018,12,2018-12,Hungarian Grand Prix,HAM,Mercedes,Finished,70,70,1,5836.426999,5836.426999,0
2018,12,2018-12,Hungarian Grand Prix,VET,Ferrari,Finished,70,70,2,5836.426999,5853.549999,0.002933816
2018,12,2018-12,Hungarian Grand Prix,RAI,Ferrari,Finished,70,70,3,5836.426999,5856.527999,0.003444059
2018,12,2018-12,Hungarian Grand Prix,RIC,Red Bull Racing,Finished,70,70,4,5836.426999,5882.845999,0.007953325
2018,12,2018-12,Hungarian Grand Prix,BOT,Mercedes,Finished,70,70,5,5836.426999,5886.426999,0.008566885
2018,12,2018-12,Hungarian Grand Prix,GAS,Racing Bulls,Finished,70,70,6,5836.426999,5909.699999,0.012554428
2018,12,2018-12,Hungarian Grand Prix,MAG,Haas F1 Team,+1 Lap,69,70,7,5836.426999,5926.043768,0.015354731
2018,12,2018-12,Hungarian Grand Prix,ALO,McLaren,+1 Lap,69,70,8,5836.426999,5963.351739,0.021746993
2018,12,2018-12,Hungarian Grand Prix,SAI,Alpine,+1 Lap,69,70,9,5836.426999,5975.893913,0.023895941
2018,12,2018-12,Hungarian Grand Prix,GRO,Haas F1 Team,+1 Lap,69,70,10,5836.426999,5976.422463,0.023986501
2018,12,2018-12,Hungarian Grand Prix,HAR,Racing Bulls,+1 Lap,69,70,11,5836.426999,5977.797101,0.024222029
2018,12,2018-12,Hungarian Grand Prix,HUL,Alpine,+1 Lap,69,70,12,5836.426999,5984.109275,0.025303542
2018,12,2018-12,Hungarian Grand Prix,OCO,Force India,+1 Lap,69,70,13,5836.426999,5992.842028,0.026799792
2018,12,2018-12,Hungarian Grand Prix,PER,Force India,+1 Lap,69,70,14,5836.426999,6002.665362,0.028482899
2018,12,2018-12,Hungarian Grand Prix,ERI,Kick Sauber,+2 Laps,68,70,15,5836.426999,6050.599264,0.036695784
2018,12,2018-12,Hungarian Grand Prix,SIR,Williams,+2 Laps,68,70,16,5836.426999,6060.469264,0.038386887
2018,12,2018-12,Hungarian Grand Prix,STR,Williams,+2 Laps,68,70,17,5836.426999,6061.199117,0.038511939
2018,12,2018-12,Hungarian Grand Prix,VAN,McLaren,Gearbox,49,70,18,5836.426999,,
2018,12,2018-12,Hungarian Grand Prix,VER,Red Bull Racing,Power loss,5,70,19,5836.426999,,
2018,13,2018-13,Belgian Grand Prix,VET,Ferrari,Finished,44,44,1,4481.866999,4481.866999,0
2018,13,2018-13,Belgian Grand Prix,HAM,Mercedes,Finished,44,44,2,4481.866999,4494.133999,0.002737029
2018,13,2018-13,Belgian Grand Prix,VER,Red Bull Racing,Finished,44,44,3,4481.866999,4516.528999,0.007733831
2018,13,2018-13,Belgian Grand Prix,BOT,Mercedes,Finished,44,44,4,4481.866999,4560.432999,0.017529748
2018,13,2018-13,Belgian Grand Prix,PER,Aston Martin,Finished,44,44,5,4481.866999,4554.724999,0.016256172
2018,13,2018-13,Belgian Grand Prix,OCO,Aston Martin,Finished,44,44,6,4481.866999,4563.486999,0.018211161
2018,13,2018-13,Belgian Grand Prix,GRO,Haas F1 Team,Finished,44,44,7,4481.866999,4572.080999,0.020128665
2018,13,2018-13,Belgian Grand Prix,MAG,Haas F1 Team,Finished,44,44,8,4481.866999,4574.522999,0.020673527
2018,13,2018-13,Belgian Grand Prix,GAS,Racing Bulls,Finished,44,44,9,4481.866999,4594.788,0.025195081
2018,13,2018-13,Belgian Grand Prix,ERI,Kick Sauber,+1 Lap,43,44,10,4481.866999,4598.801209,0.026090513
2018,13,2018-13,Belgian Grand Prix,SAI,Alpine,+1 Lap,43,44,11,4481.866999,4617.742697,0.030316763
2018,13,2018-13,Belgian Grand Prix,SIR,Williams,+1 Lap,43,44,12,4481.866999,4615.10372,0.029727951
2018,13,2018-13,Belgian Grand Prix,STR,Williams,+1 Lap,43,44,13,4481.866999,4618.214418,0.030422014
2018,13,2018-13,Belgian Grand Prix,HAR,Racing Bulls,+1 Lap,43,44,14,4481.866999,4637.578511,0.034742555
2018,13,2018-13,Belgian Grand Prix,VAN,McLaren,+1 Lap,43,44,15,4481.866999,4648.353395,0.037146661
2018,13,2018-13,Belgian Grand Prix,RIC,Red Bull Racing,Retired,28,44,16,4481.866999,,
2018,13,2018-13,Belgian Grand Prix,RAI,Ferrari,Brakes,7,44,17,4481.866999,,
2018,14,2018-14,Italian Grand Prix,HAM,Mercedes,Finished,53,53,1,4614.483999,4614.483999,0
2018,14,2018-14,Italian Grand Prix,RAI,Ferrari,Finished,53,53,2,4614.483999,4623.188999,0.001886451
2018,14,2018-14,Italian Grand Prix,BOT,Mercedes,Finished,53,53,3,4614.483999,4628.549999,0.003048228
2018,14,2018-14,Italian Grand Prix,VET,Ferrari,Finished,53,53,4,4614.483999,4630.634999,0.003500066
2018,14,2018-14,Italian Grand Prix,VER,Red Bull Racing,Finished,53,53,5,4614.483999,4627.691999,0.002862292
2018,14,2018-14,Italian Grand Prix,OCO,Aston Martin,Finished,53,53,6,4614.483999,4672.244999,0.012517326
2018,14,2018-14,Italian Grand Prix,PER,Aston Martin,Finished,53,53,7,4614.483999,4673.161999,0.012716048
2018,14,2018-14,Italian Grand Prix,SAI,Alpine,Finished,53,53,8,4614.483999,4692.623999,0.016933638
2018,14,2018-14,Italian Grand Prix,STR,Williams,+1 Lap,52,53,9,4614.483999,4703.979326,0.019394439
2018,14,2018-14,Italian Grand Prix,SIR,Williams,+1 Lap,52,53,10,4614.483999,4709.514769,0.020594019
2018,14,2018-14,Italian Grand Prix,LEC,Kick Sauber,+1 Lap,52,53,11,4614.483999,4715.214307,0.02182916
2018,14,2018-14,Italian Grand Prix,VAN,McLaren,+1 Lap,52,53,12,4614.483999,4726.371826,0.024247094
2018,14,2018-14,Italian Grand Prix,HUL,Alpine,+1 Lap,52,53,13,4614.483999,4727.562288,0.024505078
2018,14,2018-14,Italian Grand Prix,GAS,Racing Bulls,+1 Lap,52,53,14,4614.483999,4730.283634,0.025094818
2018,14,2018-14,Italian Grand Prix,ERI,Kick Sauber,+1 Lap,52,53,15,4614.483999,4733.458538,0.025782848
2018,14,2018-14,Italian Grand Prix,MAG,Haas F1 Team,+1 Lap,52,53,16,4614.483999,4788.4705,0.037704433
2018,14,2018-14,Italian Grand Prix,RIC,Red Bull Racing,Engine,23,53,17,4614.483999,,
2018,14,2018-14,Italian Grand Prix,ALO,McLaren,Engine,9,53,18,4614.483999,,
2018,14,2018-14,Italian Grand Prix,GRO,Haas F1 Team,Disqualified,53,53,20,4614.483999,4670.803999,0.012205048
2018,15,2018-15,Singapore Grand Prix,HAM,Mercedes,Finished,61,61,1,6180.535999,6180.535999,0
2018,15,2018-15,Singapore Grand Prix,VER,Red Bull Racing,Finished,61,61,2,6180.535999,6189.876999,0.001511358
2018,15,2018-15,Singapore Grand Prix,VET,Ferrari,Finished,61,61,3,6180.535999,6220.566999,0.006476946
2018,15,2018-15,Singapore Grand Prix,BOT,Mercedes,Finished,61,61,4,6180.535999,6233.694999,0.008601034
2018,15,2018-15,Singapore Grand Prix,RAI,Ferrari,Finished,61,61,5,6180.535999,6235.866999,0.00895246
2018,15,2018-15,Singapore Grand Prix,RIC,Red Bull Racing,Finished,61,61,6,6180.535999,6236.741999,0.009094033
2018,15,2018-15,Singapore Grand Prix,ALO,McLaren,Finished,61,61,7,6180.535999,6286.401999,0.017128935
2018,15,2018-15,Singapore Grand Prix,SAI,Alpine,+1 Lap,60,61,8,6180.535999,6308.50105,0.020704523
2018,15,2018-15,Singapore Grand Prix,LEC,Kick Sauber,+1 Lap,60,61,9,6180.535999,6329.1953,0.024052817
2018,15,2018-15,Singapore Grand Prix,HUL,Alpine,+1 Lap,60,61,10,6180.535999,6337.70175,0.025429146
2018,15,2018-15,Singapore Grand Prix,ERI,Kick Sauber,+1 Lap,60,61,11,6180.535999,6358.489533,0.028792573
2018,15,2018-15,Singapore Grand Prix,VAN,McLaren,+1 Lap,60,61,12,6180.535999,6515.488283,0.054194698
2018,15,2018-15,Singapore Grand Prix,GAS,Racing Bulls,+1 Lap,60,61,13,6180.535999,6363.427483,0.029591525
2018,15,2018-15,Singapore Grand Prix,STR,Williams,+1 Lap,60,61,14,6180.535999,6526.253766,0.055936535
2018,15,2018-15,Singapore Grand Prix,GRO,Haas F1 Team,+1 Lap,60,61,15,6180.535999,6357.64265,0.028655549
2018,15,2018-15,Singapore Grand Prix,PER,Aston Martin,+1 Lap,60,61,16,6180.535999,6384.572116,0.03301269
2018,15,2018-15,Singapore Grand Prix,HAR,Racing Bulls,+1 Lap,60,61,17,6180.535999,6409.8617,0.0371045
2018,15,2018-15,Singapore Grand Prix,MAG,Haas F1 Team,+2 Laps,59,61,18,6180.535999,6420.393711,0.038808562
2018,15,2018-15,Singapore Grand Prix,SIR,Williams,+2 Laps,59,61,19,6180.535999,6633.198932,0.073240077
2018,16,2018-16,Russian Grand Prix,HAM,Mercedes,Finished,53,53,1,5245.180999,5245.180999,0
2018,16,2018-16,Russian Grand Prix,BOT,Mercedes,Finished,53,53,2,5245.180999,5247.725999,0.000485207
2018,16,2018-16,Russian Grand Prix,VET,Ferrari,Finished,53,53,3,5245.180999,5252.667999,0.001427405
2018,16,2018-16,Russian Grand Prix,RAI,Ferrari,Finished,53,53,4,5245.180999,5261.723999,0.003153943
2018,16,2018-16,Russian Grand Prix,VER,Red Bull Racing,Finished,53,53,5,5245.180999,5276.196999,0.005913237
2018,16,2018-16,Russian Grand Prix,RIC,Red Bull Racing,Finished,53,53,6,5245.180999,5325.631999,0.015338079
2018,16,2018-16,Russian Grand Prix,LEC,Kick Sauber,Finished,53,53,7,5245.180999,5343.570999,0.018758171
2018,16,2018-16,Russian Grand Prix,MAG,Haas F1 Team,+1 Lap,52,53,8,5245.180999,5359.911403,0.021873488
2018,16,2018-16,Russian Grand Prix,OCO,Aston Martin,+1 Lap,52,53,9,5245.180999,5363.99648,0.022652313
2018,16,2018-16,Russian Grand Prix,PER,Aston Martin,+1 Lap,52,53,10,5245.180999,5368.158,0.023445712
2018,16,2018-16,Russian Grand Prix,GRO,Haas F1 Team,+1 Lap,52,53,11,5245.180999,5384.10998,0.026486976
2018,16,2018-16,Russian Grand Prix,HUL,Alpine,+1 Lap,52,53,12,5245.180999,5388.414192,0.027307579
2018,16,2018-16,Russian Grand Prix,ERI,Kick Sauber,+1 Lap,52,53,13,5245.180999,5406.477,0.030751275
2018,16,2018-16,Russian Grand Prix,ALO,McLaren,+1 Lap,52,53,14,5245.180999,5426.236826,0.034518509
2018,16,2018-16,Russian Grand Prix,STR,Williams,+1 Lap,52,53,15,5245.180999,5427.189807,0.034700196
2018,16,2018-16,Russian Grand Prix,VAN,McLaren,+2 Laps,51,53,16,5245.180999,5457.07849,0.040398509
2018,16,2018-16,Russian Grand Prix,SAI,Alpine,+2 Laps,51,53,17,5245.180999,5461.356941,0.041214201
2018,16,2018-16,Russian Grand Prix,SIR,Williams,+2 Laps,51,53,18,5245.180999,5462.561392,0.041443831
2018,16,2018-16,Russian Grand Prix,GAS,Racing Bulls,Brakes,4,53,19,5245.180999,,
2018,16,2018-16,Russian Grand Prix,HAR,Racing Bulls,Brakes,3,53,20,5245.180999,,
2018,17,2018-17,Japanese Grand Prix,HAM,Mercedes,Finished,53,53,1,5225.224134,5237.061999,0.002265523
2018,17,2018-17,Japanese Grand Prix,BOT,Mercedes,Finished,53,53,2,5225.224134,5249.980999,0.004737953
2018,17,2018-17,Japanese Grand Prix,VER,Red Bull Racing,Finished,53,53,3,5225.224134,5251.356999,0.005001291
2018,17,2018-17,Japanese Grand Prix,RIC,Red Bull Racing,Finished,53,53,4,5225.224134,5256.556999,0.005996463
2018,17,2018-17,Japanese Grand Prix,RAI,Ferrari,Finished,53,53,5,5225.224134,5288.059999,0.012025487
2018,17,2018-17,Japanese Grand Prix,VET,Ferrari,Finished,53,53,6,5225.224134,5306.934999,0.015637772
2018,17,2018-17,Japanese Grand Prix,PER,Aston Martin,Finished,53,53,7,5225.224134,5316.440999,0.017457024
2018,17,2018-17,Japanese Grand Prix,GRO,Haas F1 Team,Finished,53,53,8,5225.224134,5324.259999,0.01895342
2018,17,2018-17,Japanese Grand Prix,OCO,Aston Martin,Finished,53,53,9,5225.224134,5325.116999,0.019117432
2018,17,2018-17,Japanese Grand Prix,SAI,Alpine,+1 Lap,52,53,10,5225.224134,5346.990615,0.02330359
2018,17,2018-17,Japanese Grand Prix,GAS,Racing Bulls,+1 Lap,52,53,11,5225.224134,5360.08875,0.025810303
2018,17,2018-17,Japanese Grand Prix,ERI,Kick Sauber,+1 Lap,52,53,12,5225.224134,5225.224134,0
2018,17,2018-17,Japanese Grand Prix,HAR,Racing Bulls,+1 Lap,52,53,13,5225.224134,5382.357923,0.030072162
2018,17,2018-17,Japanese Grand Prix,ALO,McLaren,+1 Lap,52,53,14,5225.224134,5382.698346,0.030137312
2018,17,2018-17,Japanese Grand Prix,VAN,McLaren,+1 Lap,52,53,15,5225.224134,5383.542269,0.030298822
2018,17,2018-17,Japanese Grand Prix,SIR,Williams,+1 Lap,52,53,16,5225.224134,5232.441307,0.001381218
2018,17,2018-17,Japanese Grand Prix,STR,Williams,+1 Lap,52,53,17,5225.224134,5390.759442,0.03168004
2018,17,2018-17,Japanese Grand Prix,LEC,Kick Sauber,Mechanical,38,53,18,5225.224134,,
2018,17,2018-17,Japanese Grand Prix,HUL,Alpine,Engine,37,53,19,5225.224134,,
2018,17,2018-17,Japanese Grand Prix,MAG,Haas F1 Team,Collision damage,8,53,20,5225.224134,,
2018,18,2018-18,United States Grand Prix,RAI,Ferrari,Finished,56,56,1,5658.642999,5658.642999,0
2018,18,2018-18,United States Grand Prix,VER,Red Bull Racing,Finished,56,56,2,5658.642999,5659.923999,0.000226379
2018,18,2018-18,United States Grand Prix,HAM,Mercedes,Finished,56,56,3,5658.642999,5660.984999,0.00041388
2018,18,2018-18,United States Grand Prix,VET,Ferrari,Finished,56,56,4,5658.642999,5676.864999,0.003220207
2018,18,2018-18,United States Grand Prix,BOT,Mercedes,Finished,56,56,5,5658.642999,5683.386999,0.00437278
2018,18,2018-18,United States Grand Prix,HUL,Alpine,Finished,56,56,6,5658.642999,5745.852999,0.015411822
2018,18,2018-18,United States Grand Prix,SAI,Alpine,Finished,56,56,7,5658.642999,5753.636999,0.016787417
2018,18,2018-18,United States Grand Prix,PER,Aston Martin,Finished,56,56,8,5658.642999,5660.153999,0.000267025
2018,18,2018-18,United States Grand Prix,HAR,Racing Bulls,+1 Lap,55,56,9,5658.642999,5793.449454,0.023823107
2018,18,2018-18,United States Grand Prix,ERI,Kick Sauber,+1 Lap,55,56,10,5658.642999,5794.76189,0.024055041
2018,18,2018-18,United States Grand Prix,VAN,McLaren,+1 Lap,55,56,11,5658.642999,5796.170036,0.02430389
2018,18,2018-18,United States Grand Prix,GAS,Racing Bulls,+1 Lap,55,56,12,5658.642999,5819.745018,0.02847008
2018,18,2018-18,United States Grand Prix,SIR,Williams,+1 Lap,55,56,13,5658.642999,5832.286981,0.030686506
2018,18,2018-18,United States Grand Prix,STR,Williams,+2 Laps,54,56,14,5658.642999,5890.882666,0.041041583
2018,18,2018-18,United States Grand Prix,LEC,Kick Sauber,Collision damage,31,56,15,5658.642999,,
2018,18,2018-18,United States Grand Prix,RIC,Red Bull Racing,Battery,8,56,16,5658.642999,,
2018,18,2018-18,United States Grand Prix,GRO,Haas F1 Team,Collision damage,2,56,17,5658.642999,,
2018,18,2018-18,United States Grand Prix,ALO,McLaren,Collision,1,56,18,5658.642999,,
2018,18,2018-18,United States Grand Prix,OCO,Aston Martin,Disqualified,56,56,19,5658.642999,5757.930999,0.017546256
2018,18,2018-18,United States Grand Prix,MAG,Haas F1 Team,Disqualified,56,56,20,5658.642999,5759.299999,0.017788187
2018,19,2018-19,Mexican Grand Prix,VER,Red Bull Racing,Finished,71,71,1,5904.393754,5908.850999,0.000754903
2018,19,2018-19,Mexican Grand Prix,VET,Ferrari,Finished,71,71,2,5904.393754,5926.166999,0.003687634
2018,19,2018-19,Mexican Grand Prix,RAI,Ferrari,Finished,71,71,3,5904.393754,5958.764999,0.009208608
2018,19,2018-19,Mexican Grand Prix,HAM,Mercedes,Finished,71,71,4,5904.393754,5987.588999,0.014090396
2018,19,2018-19,Mexican Grand Prix,BOT,Mercedes,+1 Lap,70,71,5,5904.393754,6006.042142,0.01721572
2018,19,2018-19,Mexican Grand Prix,HUL,Alpine,+2 Laps,69,71,6,5904.393754,6100.626637,0.03323506
2018,19,2018-19,Mexican Grand Prix,LEC,Kick Sauber,+2 Laps,69,71,7,5904.393754,6112.525826,0.035250371
2018,19,2018-19,Mexican Grand Prix,VAN,McLaren,+2 Laps,69,71,8,5904.393754,6133.952391,0.03887929
2018,19,2018-19,Mexican Grand Prix,ERI,Kick Sauber,+2 Laps,69,71,9,5904.393754,6144.993405,0.040749256
2018,19,2018-19,Mexican Grand Prix,GAS,Racing Bulls,+2 Laps,69,71,10,5904.393754,6146.214811,0.04095612
2018,19,2018-19,Mexican Grand Prix,OCO,Aston Martin,+2 Laps,69,71,11,5904.393754,6150.886405,0.041747326
2018,19,2018-19,Mexican Grand Prix,STR,Williams,+2 Laps,69,71,12,5904.393754,6154.17813,0.04230483
2018,19,2018-19,Mexican Grand Prix,SIR,Williams,+2 Laps,69,71,13,5904.393754,6155.022927,0.04244791
2018,19,2018-19,Mexican Grand Prix,HAR,Racing Bulls,+2 Laps,69,71,14,5904.393754,6152.711826,0.042056489
2018,19,2018-19,Mexican Grand Prix,MAG,Haas F1 Team,+2 Laps,69,71,15,5904.393754,6165.39613,0.044204771
2018,19,2018-19,Mexican Grand Prix,GRO,Haas F1 Team,+3 Laps,68,71,16,5904.393754,6171.844146,0.045296842
2018,19,2018-19,Mexican Grand Prix,RIC,Red Bull Racing,Engine,61,71,17,5904.393754,5904.393754,0
2018,19,2018-19,Mexican Grand Prix,PER,Aston Martin,Brakes,38,71,18,5904.393754,,
2018,19,2018-19,Mexican Grand Prix,SAI,Alpine,Suspension,28,71,19,5904.393754,,
2018,19,2018-19,Mexican Grand Prix,ALO,McLaren,Engine,3,71,20,5904.393754,,
2018,20,2018-20,Brazilian Grand Prix,HAM,Mercedes,Finished,71,71,1,5229.065999,5229.065999,0
2018,20,2018-20,Brazilian Grand Prix,VER,Red Bull Racing,Finished,71,71,2,5229.065999,5230.534999,0.00028093
2018,20,2018-20,Brazilian Grand Prix,RAI,Ferrari,Finished,71,71,3,5229.065999,5233.829999,0.000911061
2018,20,2018-20,Brazilian Grand Prix,RIC,Red Bull Racing,Finished,71,71,4,5229.065999,5234.258999,0.000993103
2018,20,2018-20,Brazilian Grand Prix,BOT,Mercedes,Finished,71,71,5,5229.065999,5252.008999,0.00438759
2018,20,2018-20,Brazilian Grand Prix,VET,Ferrari,Finished,71,71,6,5229.065999,5256.062999,0.005162872
2018,20,2018-20,Brazilian Grand Prix,LEC,Kick Sauber,Finished,71,71,7,5229.065999,5273.264999,0.008452561
2018,20,2018-20,Brazilian Grand Prix,GRO,Haas F1 Team,Finished,71,71,8,5229.065999,5280.295999,0.009797161
2018,20,2018-20,Brazilian Grand Prix,MAG,Haas F1 Team,Finished,71,71,9,5229.065999,5281.922999,0.010108306
2018,20,2018-20,Brazilian Grand Prix,PER,Aston Martin,+1 Lap,70,71,10,5229.065999,5312.712942,0.015996536
2018,20,2018-20,Brazilian Grand Prix,HAR,Racing Bulls,+1 Lap,70,71,11,5229.065999,5364.043914,0.025813007
2018,20,2018-20,Brazilian Grand Prix,SAI,Alpine,+1 Lap,70,71,12,5229.065999,5364.917214,0.025980015
2018,20,2018-20,Brazilian Grand Prix,GAS,Racing Bulls,+1 Lap,70,71,13,5229.065999,5368.4094,0.026647857
2018,20,2018-20,Brazilian Grand Prix,VAN,McLaren,+1 Lap,70,71,14,5229.065999,5369.965314,0.026945408
2018,20,2018-20,Brazilian Grand Prix,OCO,Aston Martin,+1 Lap,70,71,15,5229.065999,5371.303157,0.027201255
2018,20,2018-20,Brazilian Grand Prix,SIR,Williams,+2 Laps,69,71,16,5229.065999,5398.037391,0.032313876
2018,20,2018-20,Brazilian Grand Prix,ALO,McLaren,+2 Laps,69,71,17,5229.065999,5394.416391,0.031621401
2018,20,2018-20,Brazilian Grand Prix,STR,Williams,+2 Laps,69,71,18,5229.065999,5416.760811,0.03589452
2018,20,2018-20,Brazilian Grand Prix,HUL,Alpine,Overheating,32,71,19,5229.065999,,
2018,20,2018-20,Brazilian Grand Prix,ERI,Kick Sauber,Collision,20,71,20,5229.065999,,
2018,21,2018-21,Abu Dhabi Grand Prix,HAM,Mercedes,Finished,55,55,1,5491.795999,5491.795999,0
2018,21,2018-21,Abu Dhabi Grand Prix,VET,Ferrari,Finished,55,55,2,5491.795999,5501.554999,0.001777014
2018,21,2018-21,Abu Dhabi Grand Prix,VER,Red Bull Racing,Finished,55,55,3,5491.795999,5517.274999,0.004639466
2018,21,2018-21,Abu Dhabi Grand Prix,RIC,Red Bull Racing,Finished,55,55,4,5491.795999,5517.367999,0.0046564
2018,21,2018-21,Abu Dhabi Grand Prix,BOT,Mercedes,Finished,55,55,5,5491.795999,5546.825999,0.010020401
2018,21,2018-21,Abu Dhabi Grand Prix,SAI,Alpine,Finished,55,55,6,5491.795999,5578.383999,0.015766791
2018,21,2018-21,Abu Dhabi Grand Prix,LEC,Kick Sauber,Finished,55,55,7,5491.795999,5591.897999,0.018227553
2018,21,2018-21,Abu Dhabi Grand Prix,PER,Aston Martin,Finished,55,55,8,5491.795999,5596.371,0.01904204
2018,21,2018-21,Abu Dhabi Grand Prix,GRO,Haas F1 Team,+1 Lap,54,55,9,5491.795999,5628.427037,0.024879118
2018,21,2018-21,Abu Dhabi Grand Prix,MAG,Haas F1 Team,+1 Lap,54,55,10,5491.795999,5639.63787,0.026920496
2018,21,2018-21,Abu Dhabi Grand Prix,ALO,McLaren,+1 Lap,54,55,11,5491.795999,5640.25,0.027031958
2018,21,2018-21,Abu Dhabi Grand Prix,HAR,Racing Bulls,+1 Lap,54,55,12,5491.795999,5664.698518,0.031483784
2018,21,2018-21,Abu Dhabi Grand Prix,STR,Williams,+1 Lap,54,55,13,5491.795999,5664.467314,0.031441684
2018,21,2018-21,Abu Dhabi Grand Prix,VAN,McLaren,+1 Lap,54,55,14,5491.795999,5667.649166,0.032021067
2018,21,2018-21,Abu Dhabi Grand Prix,SIR,Williams,+1 Lap,54,55,15,5491.795999,5684.29074,0.035051328
2018,21,2018-21,Abu Dhabi Grand Prix,GAS,Racing Bulls,Engine,46,55,16,5491.795999,5616.232934,0.022658696
2018,21,2018-21,Abu Dhabi Grand Prix,OCO,Aston Martin,Engine,44,55,17,5491.795999,5584.883749,0.016950329
2018,21,2018-21,Abu Dhabi Grand Prix,ERI,Kick Sauber,Power loss,24,55,18,5491.795999,,
2018,21,2018-21,Abu Dhabi Grand Prix,RAI,Ferrari,Power loss,6,55,19,5491.795999,,
2019,1,2019-01,Australian Grand Prix,BOT,Mercedes,Finished,58,58,1,5127.324999,5127.324999,0
2019,1,2019-01,Australian Grand Prix,HAM,Mercedes,Finished,58,58,2,5127.324999,5148.210999,0.004073469
2019,1,2019-01,Australian Grand Prix,VER,Red Bull Racing,Finished,58,58,3,5127.324999,5149.844999,0.004392154
2019,1,2019-01,Australian Grand Prix,VET,Ferrari,Finished,58,58,4,5127.324999,5184.433999,0.011138167
2019,1,2019-01,Australian Grand Prix,LEC,Ferrari,Finished,58,58,5,5127.324999,5185.554999,0.011356799
2019,1,2019-01,Australian Grand Prix,MAG,Haas F1 Team,Finished,58,58,6,5127.324999,5214.480999,0.016998337
2019,1,2019-01,Australian Grand Prix,HUL,Alpine,+1 Lap,57,58,7,5127.324999,5222.56828,0.018575628
2019,1,2019-01,Australian Grand Prix,RAI,Kick Sauber,+1 Lap,57,58,8,5127.324999,5223.77407,0.018810797
2019,1,2019-01,Australian Grand Prix,STR,Aston Martin,+1 Lap,57,58,9,5127.324999,5224.539263,0.018960035
2019,1,2019-01,Australian Grand Prix,KVY,Racing Bulls,+1 Lap,57,58,10,5127.324999,5225.250526,0.019098756
2019,1,2019-01,Australian Grand Prix,GAS,Red Bull Racing,+1 Lap,57,58,11,5127.324999,5225.591403,0.019165238
2019,1,2019-01,Australian Grand Prix,NOR,McLaren,+1 Lap,57,58,12,5127.324999,5266.053017,0.027056607
2019,1,2019-01,Australian Grand Prix,PER,Aston Martin,+1 Lap,57,58,13,5127.324999,5266.592315,0.027161788
2019,1,2019-01,Australian Grand Prix,ALB,Racing Bulls,+1 Lap,57,58,14,5127.324999,5267.312736,0.027302294
2019,1,2019-01,Australian Grand Prix,GIO,Kick Sauber,+1 Lap,57,58,15,5127.324999,5289.052561,0.031542288
2019,1,2019-01,Australian Grand Prix,RUS,Williams,+2 Laps,56,58,16,5127.324999,5361.898035,0.045749594
2019,1,2019-01,Australian Grand Prix,KUB,Williams,+3 Laps,55,58,17,5127.324999,5461.713418,0.065216935
2019,1,2019-01,Australian Grand Prix,GRO,Haas F1 Team,Wheel,29,58,18,5127.324999,,
2019,1,2019-01,Australian Grand Prix,RIC,Alpine,Damage,28,58,19,5127.324999,,
2019,1,2019-01,Australian Grand Prix,SAI,McLaren,Engine,9,58,20,5127.324999,,
2019,2,2019-02,Bahrain Grand Prix,HAM,Mercedes,Finished,56,57,1,5607.457446,5607.457446,0
2019,2,2019-02,Bahrain Grand Prix,BOT,Mercedes,Finished,57,57,2,5607.457446,5664.274999,0.010132498
2019,2,2019-02,Bahrain Grand Prix,LEC,Ferrari,Finished,57,57,3,5607.457446,5667.425999,0.010694429
2019,2,2019-02,Bahrain Grand Prix,VER,Red Bull Racing,Finished,57,57,4,5607.457446,5667.702999,0.010743827
2019,2,2019-02,Bahrain Grand Prix,VET,Ferrari,Finished,57,57,5,5607.457446,5697.362999,0.016033212
2019,2,2019-02,Bahrain Grand Prix,NOR,McLaren,Finished,57,57,6,5607.457446,5707.048999,0.017760554
2019,2,2019-02,Bahrain Grand Prix,RAI,Kick Sauber,Finished,57,57,7,5607.457446,5708.764999,0.018066575
2019,2,2019-02,Bahrain Grand Prix,GAS,Red Bull Racing,Finished,57,57,8,5607.457446,5719.388999,0.019961195
2019,2,2019-02,Bahrain Grand Prix,ALB,Racing Bulls,Finished,57,57,9,5607.457446,5723.991999,0.020782066
2019,2,2019-02,Bahrain Grand Prix,PER,Aston Martin,Finished,57,57,10,5607.457446,5724.990999,0.020960222
2019,2,2019-02,Bahrain Grand Prix,GIO,Kick Sauber,Finished,57,57,11,5607.457446,5725.893999,0.021121258
2019,2,2019-02,Bahrain Grand Prix,KVY,Racing Bulls,+1 Lap,56,57,12,5607.457446,5764.024232,0.027921172
2019,2,2019-02,Bahrain Grand Prix,MAG,Haas F1 Team,+1 Lap,56,57,13,5607.457446,5764.982035,0.028091981
2019,2,2019-02,Bahrain Grand Prix,STR,Aston Martin,+1 Lap,56,57,14,5607.457446,5782.959428,0.031297961
2019,2,2019-02,Bahrain Grand Prix,RUS,Williams,+1 Lap,56,57,15,5607.457446,5823.175982,0.038469937
2019,2,2019-02,Bahrain Grand Prix,KUB,Williams,+2 Laps,55,57,16,5607.457446,5867.9562,0.04645577
2019,2,2019-02,Bahrain Grand Prix,HUL,Alpine,Engine,53,57,17,5607.457446,5618.163056,0.001909174
2019,2,2019-02,Bahrain Grand Prix,RIC,Alpine,Out of fuel,53,57,18,5607.457446,5631.688188,0.004321164
2019,2,2019-02,Bahrain Grand Prix,SAI,McLaren,Collision damage,53,57,19,5607.457446,5717.358113,0.019599019
2019,2,2019-02,Bahrain Grand Prix,GRO,Haas F1 Team,Retired,16,57,20,5607.457446,,
2019,3,2019-03,Chinese Grand Prix,HAM,Mercedes,Finished,56,56,1,5526.349999,5526.349999,0
2019,3,2019-03,Chinese Grand Prix,BOT,Mercedes,Finished,56,56,2,5526.349999,5532.901999,0.001185593
2019,3,2019-03,Chinese Grand Prix,VET,Ferrari,Finished,56,56,3,5526.349999,5540.094,0.002486994
2019,3,2019-03,Chinese Grand Prix,VER,Red Bull Racing,Finished,56,56,4,5526.349999,5553.976999,0.00499914
2019,3,2019-03,Chinese Grand Prix,LEC,Ferrari,Finished,56,56,5,5526.349999,5557.625999,0.005659432
2019,3,2019-03,Chinese Grand Prix,GAS,Red Bull Racing,Finished,56,56,6,5526.349999,5615.656999,0.016160214
2019,3,2019-03,Chinese Grand Prix,RIC,Alpine,+1 Lap,55,56,7,5526.349999,5640.111272,0.020585246
2019,3,2019-03,Chinese Grand Prix,PER,Aston Martin,+1 Lap,55,56,8,5526.349999,5642.135418,0.020951518
2019,3,2019-03,Chinese Grand Prix,RAI,Kick Sauber,+1 Lap,55,56,9,5526.349999,5648.93789,0.022182433
2019,3,2019-03,Chinese Grand Prix,ALB,Racing Bulls,+1 Lap,55,56,10,5526.349999,5661.757818,0.024502216
2019,3,2019-03,Chinese Grand Prix,GRO,Haas F1 Team,+1 Lap,55,56,11,5526.349999,5662.796363,0.024690142
2019,3,2019-03,Chinese Grand Prix,STR,Aston Martin,+1 Lap,55,56,12,5526.349999,5669.536727,0.025909819
2019,3,2019-03,Chinese Grand Prix,MAG,Haas F1 Team,+1 Lap,55,56,13,5526.349999,5670.432727,0.026071951
2019,3,2019-03,Chinese Grand Prix,SAI,McLaren,+1 Lap,55,56,14,5526.349999,5680.537163,0.027900362
2019,3,2019-03,Chinese Grand Prix,GIO,Kick Sauber,+1 Lap,55,56,15,5526.349999,5683.623272,0.028458797
2019,3,2019-03,Chinese Grand Prix,RUS,Williams,+2 Laps,54,56,16,5526.349999,5756.442222,0.041635478
2019,3,2019-03,Chinese Grand Prix,KUB,Williams,+2 Laps,54,56,17,5526.349999,5773.101185,0.044649938
2019,3,2019-03,Chinese Grand Prix,NOR,McLaren,Collision,50,56,18,5526.349999,5769.0416,0.043915351
2019,3,2019-03,Chinese Grand Prix,KVY,Racing Bulls,Collision,41,56,19,5526.349999,,
2019,3,2019-03,Chinese Grand Prix,HUL,Alpine,Power Unit,16,56,20,5526.349999,,
2019,4,2019-04,Azerbaijan Grand Prix,BOT,Mercedes,Finished,51,51,1,5462.200999,5512.941999,0.009289479
2019,4,2019-04,Azerbaijan Grand Prix,HAM,Mercedes,Finished,51,51,2,5462.200999,5514.465999,0.009568487
2019,4,2019-04,Azerbaijan Grand Prix,VET,Ferrari,Finished,51,51,3,5462.200999,5524.680999,0.011438612
2019,4,2019-04,Azerbaijan Grand Prix,VER,Red Bull Racing,Finished,51,51,4,5462.200999,5530.434999,0.012492034
2019,4,2019-04,Azerbaijan Grand Prix,LEC,Ferrari,Finished,51,51,5,5462.200999,5582.048999,0.021941338
2019,4,2019-04,Azerbaijan Grand Prix,PER,Aston Martin,Finished,51,51,6,5462.200999,5589.357999,0.023279444
2019,4,2019-04,Azerbaijan Grand Prix,SAI,McLaren,Finished,51,51,7,5462.200999,5596.767999,0.02463604
2019,4,2019-04,Azerbaijan Grand Prix,NOR,McLaren,Finished,51,51,8,5462.200999,5462.200999,0
2019,4,2019-04,Azerbaijan Grand Prix,STR,Aston Martin,Finished,51,51,9,5462.200999,5616.757999,0.028295736
2019,4,2019-04,Azerbaijan Grand Prix,RAI,Kick Sauber,+1 Lap,50,51,10,5462.200999,5638.764,0.032324516
2019,4,2019-04,Azerbaijan Grand Prix,ALB,Racing Bulls,+1 Lap,50,51,11,5462.200999,5641.51698,0.032828521
2019,4,2019-04,Azerbaijan Grand Prix,GIO,Kick Sauber,+1 Lap,50,51,12,5462.200999,5644.05984,0.033294059
2019,4,2019-04,Azerbaijan Grand Prix,MAG,Haas F1 Team,+1 Lap,50,51,13,5462.200999,5672.38422,0.038479584
2019,4,2019-04,Azerbaijan Grand Prix,HUL,Alpine,+1 Lap,50,51,14,5462.200999,5697.8475,0.043141309
2019,4,2019-04,Azerbaijan Grand Prix,RUS,Williams,+2 Laps,49,51,15,5462.200999,5589.908081,0.023380151
2019,4,2019-04,Azerbaijan Grand Prix,KUB,Williams,+2 Laps,49,51,16,5462.200999,5786.079061,0.059294424
2019,4,2019-04,Azerbaijan Grand Prix,GAS,Red Bull Racing,Transmission,38,51,17,5462.200999,,
2019,4,2019-04,Azerbaijan Grand Prix,GRO,Haas F1 Team,Brakes,38,51,18,5462.200999,,
2019,4,2019-04,Azerbaijan Grand Prix,KVY,Racing Bulls,Collision,33,51,19,5462.200999,,
2019,4,2019-04,Azerbaijan Grand Prix,RIC,Alpine,Collision,30,51,20,5462.200999,,
2019,5,2019-05,Spanish Grand Prix,HAM,Mercedes,Finished,66,66,1,5594.639999,5594.639999,0
2019,5,2019-05,Spanish Grand Prix,BOT,Mercedes,Finished,66,66,2,5594.639999,5754.516999,0.028576816
2019,5,2019-05,Spanish Grand Prix,VER,Red Bull Racing,Finished,66,66,3,5594.639999,5758.121999,0.029221183
2019,5,2019-05,Spanish Grand Prix,VET,Ferrari,Finished,66,66,4,5594.639999,5759.609999,0.029487152
2019,5,2019-05,Spanish Grand Prix,LEC,Ferrari,Finished,66,66,5,5594.639999,5763.803999,0.030236798
2019,5,2019-05,Spanish Grand Prix,GAS,Red Bull Racing,Finished,66,66,6,5594.639999,5770.018999,0.031347683
2019,5,2019-05,Spanish Grand Prix,MAG,Haas F1 Team,Finished,66,66,7,5594.639999,5778.601999,0.03288183
2019,5,2019-05,Spanish Grand Prix,SAI,McLaren,Finished,66,66,8,5594.639999,5782.784999,0.03362951
2019,5,2019-05,Spanish Grand Prix,KVY,Racing Bulls,Finished,66,66,9,5594.639999,5783.498999,0.033757132
2019,5,2019-05,Spanish Grand Prix,GRO,Haas F1 Team,Finished,66,66,10,5594.639999,5785.083999,0.034040439
2019,5,2019-05,Spanish Grand Prix,ALB,Racing Bulls,Finished,66,66,11,5594.639999,5619.410999,0.004427631
2019,5,2019-05,Spanish Grand Prix,RIC,Alpine,Finished,66,66,12,5594.639999,5787.200999,0.034418837
2019,5,2019-05,Spanish Grand Prix,HUL,Alpine,Finished,66,66,13,5594.639999,5789.683999,0.034862654
2019,5,2019-05,Spanish Grand Prix,RAI,Kick Sauber,Finished,66,66,14,5594.639999,5792.245999,0.035320593
2019,5,2019-05,Spanish Grand Prix,PER,Aston Martin,Finished,66,66,15,5594.639999,5797.319999,0.036227532
2019,5,2019-05,Spanish Grand Prix,GIO,Kick Sauber,Finished,66,66,16,5594.639999,5798.133999,0.036373028
2019,5,2019-05,Spanish Grand Prix,RUS,Williams,+1 Lap,65,66,17,5594.639999,5899.616123,0.054512198
2019,5,2019-05,Spanish Grand Prix,KUB,Williams,+1 Lap,65,66,18,5594.639999,5907.014215,0.055834552
2019,5,2019-05,Spanish Grand Prix,STR,Aston Martin,Collision,44,66,19,5594.639999,,
2019,5,2019-05,Spanish Grand Prix,NOR,McLaren,Collision,44,66,20,5594.639999,,
2019,6,2019-06,Monaco Grand Prix,HAM,Mercedes,Finished,78,78,1,6208.436999,6208.436999,0
2019,6,2019-06,Monaco Grand Prix,VET,Ferrari,Finished,78,78,2,6208.436999,6211.038999,0.000419107
2019,6,2019-06,Monaco Grand Prix,BOT,Mercedes,Finished,78,78,3,6208.436999,6211.598999,0.000509307
2019,6,2019-06,Monaco Grand Prix,VER,Red Bull Racing,Finished,78,78,4,6208.436999,6208.973999,8.65E-05
2019,6,2019-06,Monaco Grand Prix,GAS,Red Bull Racing,Finished,78,78,5,6208.436999,6218.382999,0.001602014
2019,6,2019-06,Monaco Grand Prix,SAI,McLaren,Finished,78,78,6,6208.436999,6261.890999,0.008609897
2019,6,2019-06,Monaco Grand Prix,KVY,Racing Bulls,Finished,78,78,7,6208.436999,6263.010999,0.008790296
2019,6,2019-06,Monaco Grand Prix,ALB,Racing Bulls,Finished,78,78,8,6208.436999,6263.636999,0.008891127
2019,6,2019-06,Monaco Grand Prix,RIC,Alpine,Finished,78,78,9,6208.436999,6269.330999,0.009808266
2019,6,2019-06,Monaco Grand Prix,GRO,Haas F1 Team,Finished,78,78,10,6208.436999,6264.470999,0.00902546
2019,6,2019-06,Monaco Grand Prix,NOR,McLaren,Finished,78,78,11,6208.436999,6275.237999,0.010759713
2019,6,2019-06,Monaco Grand Prix,PER,Aston Martin,+1 Lap,77,78,12,6208.436999,6297.633896,0.014367046
2019,6,2019-06,Monaco Grand Prix,HUL,Alpine,+1 Lap,77,78,13,6208.436999,6300.624233,0.014848703
2019,6,2019-06,Monaco Grand Prix,MAG,Haas F1 Team,+1 Lap,77,78,14,6208.436999,6296.680675,0.014213509
2019,6,2019-06,Monaco Grand Prix,RUS,Williams,+1 Lap,77,78,15,6208.436999,6315.742051,0.017283747
2019,6,2019-06,Monaco Grand Prix,STR,Aston Martin,+1 Lap,77,78,16,6208.436999,6322.756986,0.01841365
2019,6,2019-06,Monaco Grand Prix,RAI,Kick Sauber,+1 Lap,77,78,17,6208.436999,6338.339766,0.020923586
2019,6,2019-06,Monaco Grand Prix,KUB,Williams,+1 Lap,77,78,18,6208.436999,6369.160909,0.025887983
2019,6,2019-06,Monaco Grand Prix,GIO,Kick Sauber,+2 Laps,76,78,19,6208.436999,6377.933763,0.027301036
2019,6,2019-06,Monaco Grand Prix,LEC,Ferrari,Collision,16,78,20,6208.436999,,
2019,7,2019-07,Canadian Grand Prix,HAM,Mercedes,Finished,70,70,1,5345.741999,5347.083999,0.000251041
2019,7,2019-07,Canadian Grand Prix,VET,Ferrari,Finished,70,70,2,5345.741999,5345.741999,0
2019,7,2019-07,Canadian Grand Prix,LEC,Ferrari,Finished,70,70,3,5345.741999,5351.78,0.001129497
2019,7,2019-07,Canadian Grand Prix,BOT,Mercedes,Finished,70,70,4,5345.741999,5398.127,0.009799388
2019,7,2019-07,Canadian Grand Prix,VER,Red Bull Racing,Finished,70,70,5,5345.741999,5404.738999,0.01103626
2019,7,2019-07,Canadian Grand Prix,RIC,Alpine,+1 Lap,69,70,6,5345.741999,5427.695507,0.015330614
2019,7,2019-07,Canadian Grand Prix,HUL,Alpine,+1 Lap,69,70,7,5345.741999,5428.103333,0.015406904
2019,7,2019-07,Canadian Grand Prix,GAS,Red Bull Racing,+1 Lap,69,70,8,5345.741999,5438.315217,0.017317188
2019,7,2019-07,Canadian Grand Prix,STR,Aston Martin,+1 Lap,69,70,9,5345.741999,5457.06913,0.020825384
2019,7,2019-07,Canadian Grand Prix,KVY,Racing Bulls,+1 Lap,69,70,10,5345.741999,5459.593188,0.021297547
2019,7,2019-07,Canadian Grand Prix,SAI,McLaren,+1 Lap,69,70,11,5345.741999,5461.792608,0.021708981
2019,7,2019-07,Canadian Grand Prix,PER,Aston Martin,+1 Lap,69,70,12,5345.741999,5470.143913,0.023271215
2019,7,2019-07,Canadian Grand Prix,GIO,Kick Sauber,+1 Lap,69,70,13,5345.741999,5493.445797,0.027630177
2019,7,2019-07,Canadian Grand Prix,GRO,Haas F1 Team,+1 Lap,69,70,14,5345.741999,5495.138985,0.027946913
2019,7,2019-07,Canadian Grand Prix,RAI,Kick Sauber,+1 Lap,69,70,15,5345.741999,5495.707101,0.028053187
2019,7,2019-07,Canadian Grand Prix,RUS,Williams,+2 Laps,68,70,16,5345.741999,5558.609411,0.039819994
2019,7,2019-07,Canadian Grand Prix,MAG,Haas F1 Team,+2 Laps,68,70,17,5345.741999,5567.435588,0.04147106
2019,7,2019-07,Canadian Grand Prix,KUB,Williams,+3 Laps,67,70,18,5345.741999,5616.873134,0.050719084
2019,7,2019-07,Canadian Grand Prix,ALB,Racing Bulls,Collision damage,59,70,19,5345.741999,5560.139152,0.040106154
2019,7,2019-07,Canadian Grand Prix,NOR,McLaren,Suspension,8,70,20,5345.741999,,
2019,8,2019-08,French Grand Prix,HAM,Mercedes,Finished,53,53,1,5071.197999,5071.197999,0
2019,8,2019-08,French Grand Prix,BOT,Mercedes,Finished,53,53,2,5071.197999,5089.253999,0.0035605
2019,8,2019-08,French Grand Prix,LEC,Ferrari,Finished,53,53,3,5071.197999,5090.182999,0.003743691
2019,8,2019-08,French Grand Prix,VER,Red Bull Racing,Finished,53,53,4,5071.197999,5106.102999,0.006882989
2019,8,2019-08,French Grand Prix,VET,Ferrari,Finished,53,53,5,5071.197999,5133.993999,0.012382873
2019,8,2019-08,French Grand Prix,SAI,McLaren,Finished,53,53,6,5071.197999,5166.659999,0.018824349
2019,8,2019-08,French Grand Prix,RAI,Kick Sauber,+1 Lap,52,53,7,5071.197999,5177.479288,0.020957827
2019,8,2019-08,French Grand Prix,HUL,Alpine,+1 Lap,52,53,8,5071.197999,5178.050057,0.021070378
2019,8,2019-08,French Grand Prix,NOR,McLaren,+1 Lap,52,53,9,5071.197999,5179.926461,0.02144039
2019,8,2019-08,French Grand Prix,GAS,Red Bull Racing,+1 Lap,52,53,10,5071.197999,5185.257038,0.022491537
2019,8,2019-08,French Grand Prix,RIC,Alpine,+1 Lap,52,53,11,5071.197999,5176.537519,0.020772117
2019,8,2019-08,French Grand Prix,PER,Aston Martin,+1 Lap,52,53,12,5071.197999,5190.446961,0.023514949
2019,8,2019-08,French Grand Prix,STR,Aston Martin,+1 Lap,52,53,13,5071.197999,5192.862538,0.023991282
2019,8,2019-08,French Grand Prix,KVY,Racing Bulls,+1 Lap,52,53,14,5071.197999,5205.324673,0.026448716
2019,8,2019-08,French Grand Prix,ALB,Racing Bulls,+1 Lap,52,53,15,5071.197999,5207.76573,0.026930073
2019,8,2019-08,French Grand Prix,GIO,Kick Sauber,+1 Lap,52,53,16,5071.197999,5225.311788,0.030390016
2019,8,2019-08,French Grand Prix,MAG,Haas F1 Team,+1 Lap,52,53,17,5071.197999,5230.480307,0.031409207
2019,8,2019-08,French Grand Prix,KUB,Williams,+2 Laps,51,53,18,5071.197999,5304.792862,0.046063053
2019,8,2019-08,French Grand Prix,RUS,Williams,+2 Laps,51,53,19,5071.197999,5314.220627,0.047922134
2019,8,2019-08,French Grand Prix,GRO,Haas F1 Team,Retired,44,53,20,5071.197999,5233.517522,0.032008122
2019,9,2019-09,Austrian Grand Prix,VER,Red Bull Racing,Finished,71,71,1,4921.821999,4921.821999,0
2019,9,2019-09,Austrian Grand Prix,LEC,Ferrari,Finished,71,71,2,4921.821999,4924.545999,0.000553454
2019,9,2019-09,Austrian Grand Prix,BOT,Mercedes,Finished,71,71,3,4921.821999,4940.781999,0.003852232
2019,9,2019-09,Austrian Grand Prix,VET,Ferrari,Finished,71,71,4,4921.821999,4941.431999,0.003984297
2019,9,2019-09,Austrian Grand Prix,HAM,Mercedes,Finished,71,71,5,4921.821999,4944.626999,0.004633447
2019,9,2019-09,Austrian Grand Prix,NOR,McLaren,+1 Lap,70,71,6,4921.821999,4993.6217,0.014588033
2019,9,2019-09,Austrian Grand Prix,GAS,Red Bull Racing,+1 Lap,70,71,7,4921.821999,4999.448771,0.015771958
2019,9,2019-09,Austrian Grand Prix,SAI,McLaren,+1 Lap,70,71,8,4921.821999,5010.778342,0.018073864
2019,9,2019-09,Austrian Grand Prix,RAI,Kick Sauber,+1 Lap,70,71,9,4921.821999,5012.917471,0.018508486
2019,9,2019-09,Austrian Grand Prix,GIO,Kick Sauber,+1 Lap,70,71,10,4921.821999,5013.588928,0.01864491
2019,9,2019-09,Austrian Grand Prix,PER,Aston Martin,+1 Lap,70,71,11,4921.821999,5016.378214,0.019211628
2019,9,2019-09,Austrian Grand Prix,RIC,Alpine,+1 Lap,70,71,12,4921.821999,5017.5558,0.019450886
2019,9,2019-09,Austrian Grand Prix,HUL,Alpine,+1 Lap,70,71,13,4921.821999,5019.307471,0.019806785
2019,9,2019-09,Austrian Grand Prix,STR,Aston Martin,+1 Lap,70,71,14,4921.821999,5027.348728,0.021440582
2019,9,2019-09,Austrian Grand Prix,ALB,Racing Bulls,+1 Lap,70,71,15,4921.821999,5029.046642,0.021785559
2019,9,2019-09,Austrian Grand Prix,GRO,Haas F1 Team,+1 Lap,70,71,16,4921.821999,5037.103114,0.023422447
2019,9,2019-09,Austrian Grand Prix,KVY,Racing Bulls,+1 Lap,70,71,17,4921.821999,5058.971114,0.027865517
2019,9,2019-09,Austrian Grand Prix,RUS,Williams,+2 Laps,69,71,18,4921.821999,5080.957565,0.032332654
2019,9,2019-09,Austrian Grand Prix,MAG,Haas F1 Team,+2 Laps,69,71,19,4921.821999,5103.452217,0.036903045
2019,9,2019-09,Austrian Grand Prix,KUB,Williams,+3 Laps,68,71,20,4921.821999,5152.054441,0.046777889
2019,10,2019-10,British Grand Prix,HAM,Mercedes,Finished,52,52,1,4698.822999,4698.822999,0
2019,10,2019-10,British Grand Prix,BOT,Mercedes,Finished,52,52,2,4698.822999,4893.379999,0.041405475
2019,10,2019-10,British Grand Prix,LEC,Ferrari,Finished,52,52,3,4698.822999,4898.569,0.042509795
2019,10,2019-10,British Grand Prix,GAS,Red Bull Racing,Finished,52,52,4,4698.822999,4903.143999,0.043483443
2019,10,2019-10,British Grand Prix,VER,Red Bull Racing,Finished,52,52,5,4698.822999,4907.909999,0.044497739
2019,10,2019-10,British Grand Prix,SAI,McLaren,Finished,52,52,6,4698.822999,4922.090999,0.047515729
2019,10,2019-10,British Grand Prix,RIC,Alpine,Finished,52,52,7,4698.822999,4922.853,0.047677897
2019,10,2019-10,British Grand Prix,RAI,Kick Sauber,Finished,52,52,8,4698.822999,4933.991999,0.050048491
2019,10,2019-10,British Grand Prix,KVY,Racing Bulls,Finished,52,52,9,4698.822999,4935.171999,0.050299618
2019,10,2019-10,British Grand Prix,HUL,Alpine,Finished,52,52,10,4698.822999,4941.184999,0.0515793
2019,10,2019-10,British Grand Prix,NOR,McLaren,Finished,52,52,11,4698.822999,4942.732999,0.051908744
2019,10,2019-10,British Grand Prix,ALB,Racing Bulls,Finished,52,52,12,4698.822999,4944.069,0.052193071
2019,10,2019-10,British Grand Prix,STR,Aston Martin,Finished,52,52,13,4698.822999,4949.537999,0.053356979
2019,10,2019-10,British Grand Prix,RUS,Williams,+1 Lap,51,52,14,4698.822999,4979.619921,0.059758991
2019,10,2019-10,British Grand Prix,KUB,Williams,+1 Lap,51,52,15,4698.822999,4990.611294,0.062098167
2019,10,2019-10,British Grand Prix,VET,Ferrari,+1 Lap,51,52,16,4698.822999,4980.695607,0.059987918
2019,10,2019-10,British Grand Prix,PER,Aston Martin,+1 Lap,51,52,17,4698.822999,5000.947058,0.064297817
2019,10,2019-10,British Grand Prix,GIO,Kick Sauber,Spun off,18,52,18,4698.822999,,
2019,10,2019-10,British Grand Prix,GRO,Haas F1 Team,Collision,9,52,19,4698.822999,,
2019,10,2019-10,British Grand Prix,MAG,Haas F1 Team,Collision,6,52,20,4698.822999,,
2019,11,2019-11,German Grand Prix,VER,Red Bull Racing,Finished,64,64,1,5960.81,6271.275,0.052084364
2019,11,2019-11,German Grand Prix,VET,Ferrari,Finished,64,64,2,5960.81,6278.608,0.053314566
2019,11,2019-11,German Grand Prix,KVY,Racing Bulls,Finished,64,64,3,5960.81,6279.58,0.053477631
2019,11,2019-11,German Grand Prix,STR,Aston Martin,Finished,64,64,4,5960.81,6128.481,0.028128895
2019,11,2019-11,German Grand Prix,SAI,McLaren,Finished,64,64,5,5960.81,6280.858,0.053692032
2019,11,2019-11,German Grand Prix,ALB,Racing Bulls,Finished,64,64,6,5960.81,6281.327,0.053770712
2019,11,2019-11,German Grand Prix,GRO,Haas F1 Team,Finished,64,64,7,5960.81,6136.444,0.029464788
2019,11,2019-11,German Grand Prix,MAG,Haas F1 Team,Finished,64,64,8,5960.81,6290.04,0.055232426
2019,11,2019-11,German Grand Prix,HAM,Mercedes,Finished,64,64,9,5960.81,5960.81,0
2019,11,2019-11,German Grand Prix,KUB,Williams,Finished,64,64,10,5960.81,6296.262,0.056276244
2019,11,2019-11,German Grand Prix,RUS,Williams,Finished,64,64,11,5960.81,6297.679,0.056513964
2019,11,2019-11,German Grand Prix,RAI,Kick Sauber,Finished,64,64,12,5960.81,6283.489,0.054133415
2019,11,2019-11,German Grand Prix,GIO,Kick Sauber,Finished,64,64,13,5960.81,6285.124,0.054407706
2019,11,2019-11,German Grand Prix,GAS,Red Bull Racing,Collision,61,64,14,5960.81,6345.09954,0.064469349
2019,11,2019-11,German Grand Prix,BOT,Mercedes,Accident,56,64,15,5960.81,6329.745142,0.061893458
2019,11,2019-11,German Grand Prix,HUL,Alpine,Accident,39,64,16,5960.81,,
2019,11,2019-11,German Grand Prix,LEC,Ferrari,Accident,27,64,17,5960.81,,
2019,11,2019-11,German Grand Prix,NOR,McLaren,Power loss,25,64,18,5960.81,,
2019,11,2019-11,German Grand Prix,RIC,Alpine,Exhaust,13,64,19,5960.81,,
2019,11,2019-11,German Grand Prix,PER,Aston Martin,Spun off,1,64,20,5960.81,,
2019,12,2019-12,Hungarian Grand Prix,HAM,Mercedes,Finished,70,70,1,5703.796,5703.796,0
2019,12,2019-12,Hungarian Grand Prix,VER,Red Bull Racing,Finished,70,70,2,5703.796,5721.591999,0.003120027
2019,12,2019-12,Hungarian Grand Prix,VET,Ferrari,Finished,70,70,3,5703.796,5765.228999,0.010770546
2019,12,2019-12,Hungarian Grand Prix,LEC,Ferrari,Finished,70,70,4,5703.796,5769.045999,0.01143975
2019,12,2019-12,Hungarian Grand Prix,SAI,McLaren,+1 Lap,69,70,5,5703.796,5814.180724,0.019352853
2019,12,2019-12,Hungarian Grand Prix,GAS,Red Bull Racing,+1 Lap,69,70,6,5703.796,5815.593913,0.019600616
2019,12,2019-12,Hungarian Grand Prix,RAI,Kick Sauber,+1 Lap,69,70,7,5703.796,5818.306666,0.02007622
2019,12,2019-12,Hungarian Grand Prix,BOT,Mercedes,+1 Lap,69,70,8,5703.796,5819.053333,0.020207127
2019,12,2019-12,Hungarian Grand Prix,NOR,McLaren,+1 Lap,69,70,9,5703.796,5824.392608,0.021143219
2019,12,2019-12,Hungarian Grand Prix,ALB,Racing Bulls,+1 Lap,69,70,10,5703.796,5853.950869,0.026325428
2019,12,2019-12,Hungarian Grand Prix,PER,Aston Martin,+1 Lap,69,70,11,5703.796,5865.153913,0.028289566
2019,12,2019-12,Hungarian Grand Prix,HUL,Alpine,+1 Lap,69,70,12,5703.796,5865.79913,0.028402687
2019,12,2019-12,Hungarian Grand Prix,MAG,Haas F1 Team,+1 Lap,69,70,13,5703.796,5866.567101,0.028537329
2019,12,2019-12,Hungarian Grand Prix,RIC,Alpine,+1 Lap,69,70,14,5703.796,5866.804492,0.028578948
2019,12,2019-12,Hungarian Grand Prix,KVY,Racing Bulls,+2 Laps,68,70,15,5703.796,5876.895294,0.030348086
2019,12,2019-12,Hungarian Grand Prix,RUS,Williams,+2 Laps,68,70,16,5703.796,5933.221617,0.040223321
2019,12,2019-12,Hungarian Grand Prix,STR,Aston Martin,+2 Laps,68,70,17,5703.796,5937.1025,0.040903724
2019,12,2019-12,Hungarian Grand Prix,GIO,Kick Sauber,+2 Laps,68,70,18,5703.796,5946.561764,0.04256214
2019,12,2019-12,Hungarian Grand Prix,KUB,Williams,+3 Laps,67,70,19,5703.796,5969.928059,0.046658762
2019,12,2019-12,Hungarian Grand Prix,GRO,Haas F1 Team,Water pressure,49,70,20,5703.796,,
2019,13,2019-13,Belgian Grand Prix,LEC,Ferrari,Finished,44,44,1,4490.693999,4490.693999,0
2019,13,2019-13,Belgian Grand Prix,HAM,Mercedes,Finished,44,44,2,4490.693999,4493.816999,0.000695438
2019,13,2019-13,Belgian Grand Prix,BOT,Mercedes,Finished,44,44,3,4490.693999,4506.217999,0.003456927
2019,13,2019-13,Belgian Grand Prix,VET,Ferrari,Finished,44,44,4,4490.693999,4518.894999,0.006279876
2019,13,2019-13,Belgian Grand Prix,ALB,Red Bull Racing,Finished,44,44,5,4490.693999,4585.911999,0.021203404
2019,13,2019-13,Belgian Grand Prix,PER,Aston Martin,Finished,44,44,6,4490.693999,4584.651999,0.020922824
2019,13,2019-13,Belgian Grand Prix,KVY,Racing Bulls,Finished,44,44,7,4490.693999,4592.907,0.02276107
2019,13,2019-13,Belgian Grand Prix,HUL,Alpine,Finished,44,44,8,4490.693999,4612.043999,0.027022549
2019,13,2019-13,Belgian Grand Prix,GAS,Racing Bulls,Finished,44,44,9,4490.693999,4610.412999,0.026659354
2019,13,2019-13,Belgian Grand Prix,STR,Aston Martin,Finished,44,44,10,4490.693999,4611.629999,0.026930359
2019,13,2019-13,Belgian Grand Prix,NOR,McLaren,Engine,43,44,11,4490.693999,4554.898418,0.014297215
2019,13,2019-13,Belgian Grand Prix,MAG,Haas F1 Team,+1 Lap,43,44,12,4490.693999,4610.271906,0.026627935
2019,13,2019-13,Belgian Grand Prix,GRO,Haas F1 Team,+1 Lap,43,44,13,4490.693999,4615.880372,0.027876843
2019,13,2019-13,Belgian Grand Prix,RIC,Alpine,+1 Lap,43,44,14,4490.693999,4638.853488,0.03299256
2019,13,2019-13,Belgian Grand Prix,RUS,Williams,+1 Lap,43,44,15,4490.693999,4643.877674,0.034111359
2019,13,2019-13,Belgian Grand Prix,RAI,Kick Sauber,+1 Lap,43,44,16,4490.693999,4661.715069,0.038083439
2019,13,2019-13,Belgian Grand Prix,KUB,Williams,+1 Lap,43,44,17,4490.693999,4662.749581,0.038313807
2019,13,2019-13,Belgian Grand Prix,GIO,Kick Sauber,Accident,42,44,18,4490.693999,4589.57819,0.022019802
2019,13,2019-13,Belgian Grand Prix,SAI,McLaren,Power loss,1,44,19,4490.693999,,
2019,14,2019-14,Italian Grand Prix,LEC,Ferrari,Finished,53,53,1,4526.664999,4526.664999,0
2019,14,2019-14,Italian Grand Prix,BOT,Mercedes,Finished,53,53,2,4526.664999,4527.499999,0.000184463
2019,14,2019-14,Italian Grand Prix,HAM,Mercedes,Finished,53,53,3,4526.664999,4561.863999,0.007775923
2019,14,2019-14,Italian Grand Prix,RIC,Alpine,Finished,53,53,4,4526.664999,4572.179999,0.010054864
2019,14,2019-14,Italian Grand Prix,HUL,Alpine,Finished,53,53,5,4526.664999,4584.829999,0.012849416
2019,14,2019-14,Italian Grand Prix,ALB,Red Bull Racing,Finished,53,53,6,4526.664999,4585.979999,0.013103466
2019,14,2019-14,Italian Grand Prix,PER,Aston Martin,Finished,53,53,7,4526.664999,4600.466999,0.016303835
2019,14,2019-14,Italian Grand Prix,VER,Red Bull Racing,Finished,53,53,8,4526.664999,4601.156999,0.016456265
2019,14,2019-14,Italian Grand Prix,GIO,Kick Sauber,+1 Lap,52,53,9,4526.664999,4616.680173,0.019885539
2019,14,2019-14,Italian Grand Prix,NOR,McLaren,+1 Lap,52,53,10,4526.664999,4618.22125,0.020225983
2019,14,2019-14,Italian Grand Prix,GAS,Racing Bulls,+1 Lap,52,53,11,4526.664999,4620.07523,0.020635552
2019,14,2019-14,Italian Grand Prix,STR,Aston Martin,+1 Lap,52,53,12,4526.664999,4633.200884,0.023535182
2019,14,2019-14,Italian Grand Prix,VET,Ferrari,+1 Lap,52,53,13,4526.664999,4653.758769,0.02807669
2019,14,2019-14,Italian Grand Prix,RUS,Williams,+1 Lap,52,53,14,4526.664999,4655.270288,0.028410605
2019,14,2019-14,Italian Grand Prix,RAI,Kick Sauber,+1 Lap,52,53,15,4526.664999,4680.170096,0.0339113
2019,14,2019-14,Italian Grand Prix,GRO,Haas F1 Team,+1 Lap,52,53,16,4526.664999,4700.121538,0.038318837
2019,14,2019-14,Italian Grand Prix,KUB,Williams,+2 Laps,51,53,17,4526.664999,4732.571607,0.045487485
2019,14,2019-14,Italian Grand Prix,MAG,Haas F1 Team,Hydraulics,43,53,18,4526.664999,4696.677581,0.037558022
2019,14,2019-14,Italian Grand Prix,KVY,Racing Bulls,Engine,29,53,19,4526.664999,,
2019,14,2019-14,Italian Grand Prix,SAI,McLaren,Wheel,27,53,20,4526.664999,,
2019,15,2019-15,Singapore Grand Prix,VET,Ferrari,Finished,61,61,1,5768.840999,5768.840999,0
2019,15,2019-15,Singapore Grand Prix,LEC,Ferrari,Finished,61,61,2,5768.840999,5776.952999,0.001406175
2019,15,2019-15,Singapore Grand Prix,VER,Red Bull Racing,Finished,61,61,3,5768.840999,5787.527999,0.003239299
2019,15,2019-15,Singapore Grand Prix,HAM,Mercedes,Finished,61,61,4,5768.840999,5803.306999,0.00597451
2019,15,2019-15,Singapore Grand Prix,BOT,Mercedes,Finished,61,61,5,5768.840999,5817.038999,0.008354884
2019,15,2019-15,Singapore Grand Prix,ALB,Red Bull Racing,Finished,61,61,6,5768.840999,5976.795999,0.036047969
2019,15,2019-15,Singapore Grand Prix,NOR,McLaren,Finished,61,61,7,5768.840999,5990.982999,0.038507215
2019,15,2019-15,Singapore Grand Prix,GAS,Racing Bulls,Finished,61,61,8,5768.840999,6007.211999,0.041320432
2019,15,2019-15,Singapore Grand Prix,HUL,Alpine,Finished,61,61,9,5768.840999,5996.321999,0.039432704
2019,15,2019-15,Singapore Grand Prix,GIO,Kick Sauber,Finished,61,61,10,5768.840999,6169.768999,0.069498882
2019,15,2019-15,Singapore Grand Prix,GRO,Haas F1 Team,Finished,61,61,11,5768.840999,6174.702999,0.070354166
2019,15,2019-15,Singapore Grand Prix,SAI,McLaren,Finished,61,61,12,5768.840999,6175.609999,0.07051139
2019,15,2019-15,Singapore Grand Prix,STR,Aston Martin,Finished,61,61,13,5768.840999,6196.441999,0.074122514
2019,15,2019-15,Singapore Grand Prix,RIC,Alpine,Finished,61,61,14,5768.840999,6055.909999,0.049761989
2019,15,2019-15,Singapore Grand Prix,KVY,Racing Bulls,Finished,61,61,15,5768.840999,6019.661999,0.043478577
2019,15,2019-15,Singapore Grand Prix,KUB,Williams,Finished,61,61,16,5768.840999,6376.181999,0.105279553
2019,15,2019-15,Singapore Grand Prix,MAG,Haas F1 Team,Finished,61,61,17,5768.840999,6068.500999,0.051944576
2019,15,2019-15,Singapore Grand Prix,RAI,Kick Sauber,Collision,49,61,18,5768.840999,5988.084918,0.038004847
2019,15,2019-15,Singapore Grand Prix,PER,Aston Martin,Engine,42,61,19,5768.840999,,
2019,15,2019-15,Singapore Grand Prix,RUS,Williams,Collision,34,61,20,5768.840999,,
2019,16,2019-16,Russian Grand Prix,HAM,Mercedes,Finished,53,53,1,4802.878999,4802.878999,0
2019,16,2019-16,Russian Grand Prix,BOT,Mercedes,Finished,53,53,2,4802.878999,4967.892999,0.034357309
2019,16,2019-16,Russian Grand Prix,LEC,Ferrari,Finished,53,53,3,4802.878999,4808.933999,0.001260702
2019,16,2019-16,Russian Grand Prix,VER,Red Bull Racing,Finished,53,53,4,4802.878999,5146.667999,0.071579775
2019,16,2019-16,Russian Grand Prix,ALB,Red Bull Racing,Finished,53,53,5,4802.878999,5038.555999,0.049069943
2019,16,2019-16,Russian Grand Prix,SAI,McLaren,Finished,53,53,6,4802.878999,5176.404,0.077771062
2019,16,2019-16,Russian Grand Prix,PER,Aston Martin,Finished,53,53,7,4802.878999,5190.828999,0.080774469
2019,16,2019-16,Russian Grand Prix,NOR,McLaren,Finished,53,53,8,4802.878999,5196.566999,0.081969169
2019,16,2019-16,Russian Grand Prix,MAG,Haas F1 Team,Finished,53,53,9,4802.878999,5191.183999,0.080848383
2019,16,2019-16,Russian Grand Prix,HUL,Alpine,Finished,53,53,10,4802.878999,5209.508999,0.084663803
2019,16,2019-16,Russian Grand Prix,STR,Aston Martin,Finished,53,53,11,4802.878999,5207.788999,0.084305684
2019,16,2019-16,Russian Grand Prix,KVY,Racing Bulls,Finished,53,53,12,4802.878999,5218.850999,0.086608886
2019,16,2019-16,Russian Grand Prix,RAI,Kick Sauber,Finished,53,53,13,4802.878999,5220.744999,0.087003233
2019,16,2019-16,Russian Grand Prix,GAS,Racing Bulls,Finished,53,53,14,4802.878999,5378.153999,0.119777117
2019,16,2019-16,Russian Grand Prix,GIO,Kick Sauber,Finished,53,53,15,4802.878999,5374.669999,0.119051719
2019,16,2019-16,Russian Grand Prix,KUB,Williams,Brakes,28,53,16,4802.878999,,
2019,16,2019-16,Russian Grand Prix,RUS,Williams,Brakes,27,53,17,4802.878999,,
2019,16,2019-16,Russian Grand Prix,VET,Ferrari,Power loss,26,53,18,4802.878999,,
2019,16,2019-16,Russian Grand Prix,RIC,Alpine,Collision,24,53,19,4802.878999,,
2019,17,2019-17,Japanese Grand Prix,BOT,Mercedes,Finished,53,53,1,5001.509999,5001.509999,0
2019,17,2019-17,Japanese Grand Prix,VET,Ferrari,Finished,53,53,2,5001.509999,5012.885999,0.002274513
2019,17,2019-17,Japanese Grand Prix,HAM,Mercedes,Finished,53,53,3,5001.509999,5013.295999,0.002356488
2019,17,2019-17,Japanese Grand Prix,ALB,Red Bull Racing,Finished,53,53,4,5001.509999,5062.661999,0.012226708
2019,17,2019-17,Japanese Grand Prix,SAI,McLaren,Finished,53,53,5,5001.509999,5070.590999,0.013812029
2019,17,2019-17,Japanese Grand Prix,LEC,Ferrari,+1 Lap,52,53,6,5001.509999,5099.679365,0.019627946
2019,17,2019-17,Japanese Grand Prix,GAS,Racing Bulls,+1 Lap,52,53,7,5001.509999,5125.279384,0.024746404
2019,17,2019-17,Japanese Grand Prix,PER,Aston Martin,+1 Lap,51,53,8,5001.509999,5123.504803,0.024391595
2019,17,2019-17,Japanese Grand Prix,STR,Aston Martin,+1 Lap,52,53,9,5001.509999,5127.250576,0.025140523
2019,17,2019-17,Japanese Grand Prix,KVY,Racing Bulls,+1 Lap,52,53,10,5001.509999,5128.625519,0.025415429
2019,17,2019-17,Japanese Grand Prix,NOR,McLaren,+1 Lap,52,53,11,5001.509999,5137.829173,0.027255604
2019,17,2019-17,Japanese Grand Prix,RAI,Kick Sauber,+1 Lap,52,53,12,5001.509999,5150.609307,0.029810859
2019,17,2019-17,Japanese Grand Prix,GRO,Haas F1 Team,+1 Lap,52,53,13,5001.509999,5162.070557,0.032102417
2019,17,2019-17,Japanese Grand Prix,GIO,Kick Sauber,+1 Lap,52,53,14,5001.509999,5174.9465,0.034676828
2019,17,2019-17,Japanese Grand Prix,MAG,Haas F1 Team,+1 Lap,52,53,15,5001.509999,5178.753326,0.035437963
2019,17,2019-17,Japanese Grand Prix,RUS,Williams,+2 Laps,51,53,16,5001.509999,5199.43198,0.039572445
2019,17,2019-17,Japanese Grand Prix,KUB,Williams,+2 Laps,51,53,17,5001.509999,5290.633548,0.057807252
2019,17,2019-17,Japanese Grand Prix,VER,Red Bull Racing,Brakes,14,53,18,5001.509999,,
2019,17,2019-17,Japanese Grand Prix,RIC,Alpine,Disqualified,52,53,19,5001.509999,5107.935134,0.021278601
2019,17,2019-17,Japanese Grand Prix,HUL,Alpine,Disqualified,52,53,20,5001.509999,5125.77473,0.024845443
2019,18,2019-18,Mexican Grand Prix,HAM,Mercedes,Finished,71,71,1,5808.903999,5808.903999,0
2019,18,2019-18,Mexican Grand Prix,VET,Ferrari,Finished,71,71,2,5808.903999,5810.669999,0.000304016
2019,18,2019-18,Mexican Grand Prix,BOT,Mercedes,Finished,71,71,3,5808.903999,5812.456999,0.000611647
2019,18,2019-18,Mexican Grand Prix,LEC,Ferrari,Finished,71,71,4,5808.903999,5815.271999,0.001096248
2019,18,2019-18,Mexican Grand Prix,ALB,Red Bull Racing,Finished,71,71,5,5808.903999,5830.302999,0.003683827
2019,18,2019-18,Mexican Grand Prix,VER,Red Bull Racing,Finished,71,71,6,5808.903999,5877.710999,0.011845092
2019,18,2019-18,Mexican Grand Prix,PER,Aston Martin,Finished,71,71,7,5808.903999,5882.722999,0.012707905
2019,18,2019-18,Mexican Grand Prix,RIC,Alpine,Finished,71,71,8,5808.903999,5883.827999,0.01289813
2019,18,2019-18,Mexican Grand Prix,GAS,Racing Bulls,+1 Lap,70,71,9,5808.903999,5915.508014,0.018351829
2019,18,2019-18,Mexican Grand Prix,HUL,Alpine,+1 Lap,70,71,10,5808.903999,5919.893785,0.019106838
2019,18,2019-18,Mexican Grand Prix,KVY,Racing Bulls,+1 Lap,70,71,11,5808.903999,5912.394157,0.01781578
2019,18,2019-18,Mexican Grand Prix,STR,Aston Martin,+1 Lap,70,71,12,5808.903999,5924.660928,0.019927499
2019,18,2019-18,Mexican Grand Prix,SAI,McLaren,+1 Lap,70,71,13,5808.903999,5927.720014,0.020454119
2019,18,2019-18,Mexican Grand Prix,GIO,Kick Sauber,+1 Lap,70,71,14,5808.903999,5948.943942,0.024107808
2019,18,2019-18,Mexican Grand Prix,MAG,Haas F1 Team,+2 Laps,69,71,15,5808.903999,5978.90897,0.029266273
2019,18,2019-18,Mexican Grand Prix,RUS,Williams,+2 Laps,69,71,16,5808.903999,6025.836883,0.037344891
2019,18,2019-18,Mexican Grand Prix,GRO,Haas F1 Team,+2 Laps,69,71,17,5808.903999,6030.674144,0.038177623
2019,18,2019-18,Mexican Grand Prix,KUB,Williams,+2 Laps,69,71,18,5808.903999,6040.242681,0.039824842
2019,18,2019-18,Mexican Grand Prix,RAI,Kick Sauber,Overheating,58,71,19,5808.903999,5992.504051,0.03160666
2019,18,2019-18,Mexican Grand Prix,NOR,McLaren,Withdrew,48,71,20,5808.903999,,
2019,19,2019-19,United States Grand Prix,BOT,Mercedes,Finished,56,56,1,5635.652999,5635.652999,0
2019,19,2019-19,United States Grand Prix,HAM,Mercedes,Finished,56,56,2,5635.652999,5639.800999,0.000736028
2019,19,2019-19,United States Grand Prix,VER,Red Bull Racing,Finished,56,56,3,5635.652999,5640.654999,0.000887564
2019,19,2019-19,United States Grand Prix,LEC,Ferrari,Finished,56,56,4,5635.652999,5687.892,0.009269379
2019,19,2019-19,United States Grand Prix,ALB,Red Bull Racing,Finished,56,56,5,5635.652999,5713.690999,0.013847197
2019,19,2019-19,United States Grand Prix,RIC,Alpine,Finished,56,56,6,5635.652999,5726.018999,0.016034699
2019,19,2019-19,United States Grand Prix,NOR,McLaren,Finished,56,56,7,5635.652999,5726.416999,0.016105321
2019,19,2019-19,United States Grand Prix,SAI,McLaren,+1 Lap,55,56,8,5635.652999,5746.822836,0.019726168
2019,19,2019-19,United States Grand Prix,HUL,Alpine,+1 Lap,55,56,9,5635.652999,5750.808,0.020433302
2019,19,2019-19,United States Grand Prix,PER,Aston Martin,+1 Lap,55,56,10,5635.652999,5757.161454,0.02156067
2019,19,2019-19,United States Grand Prix,RAI,Kick Sauber,+1 Lap,55,56,11,5635.652999,5758.103272,0.021727788
2019,19,2019-19,United States Grand Prix,KVY,Racing Bulls,+1 Lap,55,56,12,5635.652999,5755.191272,0.021211078
2019,19,2019-19,United States Grand Prix,STR,Aston Martin,+1 Lap,55,56,13,5635.652999,5780.803636,0.02575578
2019,19,2019-19,United States Grand Prix,GIO,Kick Sauber,+1 Lap,55,56,14,5635.652999,5792.887418,0.027899947
2019,19,2019-19,United States Grand Prix,GRO,Haas F1 Team,+1 Lap,55,56,15,5635.652999,5810.646545,0.031051157
2019,19,2019-19,United States Grand Prix,GAS,Racing Bulls,Suspension,54,56,16,5635.652999,5798.156,0.028834813
2019,19,2019-19,United States Grand Prix,RUS,Williams,+2 Laps,54,56,17,5635.652999,5867.697629,0.0411744
2019,19,2019-19,United States Grand Prix,MAG,Haas F1 Team,Brakes,52,56,18,5635.652999,5808.838,0.030730246
2019,19,2019-19,United States Grand Prix,KUB,Williams,Oil leak,31,56,19,5635.652999,,
2019,19,2019-19,United States Grand Prix,VET,Ferrari,Suspension,7,56,20,5635.652999,,
2019,20,2019-20,Brazilian Grand Prix,VER,Red Bull Racing,Finished,71,71,1,5454.565999,5594.677999,0.025687103
2019,20,2019-20,Brazilian Grand Prix,GAS,Racing Bulls,Finished,71,71,2,5454.565999,5600.754999,0.026801216
2019,20,2019-20,Brazilian Grand Prix,SAI,McLaren,Finished,71,71,3,5454.565999,5603.573999,0.02731803
2019,20,2019-20,Brazilian Grand Prix,RAI,Kick Sauber,Finished,71,71,4,5454.565999,5604.129999,0.027419963
2019,20,2019-20,Brazilian Grand Prix,GIO,Kick Sauber,Finished,71,71,5,5454.565999,5604.878999,0.02755728
2019,20,2019-20,Brazilian Grand Prix,RIC,Alpine,Finished,71,71,6,5454.565999,5605.218999,0.027619613
2019,20,2019-20,Brazilian Grand Prix,HAM,Mercedes,Finished,71,71,7,5454.565999,5600.816999,0.026812582
2019,20,2019-20,Brazilian Grand Prix,NOR,McLaren,Finished,71,71,8,5454.565999,5605.881999,0.027741162
2019,20,2019-20,Brazilian Grand Prix,PER,Aston Martin,Finished,71,71,9,5454.565999,5606.206999,0.027800745
2019,20,2019-20,Brazilian Grand Prix,KVY,Racing Bulls,Finished,71,71,10,5454.565999,5606.608999,0.027874445
2019,20,2019-20,Brazilian Grand Prix,MAG,Haas F1 Team,Finished,71,71,11,5454.565999,5454.565999,0
2019,20,2019-20,Brazilian Grand Prix,RUS,Williams,Finished,71,71,12,5454.565999,5608.276999,0.028180244
2019,20,2019-20,Brazilian Grand Prix,GRO,Haas F1 Team,Finished,71,71,13,5454.565999,5608.924999,0.028299043
2019,20,2019-20,Brazilian Grand Prix,ALB,Red Bull Racing,Finished,71,71,14,5454.565999,5609.604999,0.02842371
2019,20,2019-20,Brazilian Grand Prix,HUL,Alpine,Finished,71,71,15,5454.565999,5607.736999,0.028081244
2019,20,2019-20,Brazilian Grand Prix,KUB,Williams,+1 Lap,70,71,16,5454.565999,5692.851,0.043685419
2019,20,2019-20,Brazilian Grand Prix,VET,Ferrari,Collision,65,71,17,5454.565999,5467.37903,0.002349047
2019,20,2019-20,Brazilian Grand Prix,LEC,Ferrari,Collision,65,71,18,5454.565999,5467.874938,0.002439963
2019,20,2019-20,Brazilian Grand Prix,STR,Aston Martin,Suspension,65,71,19,5454.565999,5487.984323,0.00612667
2019,20,2019-20,Brazilian Grand Prix,BOT,Mercedes,Power Unit,51,71,20,5454.565999,,
2019,21,2019-21,Abu Dhabi Grand Prix,HAM,Mercedes,Finished,55,55,1,5645.714999,5645.714999,0
2019,21,2019-21,Abu Dhabi Grand Prix,VER,Red Bull Racing,Finished,55,55,2,5645.714999,5662.486999,0.002970749
2019,21,2019-21,Abu Dhabi Grand Prix,LEC,Ferrari,Finished,55,55,3,5645.714999,5689.149999,0.007693445
2019,21,2019-21,Abu Dhabi Grand Prix,BOT,Mercedes,Finished,55,55,4,5645.714999,5690.093999,0.007860652
2019,21,2019-21,Abu Dhabi Grand Prix,VET,Ferrari,Finished,55,55,5,5645.714999,5710.071999,0.011399265
2019,21,2019-21,Abu Dhabi Grand Prix,ALB,Red Bull Racing,Finished,55,55,6,5645.714999,5714.919999,0.012257969
2019,21,2019-21,Abu Dhabi Grand Prix,PER,Aston Martin,+1 Lap,54,55,7,5645.714999,5775.629444,0.023011159
2019,21,2019-21,Abu Dhabi Grand Prix,NOR,McLaren,+1 Lap,54,55,8,5645.714999,5777.015648,0.023256691
2019,21,2019-21,Abu Dhabi Grand Prix,KVY,Racing Bulls,+1 Lap,54,55,9,5645.714999,5778.295925,0.023483461
2019,21,2019-21,Abu Dhabi Grand Prix,SAI,McLaren,+1 Lap,54,55,10,5645.714999,5781.962592,0.024132921
2019,21,2019-21,Abu Dhabi Grand Prix,RIC,Alpine,+1 Lap,54,55,11,5645.714999,5782.880277,0.024295466
2019,21,2019-21,Abu Dhabi Grand Prix,HUL,Alpine,+1 Lap,54,55,12,5645.714999,5784.262407,0.024540277
2019,21,2019-21,Abu Dhabi Grand Prix,RAI,Kick Sauber,+1 Lap,54,55,13,5645.714999,5791.800462,0.025875458
2019,21,2019-21,Abu Dhabi Grand Prix,MAG,Haas F1 Team,+1 Lap,54,55,14,5645.714999,5807.07824,0.028581542
2019,21,2019-21,Abu Dhabi Grand Prix,GRO,Haas F1 Team,+1 Lap,54,55,15,5645.714999,5826.401574,0.032004197
2019,21,2019-21,Abu Dhabi Grand Prix,GIO,Kick Sauber,+1 Lap,54,55,16,5645.714999,5838.639074,0.03417177
2019,21,2019-21,Abu Dhabi Grand Prix,RUS,Williams,+1 Lap,54,55,17,5645.714999,5849.860092,0.036159298
2019,21,2019-21,Abu Dhabi Grand Prix,GAS,Racing Bulls,+2 Laps,53,55,18,5645.714999,5682.079056,0.006441001
2019,21,2019-21,Abu Dhabi Grand Prix,KUB,Williams,+2 Laps,53,55,19,5645.714999,5883.415377,0.042102794
2019,21,2019-21,Abu Dhabi Grand Prix,STR,Aston Martin,Brakes,45,55,20,5645.714999,5882.468777,0.041935127
2020,1,2020-01,Austrian Grand Prix,BOT,Mercedes,Finished,67,68,1,5255.174985,5255.174985,0
2020,1,2020-01,Austrian Grand Prix,LEC,Ferrari,Finished,66,68,2,5255.174985,5260.464545,0.001006543
2020,1,2020-01,Austrian Grand Prix,NOR,McLaren,Finished,66,68,3,5255.174985,5264.749575,0.001821936
2020,1,2020-01,Austrian Grand Prix,HAM,Mercedes,Finished,66,68,4,5255.174985,5263.723393,0.001626665
2020,1,2020-01,Austrian Grand Prix,SAI,McLaren,Finished,66,68,5,5255.174985,5266.817393,0.002215418
2020,1,2020-01,Austrian Grand Prix,PER,Aston Martin,Finished,66,68,6,5255.174985,5269.378727,0.00270281
2020,1,2020-01,Austrian Grand Prix,GAS,Racing Bulls,Finished,66,68,7,5255.174985,5272.506727,0.003298033
2020,1,2020-01,Austrian Grand Prix,OCO,Alpine,Finished,66,68,8,5255.174985,5270.018545,0.002824561
2020,1,2020-01,Austrian Grand Prix,GIO,Kick Sauber,Finished,66,68,9,5255.174985,5273.970787,0.003576627
2020,1,2020-01,Austrian Grand Prix,VET,Ferrari,Finished,66,68,10,5255.174985,5279.715757,0.00466983
2020,1,2020-01,Austrian Grand Prix,LAT,Williams,Finished,66,68,11,5255.174985,5281.207636,0.004953717
2020,1,2020-01,Austrian Grand Prix,KVY,Racing Bulls,Suspension,64,68,12,5255.174985,5301.443625,0.008804396
2020,1,2020-01,Austrian Grand Prix,ALB,Red Bull Racing,Electronics,62,68,13,5255.174985,5320.542645,0.012438722
2020,1,2020-01,Austrian Grand Prix,RAI,Kick Sauber,Wheel,48,68,14,5255.174985,,
2020,1,2020-01,Austrian Grand Prix,RUS,Williams,Fuel pressure,44,68,15,5255.174985,,
2020,1,2020-01,Austrian Grand Prix,GRO,Haas F1 Team,Brakes,44,68,16,5255.174985,,
2020,1,2020-01,Austrian Grand Prix,MAG,Haas F1 Team,Brakes,19,68,17,5255.174985,,
2020,1,2020-01,Austrian Grand Prix,STR,Aston Martin,Engine,15,68,18,5255.174985,,
2020,1,2020-01,Austrian Grand Prix,RIC,Alpine,Overheating,12,68,19,5255.174985,,
2020,1,2020-01,Austrian Grand Prix,VER,Red Bull Racing,Electronics,10,68,20,5255.174985,,
2020,2,2020-02,Styrian Grand Prix,HAM,Mercedes,Finished,71,71,1,4970.682999,4970.682999,0
2020,2,2020-02,Styrian Grand Prix,BOT,Mercedes,Finished,71,71,2,4970.682999,4984.401999,0.002759983
2020,2,2020-02,Styrian Grand Prix,VER,Red Bull Racing,Finished,71,71,3,4970.682999,5004.380999,0.00677935
2020,2,2020-02,Styrian Grand Prix,ALB,Red Bull Racing,Finished,71,71,4,4970.682999,5015.082999,0.008932374
2020,2,2020-02,Styrian Grand Prix,NOR,McLaren,Finished,71,71,5,4970.682999,5032.152999,0.01236651
2020,2,2020-02,Styrian Grand Prix,PER,Aston Martin,Finished,71,71,6,4970.682999,5033.069999,0.012550991
2020,2,2020-02,Styrian Grand Prix,STR,Aston Martin,Finished,71,71,7,4970.682999,5033.135999,0.012564269
2020,2,2020-02,Styrian Grand Prix,RIC,Alpine,Finished,71,71,8,4970.682999,5033.273999,0.012592032
2020,2,2020-02,Styrian Grand Prix,SAI,McLaren,+1 Lap,70,71,9,4970.682999,5061.0078,0.018171507
2020,2,2020-02,Styrian Grand Prix,KVY,Racing Bulls,+1 Lap,70,71,10,4970.682999,5072.375914,0.02045854
2020,2,2020-02,Styrian Grand Prix,RAI,Kick Sauber,+1 Lap,70,71,11,4970.682999,5080.356314,0.022064033
2020,2,2020-02,Styrian Grand Prix,MAG,Haas F1 Team,+1 Lap,70,71,12,4970.682999,5080.631185,0.022119332
2020,2,2020-02,Styrian Grand Prix,GRO,Haas F1 Team,+1 Lap,70,71,13,4970.682999,5081.183971,0.022230541
2020,2,2020-02,Styrian Grand Prix,GIO,Kick Sauber,+1 Lap,70,71,14,4970.682999,5086.0069,0.023200816
2020,2,2020-02,Styrian Grand Prix,GAS,Racing Bulls,+1 Lap,70,71,15,4970.682999,5101.015285,0.026220197
2020,2,2020-02,Styrian Grand Prix,RUS,Williams,+2 Laps,69,71,16,4970.682999,5116.97,0.02942996
2020,2,2020-02,Styrian Grand Prix,LAT,Williams,+2 Laps,69,71,17,4970.682999,5047.848927,0.01552421
2020,2,2020-02,Styrian Grand Prix,OCO,Alpine,Overheating,25,71,18,4970.682999,,
2020,2,2020-02,Styrian Grand Prix,LEC,Ferrari,Collision damage,4,71,19,4970.682999,,
2020,2,2020-02,Styrian Grand Prix,VET,Ferrari,Collision damage,1,71,20,4970.682999,,
2020,3,2020-03,Hungarian Grand Prix,HAM,Mercedes,Finished,70,70,1,5772.473,5772.473,0
2020,3,2020-03,Hungarian Grand Prix,VER,Red Bull Racing,Finished,70,70,2,5772.473,5781.174999,0.001507499
2020,3,2020-03,Hungarian Grand Prix,BOT,Mercedes,Finished,70,70,3,5772.473,5781.924999,0.001637426
2020,3,2020-03,Hungarian Grand Prix,STR,Aston Martin,Finished,70,70,4,5772.473,5830.051999,0.009974754
2020,3,2020-03,Hungarian Grand Prix,ALB,Red Bull Racing,Finished,70,70,5,5772.473,5850.789,0.013567149
2020,3,2020-03,Hungarian Grand Prix,VET,Ferrari,+1 Lap,69,70,6,5772.473,5861.699565,0.015457251
2020,3,2020-03,Hungarian Grand Prix,PER,Aston Martin,+1 Lap,69,70,7,5772.473,5862.854057,0.015657251
2020,3,2020-03,Hungarian Grand Prix,RIC,Alpine,+1 Lap,69,70,8,5772.473,5863.817826,0.01582421
2020,3,2020-03,Hungarian Grand Prix,SAI,McLaren,+1 Lap,69,70,9,5772.473,5878.445797,0.018358301
2020,3,2020-03,Hungarian Grand Prix,MAG,Haas F1 Team,+1 Lap,69,70,10,5772.473,5876.343768,0.017994154
2020,3,2020-03,Hungarian Grand Prix,LEC,Ferrari,+1 Lap,69,70,11,5772.473,5897.207826,0.021608559
2020,3,2020-03,Hungarian Grand Prix,KVY,Racing Bulls,+1 Lap,69,70,12,5772.473,5902.13826,0.022462688
2020,3,2020-03,Hungarian Grand Prix,NOR,McLaren,+1 Lap,69,70,13,5772.473,5902.88797,0.022592565
2020,3,2020-03,Hungarian Grand Prix,OCO,Alpine,+1 Lap,69,70,14,5772.473,5903.776666,0.022746519
2020,3,2020-03,Hungarian Grand Prix,RAI,Kick Sauber,+1 Lap,69,70,15,5772.473,5910.513913,0.023913652
2020,3,2020-03,Hungarian Grand Prix,GRO,Haas F1 Team,+1 Lap,69,70,16,5772.473,5909.315797,0.023706096
2020,3,2020-03,Hungarian Grand Prix,GIO,Kick Sauber,+1 Lap,69,70,17,5772.473,5931.443913,0.027539481
2020,3,2020-03,Hungarian Grand Prix,RUS,Williams,+1 Lap,69,70,18,5772.473,5932.595362,0.027738954
2020,3,2020-03,Hungarian Grand Prix,LAT,Williams,+5 Laps,65,70,19,5772.473,6050.613692,0.048183975
2020,3,2020-03,Hungarian Grand Prix,GAS,Racing Bulls,Engine,15,70,20,5772.473,,
2020,4,2020-04,British Grand Prix,HAM,Mercedes,Finished,52,52,1,4346.144999,4346.144999,0
2020,4,2020-04,British Grand Prix,VER,Red Bull Racing,Finished,52,52,2,4346.144999,4359.428999,0.003056502
2020,4,2020-04,British Grand Prix,LEC,Ferrari,Finished,52,52,3,4346.144999,4531.553,0.042660335
2020,4,2020-04,British Grand Prix,RIC,Alpine,Finished,52,52,4,4346.144999,4682.002,0.077276989
2020,4,2020-04,British Grand Prix,NOR,McLaren,Finished,52,52,5,4346.144999,4685.332999,0.078043416
2020,4,2020-04,British Grand Prix,OCO,Alpine,Finished,52,52,6,4346.144999,4688.460999,0.078763134
2020,4,2020-04,British Grand Prix,GAS,Racing Bulls,Finished,52,52,7,4346.144999,4693.775999,0.079986057
2020,4,2020-04,British Grand Prix,ALB,Red Bull Racing,Finished,52,52,8,4346.144999,4543.524999,0.04541496
2020,4,2020-04,British Grand Prix,STR,Aston Martin,Finished,52,52,9,4346.144999,4699.445999,0.081290661
2020,4,2020-04,British Grand Prix,VET,Ferrari,Finished,52,52,10,4346.144999,4703.922999,0.082320769
2020,4,2020-04,British Grand Prix,BOT,Mercedes,Finished,52,52,11,4346.144999,4391.509999,0.010437986
2020,4,2020-04,British Grand Prix,RUS,Williams,Finished,52,52,12,4346.144999,4562.361999,0.049749146
2020,4,2020-04,British Grand Prix,SAI,McLaren,Finished,52,52,13,4346.144999,4716.174999,0.085139819
2020,4,2020-04,British Grand Prix,GIO,Kick Sauber,Finished,52,52,14,4346.144999,4711.443999,0.084051268
2020,4,2020-04,British Grand Prix,LAT,Williams,Finished,52,52,15,4346.144999,4565.457,0.050461271
2020,4,2020-04,British Grand Prix,GRO,Haas F1 Team,Finished,52,52,16,4346.144999,4568.234999,0.051100458
2020,4,2020-04,British Grand Prix,RAI,Kick Sauber,+1 Lap,51,52,17,4346.144999,4485.566901,0.032079441
2020,4,2020-04,British Grand Prix,KVY,Racing Bulls,Accident,11,52,18,4346.144999,,
2020,4,2020-04,British Grand Prix,MAG,Haas F1 Team,Collision,1,52,19,4346.144999,,
2020,5,2020-05,70th Anniversary Grand Prix,VER,Red Bull Racing,Finished,52,52,1,4781.992999,4781.992999,0
2020,5,2020-05,70th Anniversary Grand Prix,HAM,Mercedes,Finished,52,52,2,4781.992999,4793.318999,0.002368469
2020,5,2020-05,70th Anniversary Grand Prix,BOT,Mercedes,Finished,52,52,3,4781.992999,4801.223999,0.004021545
2020,5,2020-05,70th Anniversary Grand Prix,LEC,Ferrari,Finished,52,52,4,4781.992999,4811.281999,0.006124852
2020,5,2020-05,70th Anniversary Grand Prix,ALB,Red Bull Racing,Finished,52,52,5,4781.992999,4821.138999,0.008186127
2020,5,2020-05,70th Anniversary Grand Prix,STR,Aston Martin,Finished,52,52,6,4781.992999,4824.530999,0.008895454
2020,5,2020-05,70th Anniversary Grand Prix,HUL,Aston Martin,Finished,52,52,7,4781.992999,4837.943999,0.011700352
2020,5,2020-05,70th Anniversary Grand Prix,OCO,Alpine,Finished,52,52,8,4781.992999,4846.765999,0.013545189
2020,5,2020-05,70th Anniversary Grand Prix,NOR,McLaren,Finished,52,52,9,4781.992999,4847.536999,0.013706419
2020,5,2020-05,70th Anniversary Grand Prix,KVY,Racing Bulls,Finished,52,52,10,4781.992999,4851.661999,0.01456903
2020,5,2020-05,70th Anniversary Grand Prix,GAS,Racing Bulls,Finished,52,52,11,4781.992999,4852.634999,0.014772502
2020,5,2020-05,70th Anniversary Grand Prix,VET,Ferrari,Finished,52,52,12,4781.992999,4855.362999,0.015342975
2020,5,2020-05,70th Anniversary Grand Prix,SAI,McLaren,Finished,52,52,13,4781.992999,4856.062999,0.015489358
2020,5,2020-05,70th Anniversary Grand Prix,RIC,Alpine,+1 Lap,51,52,14,4781.992999,4882.53898,0.021025957
2020,5,2020-05,70th Anniversary Grand Prix,RAI,Kick Sauber,+1 Lap,51,52,15,4781.992999,4899.253411,0.024521243
2020,5,2020-05,70th Anniversary Grand Prix,GRO,Haas F1 Team,+1 Lap,51,52,16,4781.992999,4901.46596,0.024983926
2020,5,2020-05,70th Anniversary Grand Prix,GIO,Kick Sauber,+1 Lap,51,52,17,4781.992999,4907.379686,0.026220592
2020,5,2020-05,70th Anniversary Grand Prix,RUS,Williams,+1 Lap,51,52,18,4781.992999,4908.27898,0.02640865
2020,5,2020-05,70th Anniversary Grand Prix,LAT,Williams,+1 Lap,51,52,19,4781.992999,4908.897882,0.026538074
2020,5,2020-05,70th Anniversary Grand Prix,MAG,Haas F1 Team,Retired,43,52,20,4781.992999,4952.533209,0.035662999
2020,6,2020-06,Spanish Grand Prix,HAM,Mercedes,Finished,66,66,1,5505.278999,5505.278999,0
2020,6,2020-06,Spanish Grand Prix,VER,Red Bull Racing,Finished,66,66,2,5505.278999,5529.455999,0.004391603
2020,6,2020-06,Spanish Grand Prix,BOT,Mercedes,Finished,66,66,3,5505.278999,5550.030999,0.008128925
2020,6,2020-06,Spanish Grand Prix,STR,Aston Martin,+1 Lap,65,66,4,5505.278999,5611.750523,0.019339896
2020,6,2020-06,Spanish Grand Prix,PER,Aston Martin,+1 Lap,65,66,5,5505.278999,5609.455753,0.018923065
2020,6,2020-06,Spanish Grand Prix,SAI,McLaren,+1 Lap,65,66,6,5505.278999,5616.138,0.020136854
2020,6,2020-06,Spanish Grand Prix,VET,Ferrari,+1 Lap,65,66,7,5505.278999,5629.10243,0.022491763
2020,6,2020-06,Spanish Grand Prix,ALB,Red Bull Racing,+1 Lap,65,66,8,5505.278999,5630.315815,0.022712167
2020,6,2020-06,Spanish Grand Prix,GAS,Racing Bulls,+1 Lap,65,66,9,5505.278999,5630.913876,0.022820801
2020,6,2020-06,Spanish Grand Prix,NOR,McLaren,+1 Lap,65,66,10,5505.278999,5631.479446,0.022923533
2020,6,2020-06,Spanish Grand Prix,RIC,Alpine,+1 Lap,65,66,11,5505.278999,5632.485692,0.023106312
2020,6,2020-06,Spanish Grand Prix,KVY,Racing Bulls,+1 Lap,65,66,12,5505.278999,5633.351815,0.023263638
2020,6,2020-06,Spanish Grand Prix,OCO,Alpine,+1 Lap,65,66,13,5505.278999,5646.76403,0.025699884
2020,6,2020-06,Spanish Grand Prix,RAI,Kick Sauber,+1 Lap,65,66,14,5505.278999,5652.323261,0.026709684
2020,6,2020-06,Spanish Grand Prix,MAG,Haas F1 Team,+1 Lap,65,66,15,5505.278999,5660.129538,0.028127646
2020,6,2020-06,Spanish Grand Prix,GIO,Kick Sauber,+1 Lap,65,66,16,5505.278999,5660.839292,0.028256568
2020,6,2020-06,Spanish Grand Prix,RUS,Williams,+1 Lap,65,66,17,5505.278999,5670.573784,0.030024779
2020,6,2020-06,Spanish Grand Prix,LAT,Williams,+2 Laps,64,66,18,5505.278999,5679.400031,0.031628012
2020,6,2020-06,Spanish Grand Prix,GRO,Haas F1 Team,+2 Laps,64,66,19,5505.278999,5707.915125,0.036807603
2020,6,2020-06,Spanish Grand Prix,LEC,Ferrari,Electronics,38,66,20,5505.278999,,
2020,7,2020-07,Belgian Grand Prix,HAM,Mercedes,Finished,44,44,1,4360.921999,4360.921999,0
2020,7,2020-07,Belgian Grand Prix,BOT,Mercedes,Finished,44,44,2,4360.921999,4370.961999,0.002302265
2020,7,2020-07,Belgian Grand Prix,VER,Red Bull Racing,Finished,44,44,3,4360.921999,4381.828999,0.00479417
2020,7,2020-07,Belgian Grand Prix,RIC,Alpine,Finished,44,44,4,4360.921999,4391.445999,0.006999437
2020,7,2020-07,Belgian Grand Prix,OCO,Alpine,Finished,44,44,5,4360.921999,4415.230999,0.012453559
2020,7,2020-07,Belgian Grand Prix,ALB,Red Bull Racing,Finished,44,44,6,4360.921999,4419.027999,0.013324247
2020,7,2020-07,Belgian Grand Prix,NOR,McLaren,Finished,44,44,7,4360.921999,4432.423999,0.016396074
2020,7,2020-07,Belgian Grand Prix,GAS,Racing Bulls,Finished,44,44,8,4360.921999,4431.545999,0.01619474
2020,7,2020-07,Belgian Grand Prix,STR,Aston Martin,Finished,44,44,9,4360.921999,4432.111999,0.01632453
2020,7,2020-07,Belgian Grand Prix,PER,Aston Martin,Finished,44,44,10,4360.921999,4439.233999,0.01795767
2020,7,2020-07,Belgian Grand Prix,KVY,Racing Bulls,Finished,44,44,11,4360.921999,4461.472999,0.02305728
2020,7,2020-07,Belgian Grand Prix,RAI,Kick Sauber,Finished,44,44,12,4360.921999,4472.959999,0.025691356
2020,7,2020-07,Belgian Grand Prix,VET,Ferrari,Finished,44,44,13,4360.921999,4468.219999,0.02460443
2020,7,2020-07,Belgian Grand Prix,LEC,Ferrari,Finished,44,44,14,4360.921999,4470.224999,0.025064195
2020,7,2020-07,Belgian Grand Prix,GRO,Haas F1 Team,Finished,44,44,15,4360.921999,4632.310999,0.062232023
2020,7,2020-07,Belgian Grand Prix,LAT,Williams,Finished,44,44,16,4360.921999,4781.744999,0.09649863
2020,7,2020-07,Belgian Grand Prix,MAG,Haas F1 Team,Finished,44,44,17,4360.921999,4790.046999,0.098402356
2020,7,2020-07,Belgian Grand Prix,GIO,Kick Sauber,Accident,9,44,18,4360.921999,,
2020,7,2020-07,Belgian Grand Prix,RUS,Williams,Debris,9,44,19,4360.921999,,
2020,8,2020-08,Italian Grand Prix,GAS,Racing Bulls,Finished,53,53,1,4448.638999,4580.849999,0.029719427
2020,8,2020-08,Italian Grand Prix,SAI,McLaren,Finished,53,53,2,4448.638999,4576.492999,0.028740026
2020,8,2020-08,Italian Grand Prix,STR,Aston Martin,Finished,53,53,3,4448.638999,4586.069999,0.030892819
2020,8,2020-08,Italian Grand Prix,NOR,McLaren,Finished,53,53,4,4448.638999,4583.676999,0.030354902
2020,8,2020-08,Italian Grand Prix,BOT,Mercedes,Finished,53,53,5,4448.638999,4583.296999,0.030269482
2020,8,2020-08,Italian Grand Prix,RIC,Alpine,Finished,53,53,6,4448.638999,4582.232999,0.030030308
2020,8,2020-08,Italian Grand Prix,HAM,Mercedes,Finished,53,53,7,4448.638999,4448.638999,0
2020,8,2020-08,Italian Grand Prix,OCO,Alpine,Finished,53,53,8,4448.638999,4590.653999,0.031923247
2020,8,2020-08,Italian Grand Prix,KVY,Racing Bulls,Finished,53,53,9,4448.638999,4594.207999,0.032722143
2020,8,2020-08,Italian Grand Prix,PER,Aston Martin,Finished,53,53,10,4448.638999,4594.309999,0.032745071
2020,8,2020-08,Italian Grand Prix,LAT,Williams,Finished,53,53,11,4448.638999,4606.848999,0.035563686
2020,8,2020-08,Italian Grand Prix,GRO,Haas F1 Team,Finished,53,53,12,4448.638999,4603.395999,0.034787493
2020,8,2020-08,Italian Grand Prix,RAI,Kick Sauber,Finished,53,53,13,4448.638999,4616.922999,0.037828199
2020,8,2020-08,Italian Grand Prix,RUS,Williams,Finished,53,53,14,4448.638999,4606.514999,0.035488607
2020,8,2020-08,Italian Grand Prix,ALB,Red Bull Racing,Finished,53,53,15,4448.638999,4606.671999,0.035523898
2020,8,2020-08,Italian Grand Prix,GIO,Kick Sauber,Finished,53,53,16,4448.638999,4635.025999,0.041897533
2020,8,2020-08,Italian Grand Prix,VER,Red Bull Racing,Power Unit,30,53,17,4448.638999,,
2020,8,2020-08,Italian Grand Prix,LEC,Ferrari,Accident,23,53,18,4448.638999,,
2020,8,2020-08,Italian Grand Prix,MAG,Haas F1 Team,Power Unit,17,53,19,4448.638999,,
2020,8,2020-08,Italian Grand Prix,VET,Ferrari,Brakes,6,53,20,4448.638999,,
2020,9,2020-09,Tuscan Grand Prix,HAM,Mercedes,Finished,59,59,1,4940.486999,4940.486999,0
2020,9,2020-09,Tuscan Grand Prix,BOT,Mercedes,Finished,59,59,2,4940.486999,4955.090999,0.002955984
2020,9,2020-09,Tuscan Grand Prix,ALB,Red Bull Racing,Finished,59,59,3,4940.486999,4987.976999,0.009612413
2020,9,2020-09,Tuscan Grand Prix,RIC,Alpine,Finished,59,59,4,4940.486999,4987.605999,0.009537319
2020,9,2020-09,Tuscan Grand Prix,PER,Aston Martin,Finished,59,59,5,4940.486999,5015.710999,0.015226029
2020,9,2020-09,Tuscan Grand Prix,NOR,McLaren,Finished,59,59,6,4940.486999,5029.557999,0.018028789
2020,9,2020-09,Tuscan Grand Prix,KVY,Racing Bulls,Finished,59,59,7,4940.486999,5045.995999,0.021355992
2020,9,2020-09,Tuscan Grand Prix,LEC,Ferrari,Finished,59,59,8,4940.486999,5050.120999,0.02219093
2020,9,2020-09,Tuscan Grand Prix,RAI,Kick Sauber,Finished,59,59,9,4940.486999,4990.071999,0.01003646
2020,9,2020-09,Tuscan Grand Prix,VET,Ferrari,Finished,59,59,10,4940.486999,5080.537999,0.02834761
2020,9,2020-09,Tuscan Grand Prix,RUS,Williams,Finished,59,59,11,4940.486999,5078.833999,0.028002705
2020,9,2020-09,Tuscan Grand Prix,GRO,Haas F1 Team,Finished,59,59,12,4940.486999,5026.120999,0.017333109
2020,9,2020-09,Tuscan Grand Prix,STR,Aston Martin,Puncture,42,59,13,4940.486999,,
2020,9,2020-09,Tuscan Grand Prix,OCO,Alpine,Brakes,7,59,14,4940.486999,,
2020,9,2020-09,Tuscan Grand Prix,LAT,Williams,Collision,6,59,15,4940.486999,,
2020,9,2020-09,Tuscan Grand Prix,MAG,Haas F1 Team,Collision,5,59,16,4940.486999,,
2020,9,2020-09,Tuscan Grand Prix,GIO,Kick Sauber,Collision,5,59,17,4940.486999,,
2020,9,2020-09,Tuscan Grand Prix,SAI,McLaren,Collision,5,59,18,4940.486999,,
2020,10,2020-10,Russian Grand Prix,BOT,Mercedes,Finished,53,53,1,4936.049,4936.049,0
2020,10,2020-10,Russian Grand Prix,VER,Red Bull Racing,Finished,53,53,2,4936.049,4944.181999,0.001647674
2020,10,2020-10,Russian Grand Prix,HAM,Mercedes,Finished,53,53,3,4936.049,4958.181999,0.00448395
2020,10,2020-10,Russian Grand Prix,PER,Aston Martin,Finished,53,53,4,4936.049,4969.287999,0.006733928
2020,10,2020-10,Russian Grand Prix,RIC,Alpine,Finished,53,53,5,4936.049,4984.791999,0.009874902
2020,10,2020-10,Russian Grand Prix,LEC,Ferrari,Finished,53,53,6,4936.049,5003.816999,0.013729199
2020,10,2020-10,Russian Grand Prix,OCO,Alpine,Finished,53,53,7,4936.049,5004.927999,0.013954278
2020,10,2020-10,Russian Grand Prix,KVY,Racing Bulls,Finished,53,53,8,4936.049,5013.470999,0.015685014
2020,10,2020-10,Russian Grand Prix,GAS,Racing Bulls,Finished,53,53,9,4936.049,5030.728999,0.019181333
2020,10,2020-10,Russian Grand Prix,ALB,Red Bull Racing,Finished,53,53,10,4936.049,5047.759999,0.022631663
2020,10,2020-10,Russian Grand Prix,GIO,Kick Sauber,+1 Lap,52,53,11,4936.049,5053.021019,0.0236975
2020,10,2020-10,Russian Grand Prix,MAG,Haas F1 Team,+1 Lap,52,53,12,4936.049,5052.376865,0.023567
2020,10,2020-10,Russian Grand Prix,VET,Ferrari,+1 Lap,52,53,13,4936.049,5056.879826,0.02447926
2020,10,2020-10,Russian Grand Prix,RAI,Kick Sauber,+1 Lap,52,53,14,4936.049,5062.272576,0.025571783
2020,10,2020-10,Russian Grand Prix,NOR,McLaren,+1 Lap,52,53,15,4936.049,5077.164557,0.028588767
2020,10,2020-10,Russian Grand Prix,LAT,Williams,+1 Lap,52,53,16,4936.049,5100.037115,0.033222546
2020,10,2020-10,Russian Grand Prix,GRO,Haas F1 Team,+1 Lap,52,53,17,4936.049,5094.672903,0.032135804
2020,10,2020-10,Russian Grand Prix,RUS,Williams,+1 Lap,52,53,18,4936.049,5129.621307,0.039216042
2020,11,2020-11,Eifel Grand Prix,HAM,Mercedes,Finished,60,60,1,5276.967999,5276.967999,0
2020,11,2020-11,Eifel Grand Prix,VER,Red Bull Racing,Finished,60,60,2,5276.967999,5292.588,0.002960033
2020,11,2020-11,Eifel Grand Prix,RIC,Alpine,Finished,60,60,3,5276.967999,5764.254,0.092342042
2020,11,2020-11,Eifel Grand Prix,PER,Aston Martin,Finished,60,60,4,5276.967999,5765.710999,0.092618147
2020,11,2020-11,Eifel Grand Prix,SAI,McLaren,Finished,60,60,5,5276.967999,5771.545999,0.093723896
2020,11,2020-11,Eifel Grand Prix,GAS,Racing Bulls,Finished,60,60,6,5276.967999,5772.406999,0.093887058
2020,11,2020-11,Eifel Grand Prix,LEC,Ferrari,Finished,60,60,7,5276.967999,5780.454999,0.095412176
2020,11,2020-11,Eifel Grand Prix,HUL,Aston Martin,Finished,60,60,8,5276.967999,5782.236999,0.09574987
2020,11,2020-11,Eifel Grand Prix,GRO,Haas F1 Team,Finished,60,60,9,5276.967999,5788.722,0.096978796
2020,11,2020-11,Eifel Grand Prix,GIO,Kick Sauber,Finished,60,60,10,5276.967999,5789.676,0.097159581
2020,11,2020-11,Eifel Grand Prix,VET,Ferrari,Finished,60,60,11,5276.967999,5790.450999,0.097306446
2020,11,2020-11,Eifel Grand Prix,RAI,Kick Sauber,Finished,60,60,12,5276.967999,5791.116999,0.097432655
2020,11,2020-11,Eifel Grand Prix,MAG,Haas F1 Team,Finished,60,60,13,5276.967999,5799.225999,0.098969332
2020,11,2020-11,Eifel Grand Prix,LAT,Williams,Finished,60,60,14,5276.967999,5804.089999,0.099891074
2020,11,2020-11,Eifel Grand Prix,KVY,Racing Bulls,Finished,60,60,15,5276.967999,5805.228999,0.100106917
2020,11,2020-11,Eifel Grand Prix,NOR,McLaren,Power Unit,42,60,16,5276.967999,,
2020,11,2020-11,Eifel Grand Prix,ALB,Red Bull Racing,Radiator,23,60,17,5276.967999,,
2020,11,2020-11,Eifel Grand Prix,OCO,Alpine,Gearbox,22,60,18,5276.967999,,
2020,11,2020-11,Eifel Grand Prix,BOT,Mercedes,Power Unit,18,60,19,5276.967999,,
2020,11,2020-11,Eifel Grand Prix,RUS,Williams,Collision,12,60,20,5276.967999,,
2020,12,2020-12,Portuguese Grand Prix,HAM,Mercedes,Finished,66,66,1,5396.827999,5396.827999,0
2020,12,2020-12,Portuguese Grand Prix,BOT,Mercedes,Finished,66,66,2,5396.827999,5422.419999,0.004742045
2020,12,2020-12,Portuguese Grand Prix,VER,Red Bull Racing,Finished,66,66,3,5396.827999,5431.335999,0.006394126
2020,12,2020-12,Portuguese Grand Prix,LEC,Ferrari,Finished,66,66,4,5396.827999,5462.139999,0.012101924
2020,12,2020-12,Portuguese Grand Prix,GAS,Racing Bulls,+1 Lap,65,66,5,5396.827999,5497.154215,0.018589849
2020,12,2020-12,Portuguese Grand Prix,SAI,McLaren,+1 Lap,65,66,6,5396.827999,5498.592,0.018856262
2020,12,2020-12,Portuguese Grand Prix,PER,Aston Martin,+1 Lap,65,66,7,5396.827999,5500.222707,0.019158422
2020,12,2020-12,Portuguese Grand Prix,OCO,Alpine,+1 Lap,65,66,8,5396.827999,5501.817876,0.019453997
2020,12,2020-12,Portuguese Grand Prix,RIC,Alpine,+1 Lap,65,66,9,5396.827999,5502.522553,0.01958457
2020,12,2020-12,Portuguese Grand Prix,VET,Ferrari,+1 Lap,65,66,10,5396.827999,5503.680092,0.019799055
2020,12,2020-12,Portuguese Grand Prix,RAI,Kick Sauber,+1 Lap,65,66,11,5396.827999,5510.299384,0.02102557
2020,12,2020-12,Portuguese Grand Prix,ALB,Red Bull Racing,+1 Lap,65,66,12,5396.827999,5516.634369,0.022199405
2020,12,2020-12,Portuguese Grand Prix,NOR,McLaren,+1 Lap,65,66,13,5396.827999,5531.244738,0.024906619
2020,12,2020-12,Portuguese Grand Prix,RUS,Williams,+1 Lap,65,66,14,5396.827999,5538.964707,0.026337083
2020,12,2020-12,Portuguese Grand Prix,GIO,Kick Sauber,+1 Lap,65,66,15,5396.827999,5551.738246,0.028703944
2020,12,2020-12,Portuguese Grand Prix,MAG,Haas F1 Team,+1 Lap,65,66,16,5396.827999,5555.042307,0.029316166
2020,12,2020-12,Portuguese Grand Prix,GRO,Haas F1 Team,+1 Lap,65,66,17,5396.827999,5552.602338,0.028864055
2020,12,2020-12,Portuguese Grand Prix,LAT,Williams,+2 Laps,64,66,18,5396.827999,5569.861687,0.032062109
2020,12,2020-12,Portuguese Grand Prix,KVY,Racing Bulls,+2 Laps,64,66,19,5396.827999,5597.799281,0.037238778
2020,12,2020-12,Portuguese Grand Prix,STR,Aston Martin,Collision damage,51,66,20,5396.827999,5635.228823,0.044174249
2020,13,2020-13,Emilia Romagna Grand Prix,HAM,Mercedes,Finished,63,63,1,5019.39648,5312.429999,0.05838023
2020,13,2020-13,Emilia Romagna Grand Prix,BOT,Mercedes,Finished,63,63,2,5019.39648,5318.212999,0.05953236
2020,13,2020-13,Emilia Romagna Grand Prix,RIC,Alpine,Finished,63,63,3,5019.39648,5326.749999,0.061233162
2020,13,2020-13,Emilia Romagna Grand Prix,KVY,Racing Bulls,Finished,63,63,4,5019.39648,5327.570999,0.061396728
2020,13,2020-13,Emilia Romagna Grand Prix,LEC,Ferrari,Finished,63,63,5,5019.39648,5331.540999,0.062187659
2020,13,2020-13,Emilia Romagna Grand Prix,PER,Aston Martin,Finished,63,63,6,5019.39648,5332.081999,0.062295441
2020,13,2020-13,Emilia Romagna Grand Prix,SAI,McLaren,Finished,63,63,7,5019.39648,5332.659999,0.062410595
2020,13,2020-13,Emilia Romagna Grand Prix,NOR,McLaren,Finished,63,63,8,5019.39648,5333.560999,0.062590098
2020,13,2020-13,Emilia Romagna Grand Prix,RAI,Kick Sauber,Finished,63,63,9,5019.39648,5334.653999,0.062807854
2020,13,2020-13,Emilia Romagna Grand Prix,GIO,Kick Sauber,Finished,63,63,10,5019.39648,5338.827999,0.063639428
2020,13,2020-13,Emilia Romagna Grand Prix,LAT,Williams,Finished,63,63,11,5019.39648,5339.565,0.063786258
2020,13,2020-13,Emilia Romagna Grand Prix,VET,Ferrari,Finished,63,63,12,5019.39648,5340.882999,0.064048839
2020,13,2020-13,Emilia Romagna Grand Prix,STR,Aston Martin,Finished,63,63,13,5019.39648,5341.592999,0.064190291
2020,13,2020-13,Emilia Romagna Grand Prix,GRO,Haas F1 Team,Finished,63,63,14,5019.39648,5340.364999,0.06394564
2020,13,2020-13,Emilia Romagna Grand Prix,ALB,Red Bull Racing,Finished,63,63,15,5019.39648,5369.713999,0.069792757
2020,13,2020-13,Emilia Romagna Grand Prix,RUS,Williams,Accident,51,63,16,5019.39648,5168.654647,0.029736278
2020,13,2020-13,Emilia Romagna Grand Prix,VER,Red Bull Racing,Puncture,50,63,17,5019.39648,5019.39648,0
2020,13,2020-13,Emilia Romagna Grand Prix,MAG,Haas F1 Team,Illness,47,63,18,5019.39648,,
2020,13,2020-13,Emilia Romagna Grand Prix,OCO,Alpine,Gearbox,27,63,19,5019.39648,,
2020,13,2020-13,Emilia Romagna Grand Prix,GAS,Racing Bulls,Water pressure,8,63,20,5019.39648,,
2020,14,2020-14,Turkish Grand Prix,HAM,Mercedes,Finished,58,58,1,6139.312999,6139.312999,0
2020,14,2020-14,Turkish Grand Prix,PER,Aston Martin,Finished,58,58,2,6139.312999,6170.945999,0.005152531
2020,14,2020-14,Turkish Grand Prix,VET,Ferrari,Finished,58,58,3,6139.312999,6171.272999,0.005205794
2020,14,2020-14,Turkish Grand Prix,LEC,Ferrari,Finished,58,58,4,6139.312999,6173.170999,0.005514949
2020,14,2020-14,Turkish Grand Prix,SAI,McLaren,Finished,58,58,5,6139.312999,6173.675999,0.005597206
2020,14,2020-14,Turkish Grand Prix,VER,Red Bull Racing,Finished,58,58,6,6139.312999,6184.185999,0.007309124
2020,14,2020-14,Turkish Grand Prix,ALB,Red Bull Racing,Finished,58,58,7,6139.312999,6185.796999,0.007571531
2020,14,2020-14,Turkish Grand Prix,NOR,McLaren,Finished,58,58,8,6139.312999,6200.571999,0.009978152
2020,14,2020-14,Turkish Grand Prix,STR,Aston Martin,Finished,58,58,9,6139.312999,6211.665999,0.011785195
2020,14,2020-14,Turkish Grand Prix,RIC,Alpine,Finished,58,58,10,6139.312999,6234.772999,0.015548971
2020,14,2020-14,Turkish Grand Prix,OCO,Alpine,+1 Lap,57,58,11,6139.312999,6251.02835,0.018196719
2020,14,2020-14,Turkish Grand Prix,KVY,Racing Bulls,+1 Lap,57,58,12,6139.312999,6260.135368,0.019680112
2020,14,2020-14,Turkish Grand Prix,GAS,Racing Bulls,+1 Lap,57,58,13,6139.312999,6261.571122,0.019913975
2020,14,2020-14,Turkish Grand Prix,BOT,Mercedes,+1 Lap,57,58,14,6139.312999,6300.15028,0.026197928
2020,14,2020-14,Turkish Grand Prix,RAI,Kick Sauber,+1 Lap,57,58,15,6139.312999,6330.82007,0.031193567
2020,14,2020-14,Turkish Grand Prix,RUS,Williams,+1 Lap,57,58,16,6139.312999,6347.077368,0.033841632
2020,14,2020-14,Turkish Grand Prix,MAG,Haas F1 Team,Withdrew,55,58,17,6139.312999,6168.045854,0.004680142
2020,14,2020-14,Turkish Grand Prix,GRO,Haas F1 Team,Collision damage,49,58,18,6139.312999,6484.616612,0.056244667
2020,14,2020-14,Turkish Grand Prix,LAT,Williams,Collision damage,39,58,19,6139.312999,,
2020,14,2020-14,Turkish Grand Prix,GIO,Kick Sauber,Gearbox,11,58,20,6139.312999,,
2020,15,2020-15,Bahrain Grand Prix,HAM,Mercedes,Finished,56,57,1,5398.488282,5436.098142,0.006966739
2020,15,2020-15,Bahrain Grand Prix,VER,Red Bull Racing,Finished,57,57,2,5398.488282,5500.779999,0.018948215
2020,15,2020-15,Bahrain Grand Prix,ALB,Red Bull Racing,Finished,57,57,3,5398.488282,5509.455999,0.020555332
2020,15,2020-15,Bahrain Grand Prix,NOR,McLaren,Finished,57,57,4,5398.488282,5533.654999,0.025037883
2020,15,2020-15,Bahrain Grand Prix,SAI,McLaren,Finished,57,57,5,5398.488282,5442.841999,0.008215951
2020,15,2020-15,Bahrain Grand Prix,GAS,Racing Bulls,Finished,57,57,6,5398.488282,5518.145999,0.022165042
2020,15,2020-15,Bahrain Grand Prix,RIC,Alpine,Finished,57,57,7,5398.488282,5519.617999,0.02243771
2020,15,2020-15,Bahrain Grand Prix,BOT,Mercedes,Finished,57,57,8,5398.488282,5515.640999,0.021701023
2020,15,2020-15,Bahrain Grand Prix,OCO,Alpine,Finished,57,57,9,5398.488282,5534.850999,0.025259426
2020,15,2020-15,Bahrain Grand Prix,LEC,Ferrari,+1 Lap,55,57,10,5398.488282,5404.81669,0.001172256
2020,15,2020-15,Bahrain Grand Prix,KVY,Racing Bulls,+1 Lap,56,57,11,5398.488282,5640.97141,0.044916857
2020,15,2020-15,Bahrain Grand Prix,RUS,Williams,+1 Lap,56,57,12,5398.488282,5632.377642,0.043324973
2020,15,2020-15,Bahrain Grand Prix,VET,Ferrari,+1 Lap,56,57,13,5398.488282,5627.414571,0.042405629
2020,15,2020-15,Bahrain Grand Prix,LAT,Williams,+1 Lap,56,57,14,5398.488282,5633.639785,0.043558769
2020,15,2020-15,Bahrain Grand Prix,RAI,Kick Sauber,+1 Lap,56,57,15,5398.488282,5639.989178,0.044734912
2020,15,2020-15,Bahrain Grand Prix,GIO,Kick Sauber,+1 Lap,56,57,16,5398.488282,5618.514428,0.040756992
2020,15,2020-15,Bahrain Grand Prix,MAG,Haas F1 Team,+1 Lap,56,57,17,5398.488282,5789.590767,0.072446667
2020,15,2020-15,Bahrain Grand Prix,PER,Aston Martin,Engine,53,57,18,5398.488282,5398.488282,0
2020,15,2020-15,Bahrain Grand Prix,STR,Aston Martin,Collision,1,57,19,5398.488282,,
2020,16,2020-16,Sakhir Grand Prix,PER,Aston Martin,Finished,87,87,1,5475.113999,5475.113999,0
2020,16,2020-16,Sakhir Grand Prix,OCO,Alpine,Finished,87,87,2,5475.113999,5485.631999,0.001921056
2020,16,2020-16,Sakhir Grand Prix,STR,Aston Martin,Finished,87,87,3,5475.113999,5486.982999,0.002167809
2020,16,2020-16,Sakhir Grand Prix,SAI,McLaren,Finished,87,87,4,5475.113999,5487.693999,0.002297669
2020,16,2020-16,Sakhir Grand Prix,RIC,Alpine,Finished,87,87,5,5475.113999,5488.443999,0.002434653
2020,16,2020-16,Sakhir Grand Prix,ALB,Red Bull Racing,Finished,87,87,6,5475.113999,5488.955999,0.002528167
2020,16,2020-16,Sakhir Grand Prix,KVY,Racing Bulls,Finished,87,87,7,5475.113999,5489.647999,0.002654557
2020,16,2020-16,Sakhir Grand Prix,BOT,Mercedes,Finished,87,87,8,5475.113999,5490.502999,0.002810718
2020,16,2020-16,Sakhir Grand Prix,RUS,Mercedes,Finished,87,87,9,5475.113999,5493.669999,0.003389153
2020,16,2020-16,Sakhir Grand Prix,NOR,McLaren,Finished,87,87,10,5475.113999,5494.654999,0.003569058
2020,16,2020-16,Sakhir Grand Prix,GAS,Racing Bulls,Finished,87,87,11,5475.113999,5495.640999,0.003749146
2020,16,2020-16,Sakhir Grand Prix,VET,Ferrari,Finished,87,87,12,5475.113999,5497.724999,0.004129777
2020,16,2020-16,Sakhir Grand Prix,GIO,Kick Sauber,Finished,87,87,13,5475.113999,5499.224999,0.004403744
2020,16,2020-16,Sakhir Grand Prix,RAI,Kick Sauber,Finished,87,87,14,5475.113999,5501.266999,0.004776704
2020,16,2020-16,Sakhir Grand Prix,MAG,Haas F1 Team,Finished,87,87,15,5475.113999,5507.483999,0.005912206
2020,16,2020-16,Sakhir Grand Prix,AIT,Williams,Finished,87,87,16,5475.113999,5508.787999,0.006150374
2020,16,2020-16,Sakhir Grand Prix,FIT,Haas F1 Team,Finished,87,87,17,5475.113999,5511.972,0.006731915
2020,16,2020-16,Sakhir Grand Prix,LAT,Williams,Engine,52,87,18,5475.113999,,
2020,17,2020-17,Abu Dhabi Grand Prix,VER,Red Bull Racing,Finished,55,55,1,5312.660999,5312.660999,0
2020,17,2020-17,Abu Dhabi Grand Prix,BOT,Mercedes,Finished,55,55,2,5312.660999,5332.672999,0.003766851
2020,17,2020-17,Abu Dhabi Grand Prix,HAM,Mercedes,Finished,55,55,3,5312.660999,5341.187999,0.005369626
2020,17,2020-17,Abu Dhabi Grand Prix,ALB,Red Bull Racing,Finished,55,55,4,5312.660999,5496.354999,0.034576646
2020,17,2020-17,Abu Dhabi Grand Prix,NOR,McLaren,Finished,55,55,5,5312.660999,5540.634,0.042911264
2020,17,2020-17,Abu Dhabi Grand Prix,SAI,McLaren,Finished,55,55,6,5312.660999,5696.46,0.072242328
2020,17,2020-17,Abu Dhabi Grand Prix,RIC,Alpine,Finished,55,55,7,5312.660999,5710.452999,0.074876225
2020,17,2020-17,Abu Dhabi Grand Prix,GAS,Racing Bulls,Finished,55,55,8,5312.660999,5720.018999,0.076676829
2020,17,2020-17,Abu Dhabi Grand Prix,OCO,Alpine,Finished,55,55,9,5312.660999,5734.41,0.079385641
2020,17,2020-17,Abu Dhabi Grand Prix,STR,Aston Martin,Finished,55,55,10,5312.660999,5732.096999,0.078950266
2020,17,2020-17,Abu Dhabi Grand Prix,KVY,Racing Bulls,+1 Lap,54,55,11,5312.660999,5734.07287,0.079322184
2020,17,2020-17,Abu Dhabi Grand Prix,RAI,Kick Sauber,+1 Lap,54,55,12,5312.660999,5740.247129,0.080484362
2020,17,2020-17,Abu Dhabi Grand Prix,LEC,Ferrari,+1 Lap,54,55,13,5312.660999,5910.178796,0.11247053
2020,17,2020-17,Abu Dhabi Grand Prix,VET,Ferrari,+1 Lap,54,55,14,5312.660999,5919.503333,0.114225684
2020,17,2020-17,Abu Dhabi Grand Prix,RUS,Williams,+1 Lap,54,55,15,5312.660999,5770.507314,0.086180224
2020,17,2020-17,Abu Dhabi Grand Prix,GIO,Kick Sauber,+1 Lap,54,55,16,5312.660999,5930.20287,0.116239653
2020,17,2020-17,Abu Dhabi Grand Prix,LAT,Williams,+1 Lap,54,55,17,5312.660999,5780.478611,0.088057117
2020,17,2020-17,Abu Dhabi Grand Prix,MAG,Haas F1 Team,+1 Lap,54,55,18,5312.660999,5989.283055,0.127360292
2020,17,2020-17,Abu Dhabi Grand Prix,FIT,Haas F1 Team,+2 Laps,53,55,19,5312.660999,5847.368584,0.100647789
2020,17,2020-17,Abu Dhabi Grand Prix,PER,Aston Martin,Transmission,8,55,20,5312.660999,,
2021,1,2021-01,Bahrain Grand Prix,HAM,Mercedes,Finished,56,56,1,5366.641,5367.240999,0.000111802
2021,1,2021-01,Bahrain Grand Prix,VER,Red Bull Racing,Finished,56,56,2,5366.641,5366.641,0
2021,1,2021-01,Bahrain Grand Prix,BOT,Mercedes,Finished,56,56,3,5366.641,5407.080999,0.00753544
2021,1,2021-01,Bahrain Grand Prix,NOR,McLaren,Finished,56,56,4,5366.641,5418.295999,0.009625201
2021,1,2021-01,Bahrain Grand Prix,PER,Red Bull Racing,Finished,56,56,5,5366.641,5575.943999,0.039000745
2021,1,2021-01,Bahrain Grand Prix,LEC,Ferrari,Finished,56,56,6,5366.641,5427.798999,0.011395955
2021,1,2021-01,Bahrain Grand Prix,RIC,McLaren,Finished,56,56,7,5366.641,5438.855999,0.013456275
2021,1,2021-01,Bahrain Grand Prix,SAI,Ferrari,Finished,56,56,8,5366.641,5590.996999,0.041805666
2021,1,2021-01,Bahrain Grand Prix,TSU,Racing Bulls,Finished,56,56,9,5366.641,5609.588999,0.04527003
2021,1,2021-01,Bahrain Grand Prix,STR,Aston Martin,Finished,56,56,10,5366.641,5610.609999,0.045460279
2021,1,2021-01,Bahrain Grand Prix,RAI,Kick Sauber,Finished,56,56,11,5366.641,5612.761,0.045861089
2021,1,2021-01,Bahrain Grand Prix,GIO,Kick Sauber,+1 Lap,55,56,12,5366.641,5629.827636,0.049041223
2021,1,2021-01,Bahrain Grand Prix,OCO,Alpine,+1 Lap,55,56,13,5366.641,5640.722181,0.051071272
2021,1,2021-01,Bahrain Grand Prix,RUS,Williams,+1 Lap,55,56,14,5366.641,5642.614981,0.051423969
2021,1,2021-01,Bahrain Grand Prix,VET,Aston Martin,+1 Lap,55,56,15,5366.641,5653.392436,0.0534322
2021,1,2021-01,Bahrain Grand Prix,MSC,Haas F1 Team,+1 Lap,55,56,16,5366.641,5702.534981,0.06258924
2021,1,2021-01,Bahrain Grand Prix,GAS,Racing Bulls,Retired,52,56,17,5366.641,5502.275692,0.025273666
2021,1,2021-01,Bahrain Grand Prix,LAT,Williams,Retired,51,56,18,5366.641,5743.282039,0.070181896
2021,1,2021-01,Bahrain Grand Prix,ALO,Alpine,Brakes,32,56,19,5366.641,,
2021,2,2021-02,Emilia Romagna Grand Prix,VER,Red Bull Racing,Finished,63,63,1,5272.309999,5581.857999,0.058712026
2021,2,2021-02,Emilia Romagna Grand Prix,HAM,Mercedes,Finished,63,63,2,5272.309999,5272.309999,0
2021,2,2021-02,Emilia Romagna Grand Prix,NOR,McLaren,Finished,63,63,3,5272.309999,5658.472999,0.073243607
2021,2,2021-02,Emilia Romagna Grand Prix,LEC,Ferrari,Finished,63,63,4,5272.309999,5624.078999,0.06672009
2021,2,2021-02,Emilia Romagna Grand Prix,SAI,Ferrari,Finished,63,63,5,5272.309999,5669.683999,0.075369999
2021,2,2021-02,Emilia Romagna Grand Prix,RIC,McLaren,Finished,63,63,6,5272.309999,5704.428999,0.08196009
2021,2,2021-02,Emilia Romagna Grand Prix,GAS,Racing Bulls,Finished,63,63,7,5272.309999,5695.061999,0.080183449
2021,2,2021-02,Emilia Romagna Grand Prix,STR,Aston Martin,Finished,63,63,8,5272.309999,5632.649999,0.068345754
2021,2,2021-02,Emilia Romagna Grand Prix,OCO,Alpine,Finished,63,63,9,5272.309999,5522.555999,0.047464205
2021,2,2021-02,Emilia Romagna Grand Prix,ALO,Alpine,Finished,63,63,10,5272.309999,5668.737999,0.075190571
2021,2,2021-02,Emilia Romagna Grand Prix,PER,Red Bull Racing,Finished,63,63,11,5272.309999,5706.603,0.082372433
2021,2,2021-02,Emilia Romagna Grand Prix,TSU,Racing Bulls,Finished,63,63,12,5272.309999,5659.680999,0.073472728
2021,2,2021-02,Emilia Romagna Grand Prix,RAI,Kick Sauber,Finished,63,63,13,5272.309999,5647.381999,0.071139975
2021,2,2021-02,Emilia Romagna Grand Prix,GIO,Kick Sauber,+1 Lap,62,63,14,5272.309999,5695.626774,0.08029057
2021,2,2021-02,Emilia Romagna Grand Prix,VET,Aston Martin,Gearbox,61,63,15,5272.309999,5752.247016,0.091029742
2021,2,2021-02,Emilia Romagna Grand Prix,MSC,Haas F1 Team,+2 Laps,61,63,16,5272.309999,5750.802147,0.090755693
2021,2,2021-02,Emilia Romagna Grand Prix,MAZ,Haas F1 Team,+2 Laps,61,63,17,5272.309999,6009.680508,0.139857199
2021,2,2021-02,Emilia Romagna Grand Prix,BOT,Mercedes,Collision,30,63,18,5272.309999,,
2021,2,2021-02,Emilia Romagna Grand Prix,RUS,Williams,Collision,30,63,19,5272.309999,,
2021,3,2021-03,Portuguese Grand Prix,HAM,Mercedes,Finished,66,66,1,5671.420999,5671.420999,0
2021,3,2021-03,Portuguese Grand Prix,VER,Red Bull Racing,Finished,66,66,2,5671.420999,5700.568999,0.005139453
2021,3,2021-03,Portuguese Grand Prix,BOT,Mercedes,Finished,66,66,3,5671.420999,5704.950999,0.005912099
2021,3,2021-03,Portuguese Grand Prix,PER,Red Bull Racing,Finished,66,66,4,5671.420999,5711.155999,0.007006181
2021,3,2021-03,Portuguese Grand Prix,NOR,McLaren,Finished,66,66,5,5671.420999,5722.789999,0.009057518
2021,3,2021-03,Portuguese Grand Prix,LEC,Ferrari,Finished,66,66,6,5671.420999,5727.201999,0.009835454
2021,3,2021-03,Portuguese Grand Prix,OCO,Alpine,Finished,66,66,7,5671.420999,5735.169999,0.011240393
2021,3,2021-03,Portuguese Grand Prix,ALO,Alpine,Finished,66,66,8,5671.420999,5736.228999,0.011427119
2021,3,2021-03,Portuguese Grand Prix,RIC,McLaren,Finished,66,66,9,5671.420999,5746.789999,0.013289262
2021,3,2021-03,Portuguese Grand Prix,GAS,Racing Bulls,Finished,66,66,10,5671.420999,5747.883999,0.013482159
2021,3,2021-03,Portuguese Grand Prix,SAI,Ferrari,Finished,66,66,11,5671.420999,5750.375999,0.013921555
2021,3,2021-03,Portuguese Grand Prix,GIO,Kick Sauber,+1 Lap,65,66,12,5671.420999,5761.660892,0.015911337
2021,3,2021-03,Portuguese Grand Prix,VET,Aston Martin,+1 Lap,65,66,13,5671.420999,5767.007907,0.016854137
2021,3,2021-03,Portuguese Grand Prix,STR,Aston Martin,+1 Lap,65,66,14,5671.420999,5767.724769,0.016980536
2021,3,2021-03,Portuguese Grand Prix,TSU,Racing Bulls,+1 Lap,65,66,15,5671.420999,5784.17603,0.019881266
2021,3,2021-03,Portuguese Grand Prix,RUS,Williams,+1 Lap,65,66,16,5671.420999,5827.661907,0.027548811
2021,3,2021-03,Portuguese Grand Prix,MSC,Haas F1 Team,+2 Laps,64,66,17,5671.420999,5856.315093,0.032601017
2021,3,2021-03,Portuguese Grand Prix,LAT,Williams,+2 Laps,64,66,18,5671.420999,5859.48,0.033159062
2021,3,2021-03,Portuguese Grand Prix,MAZ,Haas F1 Team,+2 Laps,64,66,19,5671.420999,5920.771312,0.043966109
2021,3,2021-03,Portuguese Grand Prix,RAI,Kick Sauber,Collision damage,1,66,20,5671.420999,,
2021,4,2021-04,Spanish Grand Prix,HAM,Mercedes,Finished,66,66,1,5571.586984,5587.679999,0.002888408
2021,4,2021-04,Spanish Grand Prix,VER,Red Bull Racing,Finished,66,66,2,5571.586984,5603.520999,0.005731583
2021,4,2021-04,Spanish Grand Prix,BOT,Mercedes,Finished,66,66,3,5571.586984,5614.29,0.007664426
2021,4,2021-04,Spanish Grand Prix,LEC,Ferrari,Finished,66,66,4,5571.586984,5642.295999,0.012691001
2021,4,2021-04,Spanish Grand Prix,PER,Red Bull Racing,Finished,66,66,5,5571.586984,5651.350999,0.014316211
2021,4,2021-04,Spanish Grand Prix,RIC,McLaren,Finished,66,66,6,5571.586984,5661.447999,0.016128442
2021,4,2021-04,Spanish Grand Prix,SAI,Ferrari,Finished,66,66,7,5571.586984,5662.349999,0.016290334
2021,4,2021-04,Spanish Grand Prix,NOR,McLaren,+1 Lap,65,66,8,5571.586984,5698.607538,0.022797913
2021,4,2021-04,Spanish Grand Prix,OCO,Alpine,+1 Lap,65,66,9,5571.586984,5712.798553,0.025344946
2021,4,2021-04,Spanish Grand Prix,GAS,Racing Bulls,+1 Lap,65,66,10,5571.586984,5712.991476,0.025379572
2021,4,2021-04,Spanish Grand Prix,STR,Aston Martin,+1 Lap,65,66,11,5571.586984,5718.30803,0.026333798
2021,4,2021-04,Spanish Grand Prix,RAI,Kick Sauber,+1 Lap,65,66,12,5571.586984,5719.484861,0.026545018
2021,4,2021-04,Spanish Grand Prix,VET,Aston Martin,+1 Lap,65,66,13,5571.586984,5723.769784,0.027314085
2021,4,2021-04,Spanish Grand Prix,RUS,Williams,+1 Lap,65,66,14,5571.586984,5733.320492,0.029028266
2021,4,2021-04,Spanish Grand Prix,GIO,Kick Sauber,+1 Lap,65,66,15,5571.586984,5571.586984,0
2021,4,2021-04,Spanish Grand Prix,LAT,Williams,+1 Lap,65,66,16,5571.586984,5744.916184,0.031109485
2021,4,2021-04,Spanish Grand Prix,ALO,Alpine,+1 Lap,65,66,17,5571.586984,5745.243138,0.031168167
2021,4,2021-04,Spanish Grand Prix,MSC,Haas F1 Team,+2 Laps,64,66,18,5571.586984,5766.123,0.034915728
2021,4,2021-04,Spanish Grand Prix,MAZ,Haas F1 Team,+2 Laps,64,66,19,5571.586984,5817.543187,0.04414473
2021,4,2021-04,Spanish Grand Prix,TSU,Racing Bulls,Electrical,6,66,20,5571.586984,,
2021,5,2021-05,Monaco Grand Prix,VER,Red Bull Racing,Finished,78,78,1,5936.819999,5936.819999,0
2021,5,2021-05,Monaco Grand Prix,SAI,Ferrari,Finished,78,78,2,5936.819999,5945.787999,0.001510573
2021,5,2021-05,Monaco Grand Prix,NOR,McLaren,Finished,78,78,3,5936.819999,5956.246999,0.003272291
2021,5,2021-05,Monaco Grand Prix,PER,Red Bull Racing,Finished,78,78,4,5936.819999,5957.309999,0.003451343
2021,5,2021-05,Monaco Grand Prix,VET,Aston Martin,Finished,78,78,5,5936.819999,5989.410999,0.008858446
2021,5,2021-05,Monaco Grand Prix,GAS,Racing Bulls,Finished,78,78,6,5936.819999,5990.715999,0.009078261
2021,5,2021-05,Monaco Grand Prix,HAM,Mercedes,Finished,78,78,7,5936.819999,6005.050999,0.011492853
2021,5,2021-05,Monaco Grand Prix,STR,Aston Martin,+1 Lap,77,78,8,5936.819999,6019.165792,0.013870354
2021,5,2021-05,Monaco Grand Prix,OCO,Alpine,+1 Lap,77,78,9,5936.819999,6056.554129,0.020168058
2021,5,2021-05,Monaco Grand Prix,GIO,Kick Sauber,+1 Lap,77,78,10,5936.819999,6056.975532,0.020239039
2021,5,2021-05,Monaco Grand Prix,RAI,Kick Sauber,+1 Lap,77,78,11,5936.819999,6058.34509,0.020469728
2021,5,2021-05,Monaco Grand Prix,RIC,McLaren,+1 Lap,77,78,12,5936.819999,6060.523012,0.020836578
2021,5,2021-05,Monaco Grand Prix,ALO,Alpine,+1 Lap,77,78,13,5936.819999,6061.01735,0.020919844
2021,5,2021-05,Monaco Grand Prix,RUS,Williams,+1 Lap,77,78,14,5936.819999,6086.655038,0.025238265
2021,5,2021-05,Monaco Grand Prix,LAT,Williams,+1 Lap,77,78,15,5936.819999,6087.753116,0.025423226
2021,5,2021-05,Monaco Grand Prix,TSU,Racing Bulls,+1 Lap,77,78,16,5936.819999,6088.521973,0.025552733
2021,5,2021-05,Monaco Grand Prix,MAZ,Haas F1 Team,+3 Laps,75,78,17,5936.819999,6213.85752,0.046664295
2021,5,2021-05,Monaco Grand Prix,MSC,Haas F1 Team,+3 Laps,75,78,18,5936.819999,6215.371759,0.046919354
2021,5,2021-05,Monaco Grand Prix,BOT,Mercedes,Wheel nut,29,78,19,5936.819999,,
2021,6,2021-06,Azerbaijan Grand Prix,PER,Red Bull Racing,Finished,51,51,1,4765.000999,4765.000999,0
2021,6,2021-06,Azerbaijan Grand Prix,VET,Aston Martin,Finished,51,51,2,4765.000999,4796.730999,0.00665897
2021,6,2021-06,Azerbaijan Grand Prix,GAS,Racing Bulls,Finished,51,51,3,4765.000999,4795.257999,0.006349841
2021,6,2021-06,Azerbaijan Grand Prix,LEC,Ferrari,Finished,51,51,4,4765.000999,4800.483999,0.007446588
2021,6,2021-06,Azerbaijan Grand Prix,NOR,McLaren,Finished,51,51,5,4765.000999,4822.716999,0.012112484
2021,6,2021-06,Azerbaijan Grand Prix,ALO,Alpine,Finished,51,51,6,4765.000999,5153.824999,0.081599983
2021,6,2021-06,Azerbaijan Grand Prix,TSU,Racing Bulls,Finished,51,51,7,4765.000999,4809.508999,0.009340607
2021,6,2021-06,Azerbaijan Grand Prix,SAI,Ferrari,Finished,51,51,8,4765.000999,4842.96,0.016360752
2021,6,2021-06,Azerbaijan Grand Prix,RIC,McLaren,Finished,51,51,9,4765.000999,4988.853999,0.046978584
2021,6,2021-06,Azerbaijan Grand Prix,RAI,Kick Sauber,Finished,51,51,10,4765.000999,5158.822999,0.082648881
2021,6,2021-06,Azerbaijan Grand Prix,GIO,Kick Sauber,Finished,51,51,11,4765.000999,5155.873999,0.082029993
2021,6,2021-06,Azerbaijan Grand Prix,BOT,Mercedes,Finished,51,51,12,4765.000999,4823.433999,0.012262957
2021,6,2021-06,Azerbaijan Grand Prix,MSC,Haas F1 Team,Finished,51,51,13,4765.000999,5051.539999,0.06013409
2021,6,2021-06,Azerbaijan Grand Prix,MAZ,Haas F1 Team,Finished,51,51,14,4765.000999,5127.004999,0.075971443
2021,6,2021-06,Azerbaijan Grand Prix,HAM,Mercedes,Finished,51,51,15,4765.000999,4776.817999,0.002479958
2021,6,2021-06,Azerbaijan Grand Prix,LAT,Williams,Finished,51,51,16,4765.000999,5153.863999,0.081608168
2021,6,2021-06,Azerbaijan Grand Prix,RUS,Williams,Gearbox,47,51,17,4765.000999,5334.445914,0.119505728
2021,6,2021-06,Azerbaijan Grand Prix,VER,Red Bull Racing,Accident,45,51,18,4765.000999,4992.525999,0.047749203
2021,6,2021-06,Azerbaijan Grand Prix,STR,Aston Martin,Accident,29,51,19,4765.000999,,
2021,6,2021-06,Azerbaijan Grand Prix,OCO,Alpine,Turbo,3,51,20,4765.000999,,
2021,7,2021-07,French Grand Prix,VER,Red Bull Racing,Finished,53,53,1,5245.769999,5245.769999,0
2021,7,2021-07,French Grand Prix,HAM,Mercedes,Finished,53,53,2,5245.769999,5248.673999,0.000553589
2021,7,2021-07,French Grand Prix,PER,Red Bull Racing,Finished,53,53,3,5245.769999,5254.580999,0.001679639
2021,7,2021-07,French Grand Prix,BOT,Mercedes,Finished,53,53,4,5245.769999,5260.387999,0.002786626
2021,7,2021-07,French Grand Prix,NOR,McLaren,Finished,53,53,5,5245.769999,5309.801999,0.012206406
2021,7,2021-07,French Grand Prix,RIC,McLaren,Finished,53,53,6,5245.769999,5321.626999,0.014460603
2021,7,2021-07,French Grand Prix,GAS,Racing Bulls,Finished,53,53,7,5245.769999,5322.366,0.014601479
2021,7,2021-07,French Grand Prix,ALO,Alpine,Finished,53,53,8,5245.769999,5323.464999,0.014810981
2021,7,2021-07,French Grand Prix,VET,Aston Martin,Finished,53,53,9,5245.769999,5325.435999,0.015186712
2021,7,2021-07,French Grand Prix,STR,Aston Martin,Finished,53,53,10,5245.769999,5337.715999,0.017527646
2021,7,2021-07,French Grand Prix,SAI,Ferrari,Finished,53,53,11,5245.769999,5345.106999,0.018936591
2021,7,2021-07,French Grand Prix,RUS,Williams,+1 Lap,52,53,12,5245.769999,5354.85398,0.020794656
2021,7,2021-07,French Grand Prix,TSU,Racing Bulls,+1 Lap,52,53,13,5245.769999,5359.259096,0.021634402
2021,7,2021-07,French Grand Prix,OCO,Alpine,+1 Lap,52,53,14,5245.769999,5360.019442,0.021779347
2021,7,2021-07,French Grand Prix,GIO,Kick Sauber,+1 Lap,52,53,15,5245.769999,5364.584576,0.022649597
2021,7,2021-07,French Grand Prix,LEC,Ferrari,+1 Lap,52,53,16,5245.769999,5367.925615,0.023286499
2021,7,2021-07,French Grand Prix,RAI,Kick Sauber,+1 Lap,52,53,17,5245.769999,5369.770423,0.023638174
2021,7,2021-07,French Grand Prix,LAT,Williams,+1 Lap,52,53,18,5245.769999,5370.552173,0.023787199
2021,7,2021-07,French Grand Prix,MSC,Haas F1 Team,+1 Lap,52,53,19,5245.769999,5401.828288,0.029749358
2021,7,2021-07,French Grand Prix,MAZ,Haas F1 Team,+1 Lap,52,53,20,5245.769999,5416.194346,0.032487956
2021,8,2021-08,Styrian Grand Prix,VER,Red Bull Racing,Finished,71,71,1,4938.924999,4938.924999,0
2021,8,2021-08,Styrian Grand Prix,HAM,Mercedes,Finished,71,71,2,4938.924999,4974.667999,0.007237
2021,8,2021-08,Styrian Grand Prix,BOT,Mercedes,Finished,71,71,3,4938.924999,4985.831999,0.009497411
2021,8,2021-08,Styrian Grand Prix,PER,Red Bull Racing,Finished,71,71,4,4938.924999,4986.358999,0.009604114
2021,8,2021-08,Styrian Grand Prix,NOR,McLaren,+1 Lap,70,71,5,4938.924999,5014.913585,0.015385653
2021,8,2021-08,Styrian Grand Prix,SAI,Ferrari,+1 Lap,70,71,6,4938.924999,5021.975042,0.016815409
2021,8,2021-08,Styrian Grand Prix,LEC,Ferrari,+1 Lap,70,71,7,4938.924999,5034.667814,0.019385355
2021,8,2021-08,Styrian Grand Prix,STR,Aston Martin,+1 Lap,70,71,8,4938.924999,4979.096114,0.008133575
2021,8,2021-08,Styrian Grand Prix,ALO,Alpine,+1 Lap,70,71,9,4938.924999,5051.243271,0.022741441
2021,8,2021-08,Styrian Grand Prix,TSU,Racing Bulls,+1 Lap,70,71,10,4938.924999,5051.927914,0.022880063
2021,8,2021-08,Styrian Grand Prix,RAI,Kick Sauber,+1 Lap,70,71,11,4938.924999,5054.396685,0.023379923
2021,8,2021-08,Styrian Grand Prix,VET,Aston Martin,+1 Lap,70,71,12,4938.924999,5059.470142,0.024407162
2021,8,2021-08,Styrian Grand Prix,RIC,McLaren,+1 Lap,70,71,13,4938.924999,5060.784657,0.024673316
2021,8,2021-08,Styrian Grand Prix,OCO,Alpine,+1 Lap,70,71,14,4938.924999,5062.258414,0.024971712
2021,8,2021-08,Styrian Grand Prix,GIO,Kick Sauber,+1 Lap,70,71,15,4938.924999,5069.346242,0.026406808
2021,8,2021-08,Styrian Grand Prix,MSC,Haas F1 Team,+2 Laps,69,71,16,4938.924999,5126.262768,0.03793088
2021,8,2021-08,Styrian Grand Prix,LAT,Williams,+3 Laps,68,71,17,4938.924999,5160.478382,0.044858625
2021,8,2021-08,Styrian Grand Prix,MAZ,Haas F1 Team,+3 Laps,68,71,18,4938.924999,5169.237485,0.046632108
2021,8,2021-08,Styrian Grand Prix,RUS,Williams,Engine,36,71,19,4938.924999,,
2021,8,2021-08,Styrian Grand Prix,GAS,Racing Bulls,Collision,1,71,20,4938.924999,,
2021,9,2021-09,Austrian Grand Prix,VER,Red Bull Racing,Finished,71,71,1,5034.542999,5034.542999,0
2021,9,2021-09,Austrian Grand Prix,BOT,Mercedes,Finished,71,71,2,5034.542999,5052.515999,0.003569937
2021,9,2021-09,Austrian Grand Prix,NOR,McLaren,Finished,71,71,3,5034.542999,5054.561999,0.003976329
2021,9,2021-09,Austrian Grand Prix,HAM,Mercedes,Finished,71,71,4,5034.542999,5080.994999,0.009226657
2021,9,2021-09,Austrian Grand Prix,SAI,Ferrari,Finished,71,71,5,5034.542999,5091.686999,0.011350385
2021,9,2021-09,Austrian Grand Prix,PER,Red Bull Racing,Finished,71,71,6,5034.542999,5082.457999,0.009517249
2021,9,2021-09,Austrian Grand Prix,RIC,McLaren,Finished,71,71,7,5034.542999,5094.937999,0.011996124
2021,9,2021-09,Austrian Grand Prix,LEC,Ferrari,Finished,71,71,8,5034.542999,5095.737999,0.012155026
2021,9,2021-09,Austrian Grand Prix,GAS,Racing Bulls,Finished,71,71,9,5034.542999,5096.386999,0.012283935
2021,9,2021-09,Austrian Grand Prix,ALO,Alpine,+1 Lap,70,71,10,5034.542999,5117.666814,0.016510697
2021,9,2021-09,Austrian Grand Prix,RUS,Williams,+1 Lap,70,71,11,5034.542999,5123.379271,0.01764535
2021,9,2021-09,Austrian Grand Prix,TSU,Racing Bulls,+1 Lap,70,71,12,5034.542999,5129.204314,0.018802365
2021,9,2021-09,Austrian Grand Prix,STR,Aston Martin,+1 Lap,70,71,13,5034.542999,5135.957428,0.020143721
2021,9,2021-09,Austrian Grand Prix,GIO,Kick Sauber,+1 Lap,70,71,14,5034.542999,5144.011871,0.021743557
2021,9,2021-09,Austrian Grand Prix,RAI,Kick Sauber,+1 Lap,70,71,15,5034.542999,5152.0014,0.023330499
2021,9,2021-09,Austrian Grand Prix,LAT,Williams,+1 Lap,70,71,16,5034.542999,5150.384628,0.023009363
2021,9,2021-09,Austrian Grand Prix,VET,Aston Martin,Collision,69,71,17,5034.542999,5126.495318,0.018264283
2021,9,2021-09,Austrian Grand Prix,MSC,Haas F1 Team,+2 Laps,69,71,18,5034.542999,5186.608652,0.03020446
2021,9,2021-09,Austrian Grand Prix,MAZ,Haas F1 Team,+2 Laps,69,71,19,5034.542999,5239.158941,0.040642406
2021,10,2021-10,British Grand Prix,HAM,Mercedes,Finished,52,52,1,4558.720999,4558.720999,0
2021,10,2021-10,British Grand Prix,LEC,Ferrari,Finished,52,52,2,4558.720999,4560.892999,0.000476449
2021,10,2021-10,British Grand Prix,BOT,Mercedes,Finished,52,52,3,4558.720999,4568.559999,0.002158281
2021,10,2021-10,British Grand Prix,NOR,McLaren,Finished,52,52,4,4558.720999,4589.188999,0.006683454
2021,10,2021-10,British Grand Prix,RIC,McLaren,Finished,52,52,5,4558.720999,4602.203999,0.009538421
2021,10,2021-10,British Grand Prix,SAI,Ferrari,Finished,52,52,6,4558.720999,4748.360999,0.041599387
2021,10,2021-10,British Grand Prix,ALO,Alpine,Finished,52,52,7,4558.720999,4778.350999,0.048177987
2021,10,2021-10,British Grand Prix,STR,Aston Martin,Finished,52,52,8,4558.720999,4772.631999,0.046923468
2021,10,2021-10,British Grand Prix,OCO,Alpine,Finished,52,52,9,4558.720999,4776.473999,0.047766248
2021,10,2021-10,British Grand Prix,TSU,Racing Bulls,Finished,52,52,10,4558.720999,4772.215999,0.046832215
2021,10,2021-10,British Grand Prix,GAS,Racing Bulls,Finished,52,52,11,4558.720999,4779.341999,0.048395372
2021,10,2021-10,British Grand Prix,RUS,Williams,+1 Lap,51,52,12,4558.720999,4783.178196,0.04923688
2021,10,2021-10,British Grand Prix,GIO,Kick Sauber,+1 Lap,51,52,13,4558.720999,4789.581333,0.05064147
2021,10,2021-10,British Grand Prix,LAT,Williams,+1 Lap,51,52,14,4558.720999,4784.51796,0.04953077
2021,10,2021-10,British Grand Prix,RAI,Kick Sauber,+1 Lap,51,52,15,4558.720999,4802.609882,0.05349941
2021,10,2021-10,British Grand Prix,PER,Red Bull Racing,+1 Lap,51,52,16,4558.720999,4780.432392,0.048634561
2021,10,2021-10,British Grand Prix,MAZ,Haas F1 Team,+1 Lap,51,52,17,4558.720999,4835.849098,0.060790757
2021,10,2021-10,British Grand Prix,MSC,Haas F1 Team,+1 Lap,51,52,18,4558.720999,4851.02596,0.06411995
2021,10,2021-10,British Grand Prix,VET,Aston Martin,Retired,40,52,19,4558.720999,4599.6873,0.008986358
2021,11,2021-11,Hungarian Grand Prix,OCO,Alpine,Finished,70,70,1,5710.041999,5722.696,0.002216096
2021,11,2021-11,Hungarian Grand Prix,HAM,Mercedes,Finished,70,70,2,5710.041999,5710.041999,0
2021,11,2021-11,Hungarian Grand Prix,SAI,Ferrari,Finished,70,70,3,5710.041999,5739.683999,0.005191205
2021,11,2021-11,Hungarian Grand Prix,ALO,Alpine,Finished,70,70,4,5710.041999,5737.179,0.004752505
2021,11,2021-11,Hungarian Grand Prix,GAS,Racing Bulls,Finished,70,70,5,5710.041999,5789.658,0.013943155
2021,11,2021-11,Hungarian Grand Prix,TSU,Racing Bulls,Finished,70,70,6,5710.041999,5801.667999,0.016046467
2021,11,2021-11,Hungarian Grand Prix,LAT,Williams,Finished,70,70,7,5710.041999,5804.164999,0.016483767
2021,11,2021-11,Hungarian Grand Prix,RUS,Williams,Finished,70,70,8,5710.041999,5801.752999,0.016061353
2021,11,2021-11,Hungarian Grand Prix,VER,Red Bull Racing,Finished,70,70,9,5710.041999,5800.209999,0.015791127
2021,11,2021-11,Hungarian Grand Prix,RAI,Kick Sauber,+1 Lap,69,70,10,5710.041999,5823.332463,0.019840566
2021,11,2021-11,Hungarian Grand Prix,RIC,McLaren,+1 Lap,69,70,11,5710.041999,5844.876231,0.023613527
2021,11,2021-11,Hungarian Grand Prix,MSC,Haas F1 Team,+1 Lap,69,70,12,5710.041999,5847.011739,0.023987519
2021,11,2021-11,Hungarian Grand Prix,GIO,Kick Sauber,+1 Lap,69,70,13,5710.041999,5872.255362,0.028408436
2021,11,2021-11,Hungarian Grand Prix,MAZ,Haas F1 Team,Collision,1,70,14,5710.041999,,
2021,11,2021-11,Hungarian Grand Prix,NOR,McLaren,Collision,1,70,15,5710.041999,,
2021,11,2021-11,Hungarian Grand Prix,VET,Aston Martin,Disqualified,70,70,20,5710.041999,5725.695999,0.002741486
2021,12,2021-12,Belgian Grand Prix,VER,Red Bull Racing,Finished,1,3,1,,,
2021,12,2021-12,Belgian Grand Prix,RUS,Williams,Finished,1,3,2,,,
2021,12,2021-12,Belgian Grand Prix,HAM,Mercedes,Finished,1,3,3,,,
2021,12,2021-12,Belgian Grand Prix,RIC,McLaren,Finished,1,3,4,,,
2021,12,2021-12,Belgian Grand Prix,VET,Aston Martin,Finished,1,3,5,,,
2021,12,2021-12,Belgian Grand Prix,GAS,Racing Bulls,Finished,1,3,6,,,
2021,12,2021-12,Belgian Grand Prix,OCO,Alpine,Finished,1,3,7,,,
2021,12,2021-12,Belgian Grand Prix,LEC,Ferrari,Finished,1,3,8,,,
2021,12,2021-12,Belgian Grand Prix,LAT,Williams,Finished,1,3,9,,,
2021,12,2021-12,Belgian Grand Prix,SAI,Ferrari,Finished,1,3,10,,,
2021,12,2021-12,Belgian Grand Prix,ALO,Alpine,Finished,1,3,11,,,
2021,12,2021-12,Belgian Grand Prix,BOT,Mercedes,Finished,1,3,12,,,
2021,12,2021-12,Belgian Grand Prix,GIO,Kick Sauber,Finished,1,3,13,,,
2021,12,2021-12,Belgian Grand Prix,NOR,McLaren,Finished,1,3,14,,,
2021,12,2021-12,Belgian Grand Prix,TSU,Racing Bulls,Finished,1,3,15,,,
2021,12,2021-12,Belgian Grand Prix,MSC,Haas F1 Team,Finished,1,3,16,,,
2021,12,2021-12,Belgian Grand Prix,MAZ,Haas F1 Team,Finished,1,3,17,,,
2021,12,2021-12,Belgian Grand Prix,RAI,Kick Sauber,Finished,1,3,18,,,
2021,12,2021-12,Belgian Grand Prix,PER,Red Bull Racing,Finished,1,3,19,,,
2021,12,2021-12,Belgian Grand Prix,STR,Aston Martin,Finished,1,3,20,,,
2021,13,2021-13,Dutch Grand Prix,VER,Red Bull Racing,Finished,72,72,1,5405.394999,5405.394999,0
2021,13,2021-13,Dutch Grand Prix,HAM,Mercedes,Finished,72,72,2,5405.394999,5426.326999,0.003872427
2021,13,2021-13,Dutch Grand Prix,BOT,Mercedes,Finished,72,72,3,5405.394999,5461.854999,0.01044512
2021,13,2021-13,Dutch Grand Prix,GAS,Racing Bulls,+1 Lap,71,72,4,5405.394999,5493.481352,0.016296007
2021,13,2021-13,Dutch Grand Prix,LEC,Ferrari,+1 Lap,71,72,5,5405.394999,5498.543661,0.017232536
2021,13,2021-13,Dutch Grand Prix,ALO,Alpine,+1 Lap,71,72,6,5405.394999,5527.636732,0.022614764
2021,13,2021-13,Dutch Grand Prix,SAI,Ferrari,+1 Lap,71,72,7,5405.394999,5529.697352,0.02299598
2021,13,2021-13,Dutch Grand Prix,PER,Red Bull Racing,+1 Lap,71,72,8,5405.394999,5530.288563,0.023105354
2021,13,2021-13,Dutch Grand Prix,OCO,Alpine,+1 Lap,71,72,9,5405.394999,5531.28845,0.023290333
2021,13,2021-13,Dutch Grand Prix,NOR,McLaren,+1 Lap,71,72,10,5405.394999,5534.594366,0.023901929
2021,13,2021-13,Dutch Grand Prix,RIC,McLaren,+1 Lap,71,72,11,5405.394999,5547.368788,0.026265202
2021,13,2021-13,Dutch Grand Prix,STR,Aston Martin,+2 Laps,70,72,12,5405.394999,5577.651771,0.031867564
2021,13,2021-13,Dutch Grand Prix,VET,Aston Martin,+2 Laps,70,72,13,5405.394999,5579.939314,0.03229076
2021,13,2021-13,Dutch Grand Prix,GIO,Kick Sauber,+2 Laps,70,72,14,5405.394999,5588.405485,0.033857005
2021,13,2021-13,Dutch Grand Prix,KUB,Kick Sauber,+2 Laps,70,72,15,5405.394999,5622.020228,0.040075745
2021,13,2021-13,Dutch Grand Prix,LAT,Williams,+2 Laps,70,72,16,5405.394999,5623.966285,0.040435766
2021,13,2021-13,Dutch Grand Prix,RUS,Williams,Gearbox,69,72,17,5405.394999,5629.825043,0.041519638
2021,13,2021-13,Dutch Grand Prix,MSC,Haas F1 Team,+3 Laps,69,72,18,5405.394999,5705.943652,0.055601608
2021,13,2021-13,Dutch Grand Prix,TSU,Racing Bulls,Power Unit,48,72,19,5405.394999,,
2021,13,2021-13,Dutch Grand Prix,MAZ,Haas F1 Team,Hydraulics,41,72,20,5405.394999,,
2021,14,2021-14,Italian Grand Prix,RIC,McLaren,Finished,53,53,1,4297.837999,4301.093999,0.00075759
2021,14,2021-14,Italian Grand Prix,NOR,McLaren,Finished,53,53,2,4297.837999,4458.974999,0.037492572
2021,14,2021-14,Italian Grand Prix,BOT,Mercedes,Finished,53,53,3,4297.837999,4609.548999,0.072527396
2021,14,2021-14,Italian Grand Prix,LEC,Ferrari,Finished,53,53,4,4297.837999,4297.837999,0
2021,14,2021-14,Italian Grand Prix,PER,Red Bull Racing,Finished,53,53,5,4297.837999,4597.510999,0.069726453
2021,14,2021-14,Italian Grand Prix,SAI,Ferrari,Finished,53,53,6,4297.837999,4614.851999,0.073761273
2021,14,2021-14,Italian Grand Prix,STR,Aston Martin,Finished,53,53,7,4297.837999,4621.591999,0.075329503
2021,14,2021-14,Italian Grand Prix,ALO,Alpine,Finished,53,53,8,4297.837999,4624.561999,0.076020548
2021,14,2021-14,Italian Grand Prix,RUS,Williams,Finished,53,53,9,4297.837999,4624.823999,0.076081509
2021,14,2021-14,Italian Grand Prix,OCO,Alpine,Finished,53,53,10,4297.837999,4625.197999,0.076168529
2021,14,2021-14,Italian Grand Prix,LAT,Williams,Finished,53,53,11,4297.837999,4629.272999,0.077116681
2021,14,2021-14,Italian Grand Prix,VET,Aston Martin,Finished,53,53,12,4297.837999,4786.439999,0.113685532
2021,14,2021-14,Italian Grand Prix,GIO,Kick Sauber,Finished,53,53,13,4297.837999,4789.232999,0.114335394
2021,14,2021-14,Italian Grand Prix,KUB,Kick Sauber,Finished,53,53,14,4297.837999,4636.855999,0.078881056
2021,14,2021-14,Italian Grand Prix,MSC,Haas F1 Team,Finished,53,53,15,4297.837999,4813.005999,0.11986678
2021,14,2021-14,Italian Grand Prix,MAZ,Haas F1 Team,Power Unit,41,53,16,4297.837999,4884.914341,0.136598062
2021,14,2021-14,Italian Grand Prix,HAM,Mercedes,Collision,25,53,17,4297.837999,,
2021,14,2021-14,Italian Grand Prix,VER,Red Bull Racing,Collision,25,53,18,4297.837999,,
2021,14,2021-14,Italian Grand Prix,GAS,Racing Bulls,Suspension,3,53,19,4297.837999,,
2021,15,2021-15,Russian Grand Prix,HAM,Mercedes,Finished,53,53,1,5337.143999,5441.000999,0.019459284
2021,15,2021-15,Russian Grand Prix,VER,Red Bull Racing,Finished,53,53,2,5337.143999,5494.271999,0.029440465
2021,15,2021-15,Russian Grand Prix,SAI,Ferrari,Finished,53,53,3,5337.143999,5503.475999,0.031164983
2021,15,2021-15,Russian Grand Prix,RIC,McLaren,Finished,53,53,4,5337.143999,5506.607999,0.031751813
2021,15,2021-15,Russian Grand Prix,BOT,Mercedes,Finished,53,53,5,5337.143999,5508.533999,0.03211268
2021,15,2021-15,Russian Grand Prix,ALO,Alpine,Finished,53,53,6,5337.143999,5522.321999,0.034696085
2021,15,2021-15,Russian Grand Prix,NOR,McLaren,Finished,53,53,7,5337.143999,5337.143999,0
2021,15,2021-15,Russian Grand Prix,RAI,Kick Sauber,Finished,53,53,8,5337.143999,5529.955999,0.036126438
2021,15,2021-15,Russian Grand Prix,PER,Red Bull Racing,Finished,53,53,9,5337.143999,5531.076999,0.036336475
2021,15,2021-15,Russian Grand Prix,RUS,Williams,Finished,53,53,10,5337.143999,5541.551999,0.038299135
2021,15,2021-15,Russian Grand Prix,STR,Aston Martin,Finished,53,53,11,5337.143999,5547.198999,0.039357192
2021,15,2021-15,Russian Grand Prix,VET,Aston Martin,+1 Lap,52,53,12,5337.143999,5384.257769,0.008827525
2021,15,2021-15,Russian Grand Prix,GAS,Racing Bulls,+1 Lap,52,53,13,5337.143999,5397.852269,0.011374673
2021,15,2021-15,Russian Grand Prix,OCO,Alpine,+1 Lap,52,53,14,5337.143999,5407.256711,0.013136747
2021,15,2021-15,Russian Grand Prix,LEC,Ferrari,+1 Lap,52,53,15,5337.143999,5401.254461,0.012012129
2021,15,2021-15,Russian Grand Prix,GIO,Kick Sauber,+1 Lap,52,53,16,5337.143999,5454.082211,0.02191026
2021,15,2021-15,Russian Grand Prix,TSU,Racing Bulls,+1 Lap,52,53,17,5337.143999,5649.074307,0.058445174
2021,15,2021-15,Russian Grand Prix,MAZ,Haas F1 Team,+2 Laps,51,53,18,5337.143999,5671.024941,0.062557979
2021,15,2021-15,Russian Grand Prix,LAT,Williams,Accident,47,53,19,5337.143999,5482.020042,0.027144863
2021,15,2021-15,Russian Grand Prix,MSC,Haas F1 Team,Oil leak,32,53,20,5337.143999,,
2021,16,2021-16,Turkish Grand Prix,BOT,Mercedes,Finished,58,58,1,5453.949614,5464.102999,0.001861657
2021,16,2021-16,Turkish Grand Prix,VER,Red Bull Racing,Finished,58,58,2,5453.949614,5478.686999,0.004535683
2021,16,2021-16,Turkish Grand Prix,PER,Red Bull Racing,Finished,58,58,3,5453.949614,5497.573999,0.007998678
2021,16,2021-16,Turkish Grand Prix,LEC,Ferrari,Finished,58,58,4,5453.949614,5501.916999,0.008794981
2021,16,2021-16,Turkish Grand Prix,HAM,Mercedes,Finished,58,58,5,5453.949614,5505.914999,0.009528028
2021,16,2021-16,Turkish Grand Prix,GAS,Racing Bulls,Finished,58,58,6,5453.949614,5508.394999,0.009982744
2021,16,2021-16,Turkish Grand Prix,NOR,McLaren,Finished,58,58,7,5453.949614,5511.315999,0.01051832
2021,16,2021-16,Turkish Grand Prix,SAI,Ferrari,Finished,58,58,8,5453.949614,5515.628999,0.011309123
2021,16,2021-16,Turkish Grand Prix,STR,Aston Martin,Finished,58,58,9,5453.949614,5546.120999,0.016899933
2021,16,2021-16,Turkish Grand Prix,OCO,Alpine,+1 Lap,57,58,10,5453.949614,5570.886771,0.021440821
2021,16,2021-16,Turkish Grand Prix,GIO,Kick Sauber,+1 Lap,57,58,11,5453.949614,5571.655017,0.021581681
2021,16,2021-16,Turkish Grand Prix,RAI,Kick Sauber,+1 Lap,57,58,12,5453.949614,5576.776315,0.022520689
2021,16,2021-16,Turkish Grand Prix,RIC,McLaren,+1 Lap,57,58,13,5453.949614,5579.370035,0.022996256
2021,16,2021-16,Turkish Grand Prix,TSU,Racing Bulls,+1 Lap,57,58,14,5453.949614,5584.818982,0.023995339
2021,16,2021-16,Turkish Grand Prix,RUS,Williams,+1 Lap,57,58,15,5453.949614,5588.573719,0.024683782
2021,16,2021-16,Turkish Grand Prix,ALO,Alpine,+1 Lap,57,58,16,5453.949614,5591.004631,0.025129498
2021,16,2021-16,Turkish Grand Prix,LAT,Williams,+1 Lap,57,58,17,5453.949614,5596.612315,0.026157686
2021,16,2021-16,Turkish Grand Prix,VET,Aston Martin,+1 Lap,57,58,18,5453.949614,5453.949614,0
2021,16,2021-16,Turkish Grand Prix,MSC,Haas F1 Team,+2 Laps,56,58,19,5453.949614,5679.224321,0.041304875
2021,16,2021-16,Turkish Grand Prix,MAZ,Haas F1 Team,+2 Laps,56,58,20,5453.949614,5704.228535,0.045889482
2021,17,2021-17,United States Grand Prix,VER,Red Bull Racing,Finished,56,56,1,5676.552,5676.552,0
2021,17,2021-17,United States Grand Prix,HAM,Mercedes,Finished,56,56,2,5676.552,5677.884999,0.000234825
2021,17,2021-17,United States Grand Prix,PER,Red Bull Racing,Finished,56,56,3,5676.552,5718.774999,0.007438142
2021,17,2021-17,United States Grand Prix,LEC,Ferrari,Finished,56,56,4,5676.552,5728.797999,0.009203826
2021,17,2021-17,United States Grand Prix,RIC,McLaren,Finished,56,56,5,5676.552,5753.405999,0.013538852
2021,17,2021-17,United States Grand Prix,BOT,Mercedes,Finished,56,56,6,5676.552,5756.679999,0.014115611
2021,17,2021-17,United States Grand Prix,SAI,Ferrari,Finished,56,56,7,5676.552,5760.097,0.014717561
2021,17,2021-17,United States Grand Prix,NOR,McLaren,Finished,56,56,8,5676.552,5760.946999,0.0148673
2021,17,2021-17,United States Grand Prix,TSU,Racing Bulls,+1 Lap,55,56,9,5676.552,5813.900654,0.024195789
2021,17,2021-17,United States Grand Prix,VET,Aston Martin,+1 Lap,55,56,10,5676.552,5815.975709,0.024561337
2021,17,2021-17,United States Grand Prix,GIO,Kick Sauber,+1 Lap,55,56,11,5676.552,5825.642327,0.026264241
2021,17,2021-17,United States Grand Prix,STR,Aston Martin,+1 Lap,55,56,12,5676.552,5840.080145,0.028807654
2021,17,2021-17,United States Grand Prix,RAI,Kick Sauber,+1 Lap,55,56,13,5676.552,5843.542981,0.029417678
2021,17,2021-17,United States Grand Prix,RUS,Williams,+1 Lap,55,56,14,5676.552,5846.146472,0.029876318
2021,17,2021-17,United States Grand Prix,LAT,Williams,+1 Lap,55,56,15,5676.552,5878.482909,0.035572811
2021,17,2021-17,United States Grand Prix,MSC,Haas F1 Team,+2 Laps,54,56,16,5676.552,5892.614518,0.038062281
2021,17,2021-17,United States Grand Prix,MAZ,Haas F1 Team,+2 Laps,54,56,17,5676.552,5983.356296,0.05404765
2021,17,2021-17,United States Grand Prix,ALO,Alpine,Rear wing,49,56,18,5676.552,5839.170285,0.02864737
2021,17,2021-17,United States Grand Prix,OCO,Alpine,Mechanical,40,56,19,5676.552,,
2021,17,2021-17,United States Grand Prix,GAS,Racing Bulls,Suspension,14,56,20,5676.552,,
2021,18,2021-18,Mexico City Grand Prix,VER,Red Bull Racing,Finished,71,71,1,5919.085999,5919.085999,0
2021,18,2021-18,Mexico City Grand Prix,HAM,Mercedes,Finished,71,71,2,5919.085999,5935.640999,0.002796885
2021,18,2021-18,Mexico City Grand Prix,PER,Red Bull Racing,Finished,71,71,3,5919.085999,5936.837999,0.002999112
2021,18,2021-18,Mexico City Grand Prix,GAS,Racing Bulls,Finished,71,71,4,5919.085999,5982.930999,0.010786294
2021,18,2021-18,Mexico City Grand Prix,LEC,Ferrari,Finished,71,71,5,5919.085999,6000.122999,0.013690796
2021,18,2021-18,Mexico City Grand Prix,SAI,Ferrari,+1 Lap,70,71,6,5919.085999,6006.109085,0.014702115
2021,18,2021-18,Mexico City Grand Prix,VET,Aston Martin,+1 Lap,70,71,7,5919.085999,6013.846057,0.016009238
2021,18,2021-18,Mexico City Grand Prix,RAI,Kick Sauber,+1 Lap,70,71,8,5919.085999,6019.019928,0.016883338
2021,18,2021-18,Mexico City Grand Prix,ALO,Alpine,+1 Lap,70,71,9,5919.085999,6027.671785,0.018345026
2021,18,2021-18,Mexico City Grand Prix,NOR,McLaren,+1 Lap,70,71,10,5919.085999,6030.245028,0.018779762
2021,18,2021-18,Mexico City Grand Prix,GIO,Kick Sauber,+1 Lap,70,71,11,5919.085999,6065.514785,0.024738412
2021,18,2021-18,Mexico City Grand Prix,RIC,McLaren,+1 Lap,70,71,12,5919.085999,6066.4175,0.024890921
2021,18,2021-18,Mexico City Grand Prix,OCO,Alpine,+1 Lap,70,71,13,5919.085999,6078.065557,0.026858802
2021,18,2021-18,Mexico City Grand Prix,STR,Aston Martin,+2 Laps,69,71,14,5919.085999,6098.835173,0.030367725
2021,18,2021-18,Mexico City Grand Prix,BOT,Mercedes,+2 Laps,69,71,15,5919.085999,6124.541289,0.034710645
2021,18,2021-18,Mexico City Grand Prix,RUS,Williams,+2 Laps,69,71,16,5919.085999,6130.580405,0.035730923
2021,18,2021-18,Mexico City Grand Prix,LAT,Williams,+2 Laps,69,71,17,5919.085999,6145.488347,0.038249545
2021,18,2021-18,Mexico City Grand Prix,MAZ,Haas F1 Team,+3 Laps,68,71,18,5919.085999,6229.626661,0.052464293
2021,19,2021-19,São Paulo Grand Prix,HAM,Mercedes,Finished,71,71,1,5542.850999,5542.850999,0
2021,19,2021-19,São Paulo Grand Prix,VER,Red Bull Racing,Finished,71,71,2,5542.850999,5553.346999,0.00189361
2021,19,2021-19,São Paulo Grand Prix,BOT,Mercedes,Finished,71,71,3,5542.850999,5556.426999,0.002449281
2021,19,2021-19,São Paulo Grand Prix,PER,Red Bull Racing,Finished,71,71,4,5542.850999,5582.790999,0.007205678
2021,19,2021-19,São Paulo Grand Prix,LEC,Ferrari,Finished,71,71,5,5542.850999,5592.367999,0.008933489
2021,19,2021-19,São Paulo Grand Prix,SAI,Ferrari,Finished,71,71,6,5542.850999,5594.670999,0.009348979
2021,19,2021-19,São Paulo Grand Prix,GAS,Racing Bulls,+1 Lap,70,71,7,5542.850999,5626.286471,0.015052808
2021,19,2021-19,São Paulo Grand Prix,OCO,Alpine,+1 Lap,70,71,8,5542.850999,5642.8457,0.018040301
2021,19,2021-19,São Paulo Grand Prix,ALO,Alpine,+1 Lap,70,71,9,5542.850999,5643.343714,0.018130149
2021,19,2021-19,São Paulo Grand Prix,NOR,McLaren,+1 Lap,70,71,10,5542.850999,5646.383528,0.01867857
2021,19,2021-19,São Paulo Grand Prix,VET,Aston Martin,+1 Lap,70,71,11,5542.850999,5647.689928,0.018914261
2021,19,2021-19,São Paulo Grand Prix,RAI,Kick Sauber,+1 Lap,70,71,12,5542.850999,5653.5667,0.019974504
2021,19,2021-19,São Paulo Grand Prix,RUS,Williams,+1 Lap,70,71,13,5542.850999,5680.952414,0.024915231
2021,19,2021-19,São Paulo Grand Prix,GIO,Kick Sauber,+1 Lap,70,71,14,5542.850999,5683.461757,0.025367948
2021,19,2021-19,São Paulo Grand Prix,TSU,Racing Bulls,+1 Lap,70,71,15,5542.850999,5687.761314,0.026143643
2021,19,2021-19,São Paulo Grand Prix,LAT,Williams,+1 Lap,70,71,16,5542.850999,5691.829614,0.026877615
2021,19,2021-19,São Paulo Grand Prix,MAZ,Haas F1 Team,+2 Laps,69,71,17,5542.850999,5739.752159,0.035523445
2021,19,2021-19,São Paulo Grand Prix,MSC,Haas F1 Team,+2 Laps,69,71,18,5542.850999,5778.190941,0.042458284
2021,19,2021-19,São Paulo Grand Prix,RIC,McLaren,Power loss,49,71,19,5542.850999,,
2021,19,2021-19,São Paulo Grand Prix,STR,Aston Martin,Collision damage,47,71,20,5542.850999,,
2021,20,2021-20,Qatar Grand Prix,HAM,Mercedes,Finished,57,57,1,4997.363374,5068.470999,0.014229028
2021,20,2021-20,Qatar Grand Prix,VER,Red Bull Racing,Finished,57,57,2,4997.363374,5094.213999,0.019380345
2021,20,2021-20,Qatar Grand Prix,ALO,Alpine,Finished,57,57,3,4997.363374,5127.927999,0.026126702
2021,20,2021-20,Qatar Grand Prix,PER,Red Bull Racing,Finished,57,57,4,4997.363374,5130.776999,0.026696803
2021,20,2021-20,Qatar Grand Prix,OCO,Alpine,Finished,57,57,5,4997.363374,5149.040999,0.03035153
2021,20,2021-20,Qatar Grand Prix,STR,Aston Martin,Finished,57,57,6,4997.363374,5149.744999,0.030492404
2021,20,2021-20,Qatar Grand Prix,SAI,Ferrari,Finished,57,57,7,4997.363374,5150.381999,0.030619872
2021,20,2021-20,Qatar Grand Prix,LEC,Ferrari,Finished,57,57,8,4997.363374,5151.596999,0.030863
2021,20,2021-20,Qatar Grand Prix,NOR,McLaren,+1 Lap,56,57,9,4997.363374,5159.707178,0.032485891
2021,20,2021-20,Qatar Grand Prix,VET,Aston Martin,+1 Lap,56,57,10,4997.363374,5164.675339,0.033480048
2021,20,2021-20,Qatar Grand Prix,GAS,Racing Bulls,+1 Lap,56,57,11,4997.363374,5170.368214,0.034619224
2021,20,2021-20,Qatar Grand Prix,RIC,McLaren,+1 Lap,56,57,12,4997.363374,5193.17941,0.03918387
2021,20,2021-20,Qatar Grand Prix,TSU,Racing Bulls,+1 Lap,56,57,13,4997.363374,5193.511232,0.039250269
2021,20,2021-20,Qatar Grand Prix,RAI,Kick Sauber,+1 Lap,56,57,14,4997.363374,5196.370392,0.039822403
2021,20,2021-20,Qatar Grand Prix,GIO,Kick Sauber,+1 Lap,56,57,15,4997.363374,5221.21425,0.044793796
2021,20,2021-20,Qatar Grand Prix,MSC,Haas F1 Team,+1 Lap,56,57,16,4997.363374,5222.820428,0.045115201
2021,20,2021-20,Qatar Grand Prix,RUS,Williams,+2 Laps,55,57,17,4997.363374,5271.472963,0.054850842
2021,20,2021-20,Qatar Grand Prix,MAZ,Haas F1 Team,+2 Laps,55,57,18,4997.363374,5294.632581,0.059485209
2021,20,2021-20,Qatar Grand Prix,LAT,Williams,Puncture,50,57,19,4997.363374,5198.20734,0.040189986
2021,20,2021-20,Qatar Grand Prix,BOT,Mercedes,Damage,48,57,20,4997.363374,4997.363374,0
2021,21,2021-21,Saudi Arabian Grand Prix,HAM,Mercedes,Finished,50,50,1,4185.969,4185.969,0
2021,21,2021-21,Saudi Arabian Grand Prix,VER,Red Bull Racing,Finished,50,50,2,4185.969,4200.39,0.00344508
2021,21,2021-21,Saudi Arabian Grand Prix,BOT,Mercedes,Finished,50,50,3,4185.969,4367.979,0.043480972
2021,21,2021-21,Saudi Arabian Grand Prix,OCO,Alpine,Finished,50,50,4,4185.969,4238.522,0.01255456
2021,21,2021-21,Saudi Arabian Grand Prix,RIC,McLaren,Finished,50,50,5,4185.969,4250.119,0.015325006
2021,21,2021-21,Saudi Arabian Grand Prix,GAS,Racing Bulls,Finished,50,50,6,4185.969,4397.183,0.050457612
2021,21,2021-21,Saudi Arabian Grand Prix,LEC,Ferrari,Finished,50,50,7,4185.969,4382.904,0.047046454
2021,21,2021-21,Saudi Arabian Grand Prix,SAI,Ferrari,Finished,50,50,8,4185.969,4401.624,0.051518537
2021,21,2021-21,Saudi Arabian Grand Prix,GIO,Kick Sauber,Finished,50,50,9,4185.969,4415.751,0.054893383
2021,21,2021-21,Saudi Arabian Grand Prix,NOR,McLaren,Finished,50,50,10,4185.969,4385.732,0.047722045
2021,21,2021-21,Saudi Arabian Grand Prix,STR,Aston Martin,Finished,50,50,11,4185.969,4593.511,0.097359058
2021,21,2021-21,Saudi Arabian Grand Prix,LAT,Williams,Finished,50,50,12,4185.969,4440.036,0.060694907
2021,21,2021-21,Saudi Arabian Grand Prix,ALO,Alpine,+1 Lap,49,50,13,4185.969,4459.083673,0.065245269
2021,21,2021-21,Saudi Arabian Grand Prix,TSU,Racing Bulls,+1 Lap,49,50,14,4185.969,4289.722448,0.024786005
2021,21,2021-21,Saudi Arabian Grand Prix,RAI,Kick Sauber,+1 Lap,49,50,15,4185.969,4479.906122,0.070219613
2021,21,2021-21,Saudi Arabian Grand Prix,VET,Aston Martin,Collision damage,44,50,16,4185.969,4433.880681,0.059224443
2021,21,2021-21,Saudi Arabian Grand Prix,PER,Red Bull Racing,Collision,10,50,17,4185.969,,
2021,21,2021-21,Saudi Arabian Grand Prix,MAZ,Haas F1 Team,Collision,11,50,18,4185.969,,
2021,21,2021-21,Saudi Arabian Grand Prix,RUS,Williams,Collision,11,50,19,4185.969,,
2021,21,2021-21,Saudi Arabian Grand Prix,MSC,Haas F1 Team,Accident,8,50,20,4185.969,,
2021,22,2021-22,Abu Dhabi Grand Prix,VER,Red Bull Racing,Finished,58,58,1,5266.909999,5266.909999,0
2021,22,2021-22,Abu Dhabi Grand Prix,HAM,Mercedes,Finished,58,58,2,5266.909999,5267.517999,0.000115438
2021,22,2021-22,Abu Dhabi Grand Prix,SAI,Ferrari,Finished,58,58,3,5266.909999,5422.517999,0.029544458
2021,22,2021-22,Abu Dhabi Grand Prix,TSU,Racing Bulls,Finished,58,58,4,5266.909999,5423.036999,0.029642998
2021,22,2021-22,Abu Dhabi Grand Prix,GAS,Racing Bulls,Finished,58,58,5,5266.909999,5423.875999,0.029802294
2021,22,2021-22,Abu Dhabi Grand Prix,BOT,Mercedes,Finished,58,58,6,5266.909999,5424.807999,0.029979248
2021,22,2021-22,Abu Dhabi Grand Prix,NOR,McLaren,Finished,58,58,7,5266.909999,5324.404999,0.010916268
2021,22,2021-22,Abu Dhabi Grand Prix,ALO,Alpine,Finished,58,58,8,5266.909999,5327.032999,0.011415232
2021,22,2021-22,Abu Dhabi Grand Prix,OCO,Alpine,Finished,58,58,9,5266.909999,5329.826999,0.011945714
2021,22,2021-22,Abu Dhabi Grand Prix,LEC,Ferrari,Finished,58,58,10,5266.909999,5331.714999,0.012304178
2021,22,2021-22,Abu Dhabi Grand Prix,VET,Aston Martin,Finished,58,58,11,5266.909999,5334.347999,0.012804092
2021,22,2021-22,Abu Dhabi Grand Prix,RIC,McLaren,+1 Lap,57,58,12,5266.909999,5362.861122,0.018217726
2021,22,2021-22,Abu Dhabi Grand Prix,STR,Aston Martin,+1 Lap,57,58,13,5266.909999,5520.508175,0.048149328
2021,22,2021-22,Abu Dhabi Grand Prix,MSC,Haas F1 Team,+1 Lap,57,58,14,5266.909999,5521.139052,0.048269109
2021,22,2021-22,Abu Dhabi Grand Prix,PER,Red Bull Racing,Engine,55,58,15,5266.909999,5328.165781,0.011630307
2021,22,2021-22,Abu Dhabi Grand Prix,LAT,Williams,Accident,50,58,16,5266.909999,5353.96956,0.016529533
2021,22,2021-22,Abu Dhabi Grand Prix,GIO,Kick Sauber,Gearbox,33,58,17,5266.909999,,
2021,22,2021-22,Abu Dhabi Grand Prix,RUS,Williams,Gearbox,25,58,18,5266.909999,,
2021,22,2021-22,Abu Dhabi Grand Prix,RAI,Kick Sauber,Brakes,25,58,19,5266.909999,,
2022,1,2022-01,Bahrain Grand Prix,LEC,Ferrari,Finished,57,57,1,5538.373999,5538.373999,0
2022,1,2022-01,Bahrain Grand Prix,SAI,Ferrari,Finished,57,57,2,5538.373999,5859.181999,0.057924582
2022,1,2022-01,Bahrain Grand Prix,HAM,Mercedes,Finished,57,57,3,5538.373999,5863.258999,0.058660719
2022,1,2022-01,Bahrain Grand Prix,RUS,Mercedes,Finished,57,57,4,5538.373999,5714.245999,0.031755169
2022,1,2022-01,Bahrain Grand Prix,MAG,Haas F1 Team,Finished,57,57,5,5538.373999,5868.337999,0.059577775
2022,1,2022-01,Bahrain Grand Prix,BOT,Kick Sauber,Finished,57,57,6,5538.373999,5869.702999,0.059824237
2022,1,2022-01,Bahrain Grand Prix,OCO,Alpine,Finished,57,57,7,5538.373999,5873.006999,0.060420802
2022,1,2022-01,Bahrain Grand Prix,TSU,Racing Bulls,Finished,57,57,8,5538.373999,5873.969999,0.06059468
2022,1,2022-01,Bahrain Grand Prix,ALO,Alpine,Finished,57,57,9,5538.373999,5875.973999,0.060956519
2022,1,2022-01,Bahrain Grand Prix,ZHO,Kick Sauber,Finished,57,57,10,5538.373999,5721.019999,0.032978271
2022,1,2022-01,Bahrain Grand Prix,MSC,Haas F1 Team,Finished,57,57,11,5538.373999,5886.157999,0.062795326
2022,1,2022-01,Bahrain Grand Prix,STR,Aston Martin,Finished,57,57,12,5538.373999,5899.456999,0.065196572
2022,1,2022-01,Bahrain Grand Prix,ALB,Williams,Finished,57,57,13,5538.373999,5907.515999,0.066651692
2022,1,2022-01,Bahrain Grand Prix,RIC,McLaren,Finished,57,57,14,5538.373999,5908.558999,0.066840015
2022,1,2022-01,Bahrain Grand Prix,NOR,McLaren,Finished,57,57,15,5538.373999,5909.918999,0.067085574
2022,1,2022-01,Bahrain Grand Prix,LAT,Williams,Finished,57,57,16,5538.373999,5915.378999,0.068071423
2022,1,2022-01,Bahrain Grand Prix,HUL,Aston Martin,Finished,57,57,17,5538.373999,5917.412999,0.068438679
2022,1,2022-01,Bahrain Grand Prix,PER,Red Bull Racing,Fuel pressure,56,57,18,5538.373999,5868.480803,0.059603559
2022,1,2022-01,Bahrain Grand Prix,VER,Red Bull Racing,Fuel pressure,54,57,19,5538.373999,5748.483777,0.037937087
2022,1,2022-01,Bahrain Grand Prix,GAS,Racing Bulls,Power Unit,44,57,20,5538.373999,5744.518295,0.037221086
2022,2,2022-02,Saudi Arabian Grand Prix,VER,Red Bull Racing,Finished,50,50,1,4550.462,4553.581,0.000685425
2022,2,2022-02,Saudi Arabian Grand Prix,LEC,Ferrari,Finished,50,50,2,4550.462,4550.462,0
2022,2,2022-02,Saudi Arabian Grand Prix,SAI,Ferrari,Finished,50,50,3,4550.462,4566.015,0.003417895
2022,2,2022-02,Saudi Arabian Grand Prix,PER,Red Bull Racing,Finished,50,50,4,4550.462,4585.101,0.007612194
2022,2,2022-02,Saudi Arabian Grand Prix,RUS,Mercedes,Finished,50,50,5,4550.462,4607.045,0.012434562
2022,2,2022-02,Saudi Arabian Grand Prix,OCO,Alpine,Finished,50,50,6,4550.462,4654.382,0.022837242
2022,2,2022-02,Saudi Arabian Grand Prix,NOR,McLaren,Finished,50,50,7,4550.462,4804.809,0.055894764
2022,2,2022-02,Saudi Arabian Grand Prix,GAS,Racing Bulls,Finished,50,50,8,4550.462,4811.177,0.057294182
2022,2,2022-02,Saudi Arabian Grand Prix,MAG,Haas F1 Team,Finished,50,50,9,4550.462,4807.089,0.056395812
2022,2,2022-02,Saudi Arabian Grand Prix,HAM,Mercedes,Finished,50,50,10,4550.462,4817.947,0.058781943
2022,2,2022-02,Saudi Arabian Grand Prix,ZHO,Kick Sauber,Finished,50,50,11,4550.462,4678.67,0.028174722
2022,2,2022-02,Saudi Arabian Grand Prix,HUL,Aston Martin,Finished,50,50,12,4550.462,4689.109,0.030468774
2022,2,2022-02,Saudi Arabian Grand Prix,STR,Aston Martin,+1 Lap,49,50,13,4550.462,4867.082653,0.069579892
2022,2,2022-02,Saudi Arabian Grand Prix,ALB,Williams,Collision damage,47,50,14,4550.462,4998.52234,0.098464802
2022,2,2022-02,Saudi Arabian Grand Prix,BOT,Kick Sauber,Cooling system,36,50,15,4550.462,,
2022,2,2022-02,Saudi Arabian Grand Prix,ALO,Alpine,Water pump,35,50,16,4550.462,,
2022,2,2022-02,Saudi Arabian Grand Prix,RIC,McLaren,Gearbox,35,50,17,4550.462,,
2022,2,2022-02,Saudi Arabian Grand Prix,LAT,Williams,Accident,14,50,18,4550.462,,
2022,3,2022-03,Australian Grand Prix,LEC,Ferrari,Finished,58,58,1,4949.265999,4949.265999,0
2022,3,2022-03,Australian Grand Prix,PER,Red Bull Racing,Finished,58,58,2,4949.265999,5130.576999,0.036633917
2022,3,2022-03,Australian Grand Prix,RUS,Mercedes,Finished,58,58,3,4949.265999,5133.520999,0.037228753
2022,3,2022-03,Australian Grand Prix,HAM,Mercedes,Finished,58,58,4,4949.265999,5140.320999,0.038602694
2022,3,2022-03,Australian Grand Prix,NOR,McLaren,Finished,58,58,5,4949.265999,5167.137999,0.044021073
2022,3,2022-03,Australian Grand Prix,RIC,McLaren,Finished,58,58,6,4949.265999,5169.419999,0.044482152
2022,3,2022-03,Australian Grand Prix,OCO,Alpine,Finished,58,58,7,4949.265999,5328.230999,0.07656994
2022,3,2022-03,Australian Grand Prix,BOT,Kick Sauber,Finished,58,58,8,4949.265999,5184.740999,0.047577762
2022,3,2022-03,Australian Grand Prix,GAS,Racing Bulls,Finished,58,58,9,4949.265999,5192.434999,0.049132336
2022,3,2022-03,Australian Grand Prix,ALB,Williams,Finished,58,58,10,4949.265999,5345.929999,0.080146026
2022,3,2022-03,Australian Grand Prix,ZHO,Kick Sauber,Finished,58,58,11,4949.265999,5348.242999,0.080613368
2022,3,2022-03,Australian Grand Prix,STR,Aston Martin,Finished,58,58,12,4949.265999,5199.545999,0.050569115
2022,3,2022-03,Australian Grand Prix,MSC,Haas F1 Team,+1 Lap,57,58,13,4949.265999,5208.361333,0.052350254
2022,3,2022-03,Australian Grand Prix,MAG,Haas F1 Team,+1 Lap,57,58,14,4949.265999,5206.397473,0.051953456
2022,3,2022-03,Australian Grand Prix,TSU,Racing Bulls,+1 Lap,57,58,15,4949.265999,5212.390806,0.05316441
2022,3,2022-03,Australian Grand Prix,LAT,Williams,+1 Lap,57,58,16,4949.265999,5369.610491,0.084930673
2022,3,2022-03,Australian Grand Prix,ALO,Alpine,+1 Lap,57,58,17,4949.265999,5230.077754,0.056738061
2022,3,2022-03,Australian Grand Prix,VER,Red Bull Racing,Fuel leak,38,58,18,4949.265999,,
2022,3,2022-03,Australian Grand Prix,VET,Aston Martin,Accident,22,58,19,4949.265999,,
2022,3,2022-03,Australian Grand Prix,SAI,Ferrari,Spun off,1,58,20,4949.265999,,
2022,4,2022-04,Emilia Romagna Grand Prix,VER,Red Bull Racing,Finished,63,63,1,5478.693387,5527.985999,0.008997147
2022,4,2022-04,Emilia Romagna Grand Prix,PER,Red Bull Racing,Finished,63,63,2,5478.693387,5544.512999,0.012013743
2022,4,2022-04,Emilia Romagna Grand Prix,NOR,McLaren,Finished,63,63,3,5478.693387,5562.819999,0.015355233
2022,4,2022-04,Emilia Romagna Grand Prix,RUS,Mercedes,Finished,63,63,4,5478.693387,5570.491999,0.016755567
2022,4,2022-04,Emilia Romagna Grand Prix,BOT,Kick Sauber,Finished,63,63,5,5478.693387,5571.166999,0.016878771
2022,4,2022-04,Emilia Romagna Grand Prix,LEC,Ferrari,Finished,63,63,6,5478.693387,5584.057999,0.019231704
2022,4,2022-04,Emilia Romagna Grand Prix,TSU,Racing Bulls,Finished,63,63,7,5478.693387,5589.095999,0.020151267
2022,4,2022-04,Emilia Romagna Grand Prix,VET,Aston Martin,Finished,63,63,8,5478.693387,5598.877999,0.021936729
2022,4,2022-04,Emilia Romagna Grand Prix,MAG,Haas F1 Team,Finished,63,63,9,5478.693387,5603.245999,0.022733999
2022,4,2022-04,Emilia Romagna Grand Prix,STR,Aston Martin,+1 Lap,62,63,10,5478.693387,5626.588935,0.026994675
2022,4,2022-04,Emilia Romagna Grand Prix,ALB,Williams,+1 Lap,62,63,11,5478.693387,5478.819387,2.30E-05
2022,4,2022-04,Emilia Romagna Grand Prix,GAS,Racing Bulls,+1 Lap,62,63,12,5478.693387,5478.693387,0
2022,4,2022-04,Emilia Romagna Grand Prix,HAM,Mercedes,+1 Lap,62,63,13,5478.693387,5632.6725,0.028105079
2022,4,2022-04,Emilia Romagna Grand Prix,OCO,Alpine,+1 Lap,62,63,14,5478.693387,5629.701338,0.027562767
2022,4,2022-04,Emilia Romagna Grand Prix,ZHO,Kick Sauber,+1 Lap,62,63,15,5478.693387,5640.902129,0.029607195
2022,4,2022-04,Emilia Romagna Grand Prix,LAT,Williams,+1 Lap,62,63,16,5478.693387,5490.417483,0.002139944
2022,4,2022-04,Emilia Romagna Grand Prix,MSC,Haas F1 Team,+1 Lap,62,63,17,5478.693387,5508.912048,0.005515669
2022,4,2022-04,Emilia Romagna Grand Prix,RIC,McLaren,+1 Lap,62,63,18,5478.693387,5528.156516,0.009028271
2022,4,2022-04,Emilia Romagna Grand Prix,ALO,Alpine,Collision damage,6,63,19,5478.693387,,
2022,5,2022-05,Miami Grand Prix,VER,Red Bull Racing,Finished,57,57,1,5030.588999,5030.588999,0
2022,5,2022-05,Miami Grand Prix,LEC,Ferrari,Finished,57,57,2,5030.588999,5191.996999,0.032085309
2022,5,2022-05,Miami Grand Prix,SAI,Ferrari,Finished,57,57,3,5030.588999,5358.900999,0.065263133
2022,5,2022-05,Miami Grand Prix,PER,Red Bull Racing,Finished,57,57,4,5030.588999,5363.560999,0.066189466
2022,5,2022-05,Miami Grand Prix,RUS,Mercedes,Finished,57,57,5,5030.588999,5377.342999,0.068929106
2022,5,2022-05,Miami Grand Prix,HAM,Mercedes,Finished,57,57,6,5030.588999,5374.391999,0.068342494
2022,5,2022-05,Miami Grand Prix,BOT,Kick Sauber,Finished,57,57,7,5030.588999,5380.572,0.069570979
2022,5,2022-05,Miami Grand Prix,OCO,Alpine,Finished,57,57,8,5030.588999,5540.500999,0.101362286
2022,5,2022-05,Miami Grand Prix,ALB,Williams,Finished,57,57,9,5030.588999,5543.986999,0.102055246
2022,5,2022-05,Miami Grand Prix,STR,Aston Martin,Finished,57,57,10,5030.588999,5548.479999,0.102948382
2022,5,2022-05,Miami Grand Prix,ALO,Alpine,Finished,57,57,11,5030.588999,5540.344999,0.101331276
2022,5,2022-05,Miami Grand Prix,TSU,Racing Bulls,Finished,57,57,12,5030.588999,5210.580999,0.035779508
2022,5,2022-05,Miami Grand Prix,RIC,McLaren,Finished,57,57,13,5030.588999,5547.793999,0.102812017
2022,5,2022-05,Miami Grand Prix,LAT,Williams,Finished,57,57,14,5030.588999,5401.597999,0.073750609
2022,5,2022-05,Miami Grand Prix,MSC,Haas F1 Team,Finished,57,57,15,5030.588999,5585.521999,0.110311735
2022,5,2022-05,Miami Grand Prix,MAG,Haas F1 Team,Front wing,56,57,16,5030.588999,5553.285053,0.10390355
2022,5,2022-05,Miami Grand Prix,VET,Aston Martin,Collision,54,57,17,5030.588999,5582.536722,0.10971831
2022,5,2022-05,Miami Grand Prix,GAS,Racing Bulls,Suspension,45,57,18,5030.588999,5190.865866,0.031860457
2022,5,2022-05,Miami Grand Prix,NOR,McLaren,Collision,39,57,19,5030.588999,,
2022,5,2022-05,Miami Grand Prix,ZHO,Kick Sauber,Water leak,6,57,20,5030.588999,,
2022,6,2022-06,Spanish Grand Prix,VER,Red Bull Racing,Finished,66,66,1,5840.474999,5840.474999,0
2022,6,2022-06,Spanish Grand Prix,PER,Red Bull Racing,Finished,66,66,2,5840.474999,5853.546999,0.002238174
2022,6,2022-06,Spanish Grand Prix,RUS,Mercedes,Finished,66,66,3,5840.474999,5873.401999,0.005637726
2022,6,2022-06,Spanish Grand Prix,SAI,Ferrari,Finished,66,66,4,5840.474999,5885.682999,0.007740466
2022,6,2022-06,Spanish Grand Prix,HAM,Mercedes,Finished,66,66,5,5840.474999,5895.008999,0.009337254
2022,6,2022-06,Spanish Grand Prix,BOT,Kick Sauber,Finished,66,66,6,5840.474999,5900.450999,0.010269028
2022,6,2022-06,Spanish Grand Prix,OCO,Alpine,Finished,66,66,7,5840.474999,5915.871999,0.012909395
2022,6,2022-06,Spanish Grand Prix,NOR,McLaren,Finished,66,66,8,5840.474999,5923.709999,0.014251409
2022,6,2022-06,Spanish Grand Prix,ALO,Alpine,+1 Lap,65,66,9,5840.474999,5937.2808,0.016574988
2022,6,2022-06,Spanish Grand Prix,TSU,Racing Bulls,+1 Lap,65,66,10,5840.474999,5941.13723,0.017235282
2022,6,2022-06,Spanish Grand Prix,VET,Aston Martin,+1 Lap,65,66,11,5840.474999,5957.361046,0.020013106
2022,6,2022-06,Spanish Grand Prix,RIC,McLaren,+1 Lap,65,66,12,5840.474999,5970.615876,0.022282584
2022,6,2022-06,Spanish Grand Prix,GAS,Racing Bulls,+1 Lap,65,66,13,5840.474999,5971.905415,0.022503378
2022,6,2022-06,Spanish Grand Prix,MSC,Haas F1 Team,+1 Lap,65,66,14,5840.474999,5974.439815,0.022937315
2022,6,2022-06,Spanish Grand Prix,STR,Aston Martin,+1 Lap,65,66,15,5840.474999,5993.6184,0.026221052
2022,6,2022-06,Spanish Grand Prix,LAT,Williams,+2 Laps,64,66,16,5840.474999,6027.585093,0.032036794
2022,6,2022-06,Spanish Grand Prix,MAG,Haas F1 Team,+2 Laps,64,66,17,5840.474999,6036.041343,0.033484664
2022,6,2022-06,Spanish Grand Prix,ALB,Williams,+2 Laps,64,66,18,5840.474999,6074.890593,0.040136392
2022,6,2022-06,Spanish Grand Prix,ZHO,Kick Sauber,Power loss,28,66,19,5840.474999,,
2022,6,2022-06,Spanish Grand Prix,LEC,Ferrari,Turbo,27,66,20,5840.474999,,
2022,7,2022-07,Monaco Grand Prix,PER,Red Bull Racing,Finished,64,64,1,5548.676,5548.676,0
2022,7,2022-07,Monaco Grand Prix,SAI,Ferrari,Finished,64,64,2,5548.676,5550.087,0.000254295
2022,7,2022-07,Monaco Grand Prix,VER,Red Bull Racing,Finished,64,64,3,5548.676,5550.263,0.000286014
2022,7,2022-07,Monaco Grand Prix,LEC,Ferrari,Finished,64,64,4,5548.676,5551.568,0.000521205
2022,7,2022-07,Monaco Grand Prix,RUS,Mercedes,Finished,64,64,5,5548.676,5711.467,0.029338711
2022,7,2022-07,Monaco Grand Prix,NOR,McLaren,Finished,64,64,6,5548.676,5707.139,0.028558705
2022,7,2022-07,Monaco Grand Prix,ALO,Alpine,Finished,64,64,7,5548.676,5741.451,0.034742522
2022,7,2022-07,Monaco Grand Prix,HAM,Mercedes,Finished,64,64,8,5548.676,5742.812,0.034987806
2022,7,2022-07,Monaco Grand Prix,BOT,Kick Sauber,Finished,64,64,9,5548.676,5763.853,0.038779882
2022,7,2022-07,Monaco Grand Prix,VET,Aston Martin,Finished,64,64,10,5548.676,5776.032,0.04097482
2022,7,2022-07,Monaco Grand Prix,GAS,Racing Bulls,Finished,64,64,11,5548.676,5620.421,0.012930112
2022,7,2022-07,Monaco Grand Prix,OCO,Alpine,Finished,64,64,12,5548.676,5744.368,0.035268233
2022,7,2022-07,Monaco Grand Prix,RIC,McLaren,Finished,64,64,13,5548.676,5781.051,0.04187936
2022,7,2022-07,Monaco Grand Prix,STR,Aston Martin,Finished,64,64,14,5548.676,5763.954,0.038798084
2022,7,2022-07,Monaco Grand Prix,LAT,Williams,+1 Lap,63,64,15,5548.676,5796.449523,0.044654531
2022,7,2022-07,Monaco Grand Prix,ZHO,Kick Sauber,+1 Lap,63,64,16,5548.676,5802.638222,0.045769878
2022,7,2022-07,Monaco Grand Prix,TSU,Racing Bulls,+1 Lap,63,64,17,5548.676,5825.441523,0.049879561
2022,7,2022-07,Monaco Grand Prix,ALB,Williams,Mechanical,48,64,18,5548.676,6008.505333,0.082871902
2022,7,2022-07,Monaco Grand Prix,MSC,Haas F1 Team,Accident,24,64,19,5548.676,,
2022,7,2022-07,Monaco Grand Prix,MAG,Haas F1 Team,Water pressure,19,64,20,5548.676,,
2022,8,2022-08,Azerbaijan Grand Prix,VER,Red Bull Racing,Finished,51,51,1,5456.85618,5482.090999,0.004624424
2022,8,2022-08,Azerbaijan Grand Prix,PER,Red Bull Racing,Finished,51,51,2,5456.85618,5502.110999,0.008293204
2022,8,2022-08,Azerbaijan Grand Prix,RUS,Mercedes,Finished,51,51,3,5456.85618,5527.349999,0.012918394
2022,8,2022-08,Azerbaijan Grand Prix,HAM,Mercedes,Finished,51,51,4,5456.85618,5553.555999,0.017720793
2022,8,2022-08,Azerbaijan Grand Prix,GAS,Racing Bulls,Finished,51,51,5,5456.85618,5571.538999,0.02101628
2022,8,2022-08,Azerbaijan Grand Prix,VET,Aston Martin,Finished,51,51,6,5456.85618,5578.498999,0.02229174
2022,8,2022-08,Azerbaijan Grand Prix,ALO,Alpine,Finished,51,51,7,5456.85618,5582.200999,0.022970153
2022,8,2022-08,Azerbaijan Grand Prix,RIC,McLaren,Finished,51,51,8,5456.85618,5575.453999,0.021733726
2022,8,2022-08,Azerbaijan Grand Prix,NOR,McLaren,Finished,51,51,9,5456.85618,5738.496999,0.051612285
2022,8,2022-08,Azerbaijan Grand Prix,OCO,Alpine,Finished,51,51,10,5456.85618,5598.323999,0.025924784
2022,8,2022-08,Azerbaijan Grand Prix,BOT,Kick Sauber,+1 Lap,50,51,11,5456.85618,5456.85618,0
2022,8,2022-08,Azerbaijan Grand Prix,ALB,Williams,+1 Lap,50,51,12,5456.85618,5609.30334,0.027936811
2022,8,2022-08,Azerbaijan Grand Prix,TSU,Racing Bulls,+1 Lap,50,51,13,5456.85618,5613.519,0.028709355
2022,8,2022-08,Azerbaijan Grand Prix,MSC,Haas F1 Team,+1 Lap,50,51,14,5456.85618,5651.58438,0.035685053
2022,8,2022-08,Azerbaijan Grand Prix,LAT,Williams,+1 Lap,50,51,15,5456.85618,5708.15052,0.04605112
2022,8,2022-08,Azerbaijan Grand Prix,STR,Aston Martin,Vibrations,46,51,16,5456.85618,5660.910195,0.037394061
2022,8,2022-08,Azerbaijan Grand Prix,MAG,Haas F1 Team,Power Unit,31,51,17,5456.85618,,
2022,8,2022-08,Azerbaijan Grand Prix,ZHO,Kick Sauber,Hydraulics,23,51,18,5456.85618,,
2022,8,2022-08,Azerbaijan Grand Prix,LEC,Ferrari,Power Unit,21,51,19,5456.85618,,
2022,8,2022-08,Azerbaijan Grand Prix,SAI,Ferrari,Hydraulics,8,51,20,5456.85618,,
2022,9,2022-09,Canadian Grand Prix,VER,Red Bull Racing,Finished,70,70,1,5781.756999,5781.756999,0
2022,9,2022-09,Canadian Grand Prix,SAI,Ferrari,Finished,70,70,2,5781.756999,5782.749999,0.000171747
2022,9,2022-09,Canadian Grand Prix,HAM,Mercedes,Finished,70,70,3,5781.756999,5788.762999,0.001211742
2022,9,2022-09,Canadian Grand Prix,RUS,Mercedes,Finished,70,70,4,5781.756999,5794.069999,0.002129629
2022,9,2022-09,Canadian Grand Prix,LEC,Ferrari,Finished,70,70,5,5781.756999,5796.924999,0.002623424
2022,9,2022-09,Canadian Grand Prix,OCO,Alpine,Finished,70,70,6,5781.756999,5805.646999,0.004131962
2022,9,2022-09,Canadian Grand Prix,BOT,Kick Sauber,Finished,70,70,7,5781.756999,5807.004,0.004366666
2022,9,2022-09,Canadian Grand Prix,ZHO,Kick Sauber,Finished,70,70,8,5781.756999,5808.708999,0.004661559
2022,9,2022-09,Canadian Grand Prix,ALO,Alpine,Finished,70,70,9,5781.756999,5806.701999,0.004314432
2022,9,2022-09,Canadian Grand Prix,STR,Aston Martin,Finished,70,70,10,5781.756999,5819.978999,0.006610793
2022,9,2022-09,Canadian Grand Prix,RIC,McLaren,Finished,70,70,11,5781.756999,5824.803999,0.007445315
2022,9,2022-09,Canadian Grand Prix,VET,Aston Martin,Finished,70,70,12,5781.756999,5826.002,0.007652518
2022,9,2022-09,Canadian Grand Prix,ALB,Williams,Finished,70,70,13,5781.756999,5826.649999,0.007764595
2022,9,2022-09,Canadian Grand Prix,GAS,Racing Bulls,Finished,70,70,14,5781.756999,5826.94,0.007814753
2022,9,2022-09,Canadian Grand Prix,NOR,McLaren,Finished,70,70,15,5781.756999,5828.901999,0.008154096
2022,9,2022-09,Canadian Grand Prix,LAT,Williams,Finished,70,70,16,5781.756999,5841.734999,0.010373663
2022,9,2022-09,Canadian Grand Prix,MAG,Haas F1 Team,Finished,70,70,17,5781.756999,5849.936999,0.011792263
2022,9,2022-09,Canadian Grand Prix,TSU,Racing Bulls,Accident,47,70,18,5781.756999,,
2022,9,2022-09,Canadian Grand Prix,MSC,Haas F1 Team,Engine,18,70,19,5781.756999,,
2022,9,2022-09,Canadian Grand Prix,PER,Red Bull Racing,Gearbox,7,70,20,5781.756999,,
2022,10,2022-10,British Grand Prix,SAI,Ferrari,Finished,52,52,1,4433.171999,4433.171999,0
2022,10,2022-10,British Grand Prix,PER,Red Bull Racing,Finished,52,52,2,4433.171999,4768.166999,0.075565532
2022,10,2022-10,British Grand Prix,HAM,Mercedes,Finished,52,52,3,4433.171999,4583.621999,0.033937325
2022,10,2022-10,British Grand Prix,LEC,Ferrari,Finished,52,52,4,4433.171999,4593.664999,0.036202746
2022,10,2022-10,British Grand Prix,ALO,Alpine,Finished,52,52,5,4433.171999,4918.904999,0.109567822
2022,10,2022-10,British Grand Prix,NOR,McLaren,Finished,52,52,6,4433.171999,4773.857999,0.076849263
2022,10,2022-10,British Grand Prix,VER,Red Bull Racing,Finished,52,52,7,4433.171999,4789.603999,0.080401121
2022,10,2022-10,British Grand Prix,MSC,Haas F1 Team,Finished,52,52,8,4433.171999,4939.113999,0.114126409
2022,10,2022-10,British Grand Prix,VET,Aston Martin,Finished,52,52,9,4433.171999,4937.836999,0.113838353
2022,10,2022-10,British Grand Prix,MAG,Haas F1 Team,Finished,52,52,10,4433.171999,4942.621999,0.114917716
2022,10,2022-10,British Grand Prix,STR,Aston Martin,Finished,52,52,11,4433.171999,5093.356999,0.148919329
2022,10,2022-10,British Grand Prix,LAT,Williams,Finished,52,52,12,4433.171999,5104.575999,0.151450023
2022,10,2022-10,British Grand Prix,RIC,McLaren,Finished,52,52,13,4433.171999,4946.073999,0.115696391
2022,10,2022-10,British Grand Prix,TSU,Racing Bulls,Finished,52,52,14,4433.171999,5162.811999,0.164586441
2022,10,2022-10,British Grand Prix,OCO,Alpine,Fuel pump,37,52,15,4433.171999,,
2022,10,2022-10,British Grand Prix,GAS,Racing Bulls,Collision damage,26,52,16,4433.171999,,
2022,10,2022-10,British Grand Prix,BOT,Kick Sauber,Gearbox,20,52,17,4433.171999,,
2022,11,2022-11,Austrian Grand Prix,LEC,Ferrari,Finished,71,71,1,5052.392964,5064.311999,0.002359087
2022,11,2022-11,Austrian Grand Prix,VER,Red Bull Racing,Finished,71,71,2,5052.392964,5065.843999,0.00266231
2022,11,2022-11,Austrian Grand Prix,HAM,Mercedes,Finished,71,71,3,5052.392964,5105.528999,0.010517004
2022,11,2022-11,Austrian Grand Prix,RUS,Mercedes,Finished,71,71,4,5052.392964,5123.283999,0.01403118
2022,11,2022-11,Austrian Grand Prix,OCO,Alpine,Finished,71,71,5,5052.392964,5132.747999,0.015904352
2022,11,2022-11,Austrian Grand Prix,MSC,Haas F1 Team,+1 Lap,70,71,6,5052.392964,5142.035028,0.017742496
2022,11,2022-11,Austrian Grand Prix,NOR,McLaren,+1 Lap,70,71,7,5052.392964,5144.983557,0.018326087
2022,11,2022-11,Austrian Grand Prix,MAG,Haas F1 Team,+1 Lap,70,71,8,5052.392964,5148.441257,0.019010456
2022,11,2022-11,Austrian Grand Prix,RIC,McLaren,+1 Lap,70,71,9,5052.392964,5153.2368,0.019959618
2022,11,2022-11,Austrian Grand Prix,ALO,Alpine,+1 Lap,70,71,10,5052.392964,5155.347528,0.020377386
2022,11,2022-11,Austrian Grand Prix,BOT,Kick Sauber,+1 Lap,70,71,11,5052.392964,5156.919671,0.020688554
2022,11,2022-11,Austrian Grand Prix,ALB,Williams,+1 Lap,70,71,12,5052.392964,5161.587414,0.021612422
2022,11,2022-11,Austrian Grand Prix,STR,Aston Martin,+1 Lap,70,71,13,5052.392964,5166.557414,0.022596115
2022,11,2022-11,Austrian Grand Prix,ZHO,Kick Sauber,+1 Lap,70,71,14,5052.392964,5168.304014,0.022941812
2022,11,2022-11,Austrian Grand Prix,GAS,Racing Bulls,+1 Lap,70,71,15,5052.392964,5170.542542,0.023384875
2022,11,2022-11,Austrian Grand Prix,TSU,Racing Bulls,+1 Lap,70,71,16,5052.392964,5177.372742,0.024736749
2022,11,2022-11,Austrian Grand Prix,VET,Aston Martin,+1 Lap,70,71,17,5052.392964,5174.017485,0.024072657
2022,11,2022-11,Austrian Grand Prix,SAI,Ferrari,Power Unit,56,71,18,5052.392964,5052.392964,0
2022,11,2022-11,Austrian Grand Prix,LAT,Williams,Undertray,48,71,19,5052.392964,,
2022,11,2022-11,Austrian Grand Prix,PER,Red Bull Racing,Collision damage,24,71,20,5052.392964,,
2022,12,2022-12,French Grand Prix,VER,Red Bull Racing,Finished,53,53,1,5093.234999,5093.234999,0
2022,12,2022-12,French Grand Prix,HAM,Mercedes,Finished,53,53,2,5093.234999,5247.879999,0.030362824
2022,12,2022-12,French Grand Prix,RUS,Mercedes,Finished,53,53,3,5093.234999,5256.116999,0.031980068
2022,12,2022-12,French Grand Prix,PER,Red Bull Racing,Finished,53,53,4,5093.234999,5258.577999,0.032463258
2022,12,2022-12,French Grand Prix,SAI,Ferrari,Finished,53,53,5,5093.234999,5430.983999,0.066313257
2022,12,2022-12,French Grand Prix,ALO,Alpine,Finished,53,53,6,5093.234999,5291.264999,0.038880986
2022,12,2022-12,French Grand Prix,NOR,McLaren,Finished,53,53,7,5093.234999,5454.137999,0.070859287
2022,12,2022-12,French Grand Prix,OCO,Alpine,Finished,53,53,8,5093.234999,5459.070999,0.071827827
2022,12,2022-12,French Grand Prix,RIC,McLaren,Finished,53,53,9,5093.234999,5462.483999,0.072497931
2022,12,2022-12,French Grand Prix,STR,Aston Martin,Finished,53,53,10,5093.234999,5464.660999,0.072925361
2022,12,2022-12,French Grand Prix,VET,Aston Martin,Finished,53,53,11,5093.234999,5305.721999,0.041719457
2022,12,2022-12,French Grand Prix,GAS,Racing Bulls,Finished,53,53,12,5093.234999,5467.559999,0.073494547
2022,12,2022-12,French Grand Prix,ALB,Williams,Finished,53,53,13,5093.234999,5470.676999,0.074106535
2022,12,2022-12,French Grand Prix,BOT,Kick Sauber,Finished,53,53,14,5093.234999,5478.777999,0.075697077
2022,12,2022-12,French Grand Prix,MSC,Haas F1 Team,Finished,53,53,15,5093.234999,5482.505999,0.076429028
2022,12,2022-12,French Grand Prix,ZHO,Kick Sauber,+6 Laps,47,53,16,5093.234999,5538.009468,0.087326516
2022,12,2022-12,French Grand Prix,LAT,Williams,Collision damage,40,53,17,5093.234999,5354.0494,0.051208005
2022,12,2022-12,French Grand Prix,MAG,Haas F1 Team,Collision damage,37,53,18,5093.234999,,
2022,12,2022-12,French Grand Prix,LEC,Ferrari,Accident,17,53,19,5093.234999,,
2022,12,2022-12,French Grand Prix,TSU,Racing Bulls,Undertray,17,53,20,5093.234999,,
2022,13,2022-13,Hungarian Grand Prix,VER,Red Bull Racing,Finished,70,70,1,5975.911999,5975.911999,0
2022,13,2022-13,Hungarian Grand Prix,HAM,Mercedes,Finished,70,70,2,5975.911999,5983.745999,0.00131093
2022,13,2022-13,Hungarian Grand Prix,RUS,Mercedes,Finished,70,70,3,5975.911999,5988.248999,0.002064455
2022,13,2022-13,Hungarian Grand Prix,SAI,Ferrari,Finished,70,70,4,5975.911999,5990.490999,0.002439628
2022,13,2022-13,Hungarian Grand Prix,PER,Red Bull Racing,Finished,70,70,5,5975.911999,5991.599999,0.002625206
2022,13,2022-13,Hungarian Grand Prix,LEC,Ferrari,Finished,70,70,6,5975.911999,5991.958999,0.002685281
2022,13,2022-13,Hungarian Grand Prix,NOR,McLaren,Finished,70,70,7,5975.911999,6054.211999,0.013102603
2022,13,2022-13,Hungarian Grand Prix,ALO,Alpine,+1 Lap,69,70,8,5975.911999,6070.852463,0.015887192
2022,13,2022-13,Hungarian Grand Prix,OCO,Alpine,+1 Lap,69,70,9,5975.911999,6073.768115,0.016375093
2022,13,2022-13,Hungarian Grand Prix,VET,Aston Martin,+1 Lap,69,70,10,5975.911999,6073.913188,0.01639937
2022,13,2022-13,Hungarian Grand Prix,STR,Aston Martin,+1 Lap,69,70,11,5975.911999,6081.634492,0.017691441
2022,13,2022-13,Hungarian Grand Prix,GAS,Racing Bulls,+1 Lap,69,70,12,5975.911999,6094.770144,0.019889541
2022,13,2022-13,Hungarian Grand Prix,ZHO,Kick Sauber,+1 Lap,69,70,13,5975.911999,6100.273768,0.020810509
2022,13,2022-13,Hungarian Grand Prix,MSC,Haas F1 Team,+1 Lap,69,70,14,5975.911999,6100.564927,0.020859231
2022,13,2022-13,Hungarian Grand Prix,RIC,McLaren,+1 Lap,69,70,15,5975.911999,6099.484492,0.020678433
2022,13,2022-13,Hungarian Grand Prix,MAG,Haas F1 Team,+1 Lap,69,70,16,5975.911999,6129.500289,0.02570123
2022,13,2022-13,Hungarian Grand Prix,ALB,Williams,+1 Lap,69,70,17,5975.911999,6130.362608,0.025845529
2022,13,2022-13,Hungarian Grand Prix,LAT,Williams,+1 Lap,69,70,18,5975.911999,6142.661304,0.027903574
2022,13,2022-13,Hungarian Grand Prix,TSU,Racing Bulls,+2 Laps,68,70,19,5975.911999,6206.056911,0.038512099
2022,13,2022-13,Hungarian Grand Prix,BOT,Kick Sauber,Power Unit,65,70,20,5975.911999,6053.649538,0.013008481
2022,14,2022-14,Belgian Grand Prix,VER,Red Bull Racing,Finished,44,44,1,4744.920999,4792.388999,0.01000396
2022,14,2022-14,Belgian Grand Prix,PER,Red Bull Racing,Finished,44,44,2,4744.920999,4798.313999,0.011252664
2022,14,2022-14,Belgian Grand Prix,SAI,Ferrari,Finished,44,44,3,4744.920999,4804.420999,0.012539724
2022,14,2022-14,Belgian Grand Prix,RUS,Mercedes,Finished,44,44,4,4744.920999,4812.982999,0.01434418
2022,14,2022-14,Belgian Grand Prix,ALO,Alpine,Finished,44,44,5,4744.920999,4860.134999,0.024281542
2022,14,2022-14,Belgian Grand Prix,LEC,Ferrari,Finished,44,44,6,4744.920999,4859.325999,0.024111044
2022,14,2022-14,Belgian Grand Prix,OCO,Alpine,Finished,44,44,7,4744.920999,4871.473999,0.026671255
2022,14,2022-14,Belgian Grand Prix,VET,Aston Martin,Finished,44,44,8,4744.920999,4867.667999,0.025869135
2022,14,2022-14,Belgian Grand Prix,GAS,Racing Bulls,Finished,44,44,9,4744.920999,4744.920999,0
2022,14,2022-14,Belgian Grand Prix,ALB,Williams,Finished,44,44,10,4744.920999,4893.266999,0.031264166
2022,14,2022-14,Belgian Grand Prix,STR,Aston Martin,Finished,44,44,11,4744.920999,4898.146999,0.032292635
2022,14,2022-14,Belgian Grand Prix,NOR,McLaren,Finished,44,44,12,4744.920999,4902.528999,0.033216148
2022,14,2022-14,Belgian Grand Prix,TSU,Racing Bulls,Finished,44,44,13,4744.920999,4907.842999,0.034336083
2022,14,2022-14,Belgian Grand Prix,ZHO,Kick Sauber,Finished,44,44,14,4744.920999,4905.431999,0.03382796
2022,14,2022-14,Belgian Grand Prix,RIC,McLaren,Finished,44,44,15,4744.920999,4897.97,0.032255332
2022,14,2022-14,Belgian Grand Prix,MAG,Haas F1 Team,+1 Lap,43,44,16,4744.920999,4907.26679,0.034214646
2022,14,2022-14,Belgian Grand Prix,MSC,Haas F1 Team,+1 Lap,43,44,17,4744.920999,4915.161209,0.035878408
2022,14,2022-14,Belgian Grand Prix,LAT,Williams,+1 Lap,43,44,18,4744.920999,4768.522511,0.004974058
2022,14,2022-14,Belgian Grand Prix,BOT,Kick Sauber,Accident,1,44,19,4744.920999,,
2022,15,2022-15,Dutch Grand Prix,VER,Red Bull Racing,Finished,72,72,1,5648.163999,5648.163999,0
2022,15,2022-15,Dutch Grand Prix,RUS,Mercedes,Finished,72,72,2,5648.163999,5806.843999,0.028094085
2022,15,2022-15,Dutch Grand Prix,LEC,Ferrari,Finished,72,72,3,5648.163999,5813.701999,0.029308285
2022,15,2022-15,Dutch Grand Prix,HAM,Mercedes,Finished,72,72,4,5648.163999,5815.788999,0.029677786
2022,15,2022-15,Dutch Grand Prix,PER,Red Bull Racing,Finished,72,72,5,5648.163999,5820.940999,0.03058994
2022,15,2022-15,Dutch Grand Prix,ALO,Alpine,Finished,72,72,6,5648.163999,5821.526999,0.030693691
2022,15,2022-15,Dutch Grand Prix,NOR,McLaren,Finished,72,72,7,5648.163999,5822.078999,0.030791422
2022,15,2022-15,Dutch Grand Prix,SAI,Ferrari,Finished,72,72,8,5648.163999,5818.689,0.030191227
2022,15,2022-15,Dutch Grand Prix,OCO,Alpine,Finished,72,72,9,5648.163999,5823.889999,0.031112057
2022,15,2022-15,Dutch Grand Prix,STR,Aston Martin,Finished,72,72,10,5648.163999,5825.232,0.031349656
2022,15,2022-15,Dutch Grand Prix,GAS,Racing Bulls,Finished,72,72,11,5648.163999,5829.781999,0.032155228
2022,15,2022-15,Dutch Grand Prix,ALB,Williams,Finished,72,72,12,5648.163999,5833.162999,0.032753829
2022,15,2022-15,Dutch Grand Prix,MSC,Haas F1 Team,Finished,72,72,13,5648.163999,5835.767999,0.033215041
2022,15,2022-15,Dutch Grand Prix,VET,Aston Martin,Finished,72,72,14,5648.163999,5833.779999,0.032863068
2022,15,2022-15,Dutch Grand Prix,MAG,Haas F1 Team,Finished,72,72,15,5648.163999,5839.641999,0.033900928
2022,15,2022-15,Dutch Grand Prix,ZHO,Kick Sauber,Finished,72,72,16,5648.163999,5840.092999,0.033980777
2022,15,2022-15,Dutch Grand Prix,RIC,McLaren,Finished,72,72,17,5648.163999,5840.536999,0.034059386
2022,15,2022-15,Dutch Grand Prix,LAT,Williams,+1 Lap,71,72,18,5648.163999,5769.229183,0.021434431
2022,15,2022-15,Dutch Grand Prix,BOT,Kick Sauber,Engine,53,72,19,5648.163999,,
2022,15,2022-15,Dutch Grand Prix,TSU,Racing Bulls,Differential,42,72,20,5648.163999,,
2022,16,2022-16,Italian Grand Prix,VER,Red Bull Racing,Finished,53,53,1,4676.810999,4827.510999,0.032222812
2022,16,2022-16,Italian Grand Prix,LEC,Ferrari,Finished,53,53,2,4676.810999,4829.956999,0.032745818
2022,16,2022-16,Italian Grand Prix,RUS,Mercedes,Finished,53,53,3,4676.810999,4676.810999,0
2022,16,2022-16,Italian Grand Prix,SAI,Ferrari,Finished,53,53,4,4676.810999,4832.571999,0.033304959
2022,16,2022-16,Italian Grand Prix,HAM,Mercedes,Finished,53,53,5,4676.810999,4832.890999,0.033373168
2022,16,2022-16,Italian Grand Prix,PER,Red Bull Racing,Finished,53,53,6,4676.810999,4833.601999,0.033525195
2022,16,2022-16,Italian Grand Prix,NOR,McLaren,Finished,53,53,7,4676.810999,4833.717999,0.033549998
2022,16,2022-16,Italian Grand Prix,GAS,Racing Bulls,Finished,53,53,8,4676.810999,4833.906999,0.03359041
2022,16,2022-16,Italian Grand Prix,DEV,Williams,Finished,53,53,9,4676.810999,4834.632999,0.033745644
2022,16,2022-16,Italian Grand Prix,ZHO,Kick Sauber,Finished,53,53,10,4676.810999,4835.420999,0.033914135
2022,16,2022-16,Italian Grand Prix,OCO,Alpine,Finished,53,53,11,4676.810999,4835.833999,0.034002443
2022,16,2022-16,Italian Grand Prix,MSC,Haas F1 Team,Finished,53,53,12,4676.810999,4836.059999,0.034050767
2022,16,2022-16,Italian Grand Prix,BOT,Kick Sauber,+1 Lap,52,53,13,4676.810999,4920.772769,0.052164129
2022,16,2022-16,Italian Grand Prix,TSU,Racing Bulls,+1 Lap,52,53,14,4676.810999,4921.733903,0.052369639
2022,16,2022-16,Italian Grand Prix,LAT,Williams,+1 Lap,52,53,15,4676.810999,4923.193442,0.052681719
2022,16,2022-16,Italian Grand Prix,MAG,Haas F1 Team,+1 Lap,52,53,16,4676.810999,4925.083096,0.053085767
2022,16,2022-16,Italian Grand Prix,RIC,McLaren,Oil leak,45,53,17,4676.810999,4689.892266,0.002797048
2022,16,2022-16,Italian Grand Prix,STR,Aston Martin,Engine,39,53,18,4676.810999,,
2022,16,2022-16,Italian Grand Prix,ALO,Alpine,Water pressure,31,53,19,4676.810999,,
2022,16,2022-16,Italian Grand Prix,VET,Aston Martin,Engine,10,53,20,4676.810999,,
2022,17,2022-17,Singapore Grand Prix,PER,Red Bull Racing,Finished,59,59,1,5976.450999,5976.450999,0
2022,17,2022-17,Singapore Grand Prix,LEC,Ferrari,Finished,59,59,2,5976.450999,6153.825999,0.029678985
2022,17,2022-17,Singapore Grand Prix,SAI,Ferrari,Finished,59,59,3,5976.450999,6024.745999,0.008080883
2022,17,2022-17,Singapore Grand Prix,NOR,McLaren,Finished,59,59,4,5976.450999,6349.254999,0.062378827
2022,17,2022-17,Singapore Grand Prix,RIC,McLaren,Finished,59,59,5,5976.450999,6431.585999,0.076154728
2022,17,2022-17,Singapore Grand Prix,STR,Aston Martin,Finished,59,59,6,5976.450999,6432.635999,0.076330418
2022,17,2022-17,Singapore Grand Prix,VER,Red Bull Racing,Finished,59,59,7,5976.450999,6261.607999,0.047713434
2022,17,2022-17,Singapore Grand Prix,VET,Aston Martin,Finished,59,59,8,5976.450999,6297.209999,0.053670481
2022,17,2022-17,Singapore Grand Prix,HAM,Mercedes,Finished,59,59,9,5976.450999,6112.088999,0.022695409
2022,17,2022-17,Singapore Grand Prix,GAS,Racing Bulls,Finished,59,59,10,5976.450999,6303.243999,0.05468011
2022,17,2022-17,Singapore Grand Prix,BOT,Kick Sauber,Finished,59,59,11,5976.450999,6654.082999,0.113383679
2022,17,2022-17,Singapore Grand Prix,MAG,Haas F1 Team,Finished,59,59,12,5976.450999,6628.968999,0.109181519
2022,17,2022-17,Singapore Grand Prix,MSC,Haas F1 Team,+1 Lap,58,59,13,5976.450999,6254.39062,0.046505798
2022,17,2022-17,Singapore Grand Prix,RUS,Mercedes,+2 Laps,57,59,14,5976.450999,6717.884912,0.124059231
2022,17,2022-17,Singapore Grand Prix,TSU,Racing Bulls,Accident,33,59,15,5976.450999,,
2022,17,2022-17,Singapore Grand Prix,OCO,Alpine,Engine,26,59,16,5976.450999,,
2022,17,2022-17,Singapore Grand Prix,ALB,Williams,Collision damage,24,59,17,5976.450999,,
2022,17,2022-17,Singapore Grand Prix,ALO,Alpine,Engine,20,59,18,5976.450999,,
2022,17,2022-17,Singapore Grand Prix,LAT,Williams,Collision damage,6,59,19,5976.450999,,
2022,17,2022-17,Singapore Grand Prix,ZHO,Kick Sauber,Collision,6,59,20,5976.450999,,
2022,18,2022-18,Japanese Grand Prix,VER,Red Bull Racing,Finished,28,29,1,2711.27525,2711.27525,0
2022,18,2022-18,Japanese Grand Prix,PER,Red Bull Racing,Finished,28,29,2,2711.27525,2742.692607,0.011587668
2022,18,2022-18,Japanese Grand Prix,LEC,Ferrari,Finished,28,29,3,2711.27525,2740.9495,0.010944757
2022,18,2022-18,Japanese Grand Prix,OCO,Alpine,Finished,28,29,4,2711.27525,2760.609428,0.018195931
2022,18,2022-18,Japanese Grand Prix,HAM,Mercedes,Finished,28,29,5,2711.27525,2764.778178,0.019733492
2022,18,2022-18,Japanese Grand Prix,VET,Aston Martin,Finished,28,29,6,2711.27525,2785.064714,0.027215778
2022,18,2022-18,Japanese Grand Prix,ALO,Alpine,Finished,28,29,7,2711.27525,2773.354928,0.022896856
2022,18,2022-18,Japanese Grand Prix,RUS,Mercedes,Finished,28,29,8,2711.27525,2777.442892,0.02440462
2022,18,2022-18,Japanese Grand Prix,LAT,Williams,Finished,28,29,9,2711.27525,2806.5475,0.035139276
2022,18,2022-18,Japanese Grand Prix,NOR,McLaren,Finished,28,29,10,2711.27525,2808.923428,0.03601559
2022,18,2022-18,Japanese Grand Prix,RIC,McLaren,Finished,28,29,11,2711.27525,2805.403035,0.034717163
2022,18,2022-18,Japanese Grand Prix,STR,Aston Martin,Finished,28,29,12,2711.27525,2810.345464,0.03654008
2022,18,2022-18,Japanese Grand Prix,TSU,Racing Bulls,Finished,28,29,13,2711.27525,2810.264678,0.036510283
2022,18,2022-18,Japanese Grand Prix,MAG,Haas F1 Team,Finished,28,29,14,2711.27525,2823.875,0.04153018
2022,18,2022-18,Japanese Grand Prix,BOT,Kick Sauber,Finished,28,29,15,2711.27525,2824.807142,0.041873982
2022,18,2022-18,Japanese Grand Prix,ZHO,Kick Sauber,Finished,28,29,16,2711.27525,2834.478642,0.045441123
2022,18,2022-18,Japanese Grand Prix,MSC,Haas F1 Team,Finished,28,29,17,2711.27525,2828.450785,0.043217868
2022,18,2022-18,Japanese Grand Prix,GAS,Racing Bulls,Finished,28,29,18,2711.27525,2837.892357,0.046700204
2022,19,2022-19,United States Grand Prix,VER,Red Bull Racing,Finished,56,56,1,5147.868999,5147.868999,0
2022,19,2022-19,United States Grand Prix,HAM,Mercedes,Finished,56,56,2,5147.868999,5157.852999,0.001939443
2022,19,2022-19,United States Grand Prix,LEC,Ferrari,Finished,56,56,3,5147.868999,5154.516999,0.001291408
2022,19,2022-19,United States Grand Prix,PER,Red Bull Racing,Finished,56,56,4,5147.868999,5170.886,0.004471171
2022,19,2022-19,United States Grand Prix,RUS,Mercedes,Finished,56,56,5,5147.868999,5216.375999,0.013307837
2022,19,2022-19,United States Grand Prix,NOR,McLaren,Finished,56,56,6,5147.868999,5690.203999,0.10535136
2022,19,2022-19,United States Grand Prix,ALO,Alpine,Finished,56,56,7,5147.868999,5527.711,0.07378626
2022,19,2022-19,United States Grand Prix,VET,Aston Martin,Finished,56,56,8,5147.868999,5221.414999,0.014286688
2022,19,2022-19,United States Grand Prix,MAG,Haas F1 Team,Finished,56,56,9,5147.868999,5693.161999,0.105925967
2022,19,2022-19,United States Grand Prix,TSU,Racing Bulls,Finished,56,56,10,5147.868999,5708.249999,0.108856888
2022,19,2022-19,United States Grand Prix,OCO,Alpine,Finished,56,56,11,5147.868999,5705.238999,0.108271986
2022,19,2022-19,United States Grand Prix,ZHO,Kick Sauber,Finished,56,56,12,5147.868999,5854.180999,0.137204735
2022,19,2022-19,United States Grand Prix,ALB,Williams,Finished,56,56,13,5147.868999,5705.208999,0.108266158
2022,19,2022-19,United States Grand Prix,GAS,Racing Bulls,Finished,56,56,14,5147.868999,5406.646,0.050268762
2022,19,2022-19,United States Grand Prix,MSC,Haas F1 Team,Finished,56,56,15,5147.868999,5710.509,0.109295711
2022,19,2022-19,United States Grand Prix,RIC,McLaren,Finished,56,56,16,5147.868999,5879.724999,0.142166788
2022,19,2022-19,United States Grand Prix,LAT,Williams,Finished,56,56,17,5147.868999,5730.561999,0.113191109
2022,19,2022-19,United States Grand Prix,STR,Aston Martin,Collision,19,56,18,5147.868999,,
2022,19,2022-19,United States Grand Prix,BOT,Kick Sauber,Spun off,16,56,19,5147.868999,,
2022,19,2022-19,United States Grand Prix,SAI,Ferrari,Collision damage,1,56,20,5147.868999,,
2022,20,2022-20,Mexico City Grand Prix,VER,Red Bull Racing,Finished,71,71,1,5916.728999,5916.728999,0
2022,20,2022-20,Mexico City Grand Prix,HAM,Mercedes,Finished,71,71,2,5916.728999,5931.914999,0.002566621
2022,20,2022-20,Mexico City Grand Prix,PER,Red Bull Racing,Finished,71,71,3,5916.728999,5934.825999,0.003058616
2022,20,2022-20,Mexico City Grand Prix,RUS,Mercedes,Finished,71,71,4,5916.728999,5966.159999,0.008354447
2022,20,2022-20,Mexico City Grand Prix,SAI,Ferrari,Finished,71,71,5,5916.728999,5974.851999,0.009823502
2022,20,2022-20,Mexico City Grand Prix,LEC,Ferrari,Finished,71,71,6,5916.728999,5985.502999,0.011623652
2022,20,2022-20,Mexico City Grand Prix,RIC,McLaren,+1 Lap,70,71,7,5916.728999,6024.112657,0.018149159
2022,20,2022-20,Mexico City Grand Prix,OCO,Alpine,+1 Lap,70,71,8,5916.728999,6036.478828,0.020239194
2022,20,2022-20,Mexico City Grand Prix,NOR,McLaren,+1 Lap,70,71,9,5916.728999,6040.804757,0.02097033
2022,20,2022-20,Mexico City Grand Prix,BOT,Kick Sauber,+1 Lap,70,71,10,5916.728999,6044.238114,0.021550609
2022,20,2022-20,Mexico City Grand Prix,GAS,Racing Bulls,+1 Lap,70,71,11,5916.728999,6044.872042,0.021657751
2022,20,2022-20,Mexico City Grand Prix,ALB,Williams,+1 Lap,70,71,12,5916.728999,6046.798171,0.02198329
2022,20,2022-20,Mexico City Grand Prix,ZHO,Kick Sauber,+1 Lap,70,71,13,5916.728999,6058.086157,0.023891099
2022,20,2022-20,Mexico City Grand Prix,VET,Aston Martin,+1 Lap,70,71,14,5916.728999,6061.601671,0.024485264
2022,20,2022-20,Mexico City Grand Prix,STR,Aston Martin,+1 Lap,70,71,15,5916.728999,6072.206028,0.026277531
2022,20,2022-20,Mexico City Grand Prix,MSC,Haas F1 Team,+1 Lap,70,71,16,5916.728999,6081.264614,0.027808543
2022,20,2022-20,Mexico City Grand Prix,MAG,Haas F1 Team,+1 Lap,70,71,17,5916.728999,6082.8185,0.028071169
2022,20,2022-20,Mexico City Grand Prix,LAT,Williams,+2 Laps,69,71,18,5916.728999,6144.743362,0.038537233
2022,20,2022-20,Mexico City Grand Prix,ALO,Alpine,Engine,63,71,19,5916.728999,6029.437206,0.019049074
2022,20,2022-20,Mexico City Grand Prix,TSU,Racing Bulls,Collision damage,50,71,20,5916.728999,,
2022,21,2022-21,São Paulo Grand Prix,RUS,Mercedes,Finished,71,71,1,5914.043999,5914.043999,0
2022,21,2022-21,São Paulo Grand Prix,HAM,Mercedes,Finished,71,71,2,5914.043999,5915.572999,0.000258537
2022,21,2022-21,São Paulo Grand Prix,SAI,Ferrari,Finished,71,71,3,5914.043999,5918.094999,0.00068498
2022,21,2022-21,São Paulo Grand Prix,LEC,Ferrari,Finished,71,71,4,5914.043999,5922.484999,0.001427281
2022,21,2022-21,São Paulo Grand Prix,ALO,Alpine,Finished,71,71,5,5914.043999,5923.604999,0.00161666
2022,21,2022-21,São Paulo Grand Prix,VER,Red Bull Racing,Finished,71,71,6,5914.043999,5924.099999,0.001700359
2022,21,2022-21,São Paulo Grand Prix,PER,Red Bull Racing,Finished,71,71,7,5914.043999,5928.123999,0.002380774
2022,21,2022-21,São Paulo Grand Prix,OCO,Alpine,Finished,71,71,8,5914.043999,5932.733999,0.003160274
2022,21,2022-21,São Paulo Grand Prix,BOT,Kick Sauber,Finished,71,71,9,5914.043999,5936.595999,0.003813296
2022,21,2022-21,São Paulo Grand Prix,STR,Aston Martin,Finished,71,71,10,5914.043999,5937.595999,0.003982385
2022,21,2022-21,São Paulo Grand Prix,VET,Aston Martin,Finished,71,71,11,5914.043999,5940.226999,0.004427258
2022,21,2022-21,São Paulo Grand Prix,ZHO,Kick Sauber,Finished,71,71,12,5914.043999,5943.368999,0.004958536
2022,21,2022-21,São Paulo Grand Prix,MSC,Haas F1 Team,Finished,71,71,13,5914.043999,5943.942999,0.005055593
2022,21,2022-21,São Paulo Grand Prix,GAS,Racing Bulls,Finished,71,71,14,5914.043999,5940.910999,0.004542915
2022,21,2022-21,São Paulo Grand Prix,ALB,Williams,Finished,71,71,15,5914.043999,5950.059999,0.006089911
2022,21,2022-21,São Paulo Grand Prix,LAT,Williams,Finished,71,71,16,5914.043999,5951.081999,0.00626272
2022,21,2022-21,São Paulo Grand Prix,TSU,Racing Bulls,+1 Lap,70,71,17,5914.043999,6031.292785,0.019825484
2022,21,2022-21,São Paulo Grand Prix,NOR,McLaren,Gearbox,50,71,18,5914.043999,,
2022,22,2022-22,Abu Dhabi Grand Prix,VER,Red Bull Racing,Finished,58,58,1,5265.913999,5265.913999,0
2022,22,2022-22,Abu Dhabi Grand Prix,LEC,Ferrari,Finished,58,58,2,5265.913999,5274.684999,0.001665618
2022,22,2022-22,Abu Dhabi Grand Prix,PER,Red Bull Racing,Finished,58,58,3,5265.913999,5276.006999,0.001916666
2022,22,2022-22,Abu Dhabi Grand Prix,SAI,Ferrari,Finished,58,58,4,5265.913999,5290.805999,0.004727005
2022,22,2022-22,Abu Dhabi Grand Prix,RUS,Mercedes,Finished,58,58,5,5265.913999,5301.801999,0.006815151
2022,22,2022-22,Abu Dhabi Grand Prix,NOR,McLaren,Finished,58,58,6,5265.913999,5322.147999,0.010678868
2022,22,2022-22,Abu Dhabi Grand Prix,OCO,Alpine,Finished,58,58,7,5265.913999,5323.153999,0.010869908
2022,22,2022-22,Abu Dhabi Grand Prix,STR,Aston Martin,Finished,58,58,8,5265.913999,5342.844999,0.01460924
2022,22,2022-22,Abu Dhabi Grand Prix,RIC,McLaren,Finished,58,58,9,5265.913999,5349.181999,0.01581264
2022,22,2022-22,Abu Dhabi Grand Prix,VET,Aston Martin,Finished,58,58,10,5265.913999,5349.811999,0.015932277
2022,22,2022-22,Abu Dhabi Grand Prix,TSU,Racing Bulls,Finished,58,58,11,5265.913999,5355.285,0.016971603
2022,22,2022-22,Abu Dhabi Grand Prix,ZHO,Kick Sauber,+1 Lap,57,58,12,5265.913999,5377.682666,0.021224932
2022,22,2022-22,Abu Dhabi Grand Prix,ALB,Williams,+1 Lap,57,58,13,5265.913999,5378.578105,0.021394976
2022,22,2022-22,Abu Dhabi Grand Prix,GAS,Racing Bulls,+1 Lap,57,58,14,5265.913999,5379.207964,0.021514587
2022,22,2022-22,Abu Dhabi Grand Prix,BOT,Kick Sauber,+1 Lap,57,58,15,5265.913999,5388.522561,0.023283434
2022,22,2022-22,Abu Dhabi Grand Prix,MSC,Haas F1 Team,+1 Lap,57,58,16,5265.913999,5398.053894,0.02509344
2022,22,2022-22,Abu Dhabi Grand Prix,MAG,Haas F1 Team,+1 Lap,57,58,17,5265.913999,5409.916421,0.02734614
2022,22,2022-22,Abu Dhabi Grand Prix,HAM,Mercedes,Hydraulics,55,58,18,5265.913999,5332.822654,0.012705991
2022,22,2022-22,Abu Dhabi Grand Prix,LAT,Williams,Collision damage,55,58,19,5265.913999,5479.405527,0.04054216
2022,22,2022-22,Abu Dhabi Grand Prix,ALO,Alpine,Water leak,27,58,20,5265.913999,,
2023,1,2023-01,Bahrain Grand Prix,VER,Red Bull Racing,Finished,57,57,1,5636.735999,5636.735999,0
2023,1,2023-01,Bahrain Grand Prix,PER,Red Bull Racing,Finished,57,57,2,5636.735999,5648.722999,0.002126585
2023,1,2023-01,Bahrain Grand Prix,ALO,Aston Martin,Finished,57,57,3,5636.735999,5675.372999,0.006854499
2023,1,2023-01,Bahrain Grand Prix,SAI,Ferrari,Finished,57,57,4,5636.735999,5684.787999,0.008524792
2023,1,2023-01,Bahrain Grand Prix,HAM,Mercedes,Finished,57,57,5,5636.735999,5687.712999,0.009043709
2023,1,2023-01,Bahrain Grand Prix,STR,Aston Martin,Finished,57,57,6,5636.735999,5691.237999,0.009669071
2023,1,2023-01,Bahrain Grand Prix,RUS,Mercedes,Finished,57,57,7,5636.735999,5692.608999,0.009912297
2023,1,2023-01,Bahrain Grand Prix,BOT,Kick Sauber,Finished,57,57,8,5636.735999,5709.382999,0.012888132
2023,1,2023-01,Bahrain Grand Prix,GAS,Alpine,Finished,57,57,9,5636.735999,5710.488999,0.013084345
2023,1,2023-01,Bahrain Grand Prix,ALB,Williams,Finished,57,57,10,5636.735999,5726.509999,0.015926593
2023,1,2023-01,Bahrain Grand Prix,TSU,Racing Bulls,Finished,57,57,11,5636.735999,5727.605999,0.016121032
2023,1,2023-01,Bahrain Grand Prix,SAR,Williams,Lapped,56,57,12,5636.735999,5738.548285,0.018062277
2023,1,2023-01,Bahrain Grand Prix,MAG,Haas F1 Team,Lapped,56,57,13,5636.735999,5754.448232,0.020883049
2023,1,2023-01,Bahrain Grand Prix,DEV,Racing Bulls,Lapped,56,57,14,5636.735999,5760.317196,0.021924248
2023,1,2023-01,Bahrain Grand Prix,HUL,Haas F1 Team,Lapped,56,57,15,5636.735999,5761.729982,0.022174887
2023,1,2023-01,Bahrain Grand Prix,ZHO,Kick Sauber,Lapped,56,57,16,5636.735999,5777.749017,0.025016786
2023,1,2023-01,Bahrain Grand Prix,NOR,McLaren,Lapped,55,57,17,5636.735999,5848.585527,0.037583724
2023,1,2023-01,Bahrain Grand Prix,OCO,Alpine,Retired,41,57,18,5636.735999,,
2023,1,2023-01,Bahrain Grand Prix,LEC,Ferrari,Retired,39,57,19,5636.735999,,
2023,1,2023-01,Bahrain Grand Prix,PIA,McLaren,Retired,13,57,20,5636.735999,,
2023,2,2023-02,Saudi Arabian Grand Prix,PER,Red Bull Racing,Finished,50,50,1,4523.761,4523.761,0
2023,2,2023-02,Saudi Arabian Grand Prix,VER,Red Bull Racing,Finished,50,50,2,4523.761,4556.479,0.007232478
2023,2,2023-02,Saudi Arabian Grand Prix,ALO,Aston Martin,Finished,50,50,3,4523.761,4552.122,0.006269341
2023,2,2023-02,Saudi Arabian Grand Prix,RUS,Mercedes,Finished,50,50,4,4523.761,4567.697,0.009712273
2023,2,2023-02,Saudi Arabian Grand Prix,HAM,Mercedes,Finished,50,50,5,4523.761,4590.894,0.014840085
2023,2,2023-02,Saudi Arabian Grand Prix,SAI,Ferrari,Finished,50,50,6,4523.761,4755.273,0.051176886
2023,2,2023-02,Saudi Arabian Grand Prix,LEC,Ferrari,Finished,50,50,7,4523.761,4764.907,0.05330653
2023,2,2023-02,Saudi Arabian Grand Prix,OCO,Alpine,Finished,50,50,8,4523.761,4775.802,0.055714924
2023,2,2023-02,Saudi Arabian Grand Prix,GAS,Alpine,Finished,50,50,9,4523.761,4779.009,0.056423847
2023,2,2023-02,Saudi Arabian Grand Prix,MAG,Haas F1 Team,Finished,50,50,10,4523.761,4939.72,0.091949818
2023,2,2023-02,Saudi Arabian Grand Prix,TSU,Racing Bulls,Finished,50,50,11,4523.761,4789.987,0.058850589
2023,2,2023-02,Saudi Arabian Grand Prix,HUL,Haas F1 Team,Finished,50,50,12,4523.761,4945.482,0.093223537
2023,2,2023-02,Saudi Arabian Grand Prix,ZHO,Kick Sauber,Finished,50,50,13,4523.761,4950.954,0.09443315
2023,2,2023-02,Saudi Arabian Grand Prix,DEV,Racing Bulls,Finished,50,50,14,4523.761,4952.372,0.094746606
2023,2,2023-02,Saudi Arabian Grand Prix,PIA,McLaren,Finished,50,50,15,4523.761,4959.915,0.096414024
2023,2,2023-02,Saudi Arabian Grand Prix,SAR,Williams,Finished,50,50,16,4523.761,4961.187,0.096695206
2023,2,2023-02,Saudi Arabian Grand Prix,NOR,McLaren,Finished,50,50,17,4523.761,4961.339,0.096728806
2023,2,2023-02,Saudi Arabian Grand Prix,BOT,Kick Sauber,Lapped,49,50,18,4523.761,4850.334693,0.072190749
2023,2,2023-02,Saudi Arabian Grand Prix,ALB,Williams,Retired,26,50,19,4523.761,,
2023,2,2023-02,Saudi Arabian Grand Prix,STR,Aston Martin,Retired,16,50,20,4523.761,,
2023,3,2023-03,Australian Grand Prix,VER,Red Bull Racing,Finished,54,58,1,4718.260315,4773.623407,0.011733793
2023,3,2023-03,Australian Grand Prix,HAM,Mercedes,Finished,57,58,2,4718.260315,4718.260315,0
2023,3,2023-03,Australian Grand Prix,ALO,Aston Martin,Finished,54,58,3,4718.260315,4790.621703,0.015336455
2023,3,2023-03,Australian Grand Prix,STR,Aston Martin,Finished,54,58,4,4718.260315,4810.03237,0.019450401
2023,3,2023-03,Australian Grand Prix,PER,Red Bull Racing,Finished,54,58,5,4718.260315,4824.502296,0.022517194
2023,3,2023-03,Australian Grand Prix,NOR,McLaren,Finished,54,58,6,4718.260315,4834.62974,0.02466363
2023,3,2023-03,Australian Grand Prix,HUL,Haas F1 Team,Finished,54,58,7,4718.260315,4832.825296,0.024281191
2023,3,2023-03,Australian Grand Prix,PIA,McLaren,Finished,54,58,8,4718.260315,4874.710962,0.033158545
2023,3,2023-03,Australian Grand Prix,ZHO,Kick Sauber,Finished,54,58,9,4718.260315,4906.592703,0.039915642
2023,3,2023-03,Australian Grand Prix,TSU,Racing Bulls,Finished,54,58,10,4718.260315,4903.700222,0.039302602
2023,3,2023-03,Australian Grand Prix,BOT,Kick Sauber,Finished,53,58,11,4718.260315,4903.852943,0.03933497
2023,3,2023-03,Australian Grand Prix,SAI,Ferrari,Finished,54,58,12,4718.260315,4808.498592,0.019125328
2023,3,2023-03,Australian Grand Prix,GAS,Alpine,Retired,54,58,13,4718.260315,4807.825148,0.018982597
2023,3,2023-03,Australian Grand Prix,OCO,Alpine,Retired,54,58,14,4718.260315,4845.100888,0.026882911
2023,3,2023-03,Australian Grand Prix,DEV,Racing Bulls,Retired,53,58,15,4718.260315,4933.196566,0.045554132
2023,3,2023-03,Australian Grand Prix,SAR,Williams,Retired,53,58,16,4718.260315,4923.442716,0.043486876
2023,3,2023-03,Australian Grand Prix,MAG,Haas F1 Team,Retired,52,58,17,4718.260315,4864.912846,0.031081908
2023,3,2023-03,Australian Grand Prix,RUS,Mercedes,Retired,17,58,18,4718.260315,,
2023,3,2023-03,Australian Grand Prix,ALB,Williams,Retired,6,58,19,4718.260315,,
2023,4,2023-04,Azerbaijan Grand Prix,PER,Red Bull Racing,Finished,51,51,1,5082.738999,5220.699999,0.027143042
2023,4,2023-04,Azerbaijan Grand Prix,VER,Red Bull Racing,Finished,51,51,2,5082.738999,5082.738999,0
2023,4,2023-04,Azerbaijan Grand Prix,LEC,Ferrari,Finished,51,51,3,5082.738999,5246.849999,0.032287906
2023,4,2023-04,Azerbaijan Grand Prix,ALO,Aston Martin,Finished,51,51,4,5082.738999,5256.839999,0.034253382
2023,4,2023-04,Azerbaijan Grand Prix,SAI,Ferrari,Finished,51,51,5,5082.738999,5128.595999,0.009022104
2023,4,2023-04,Azerbaijan Grand Prix,HAM,Mercedes,Finished,51,51,6,5082.738999,5454.183999,0.073079692
2023,4,2023-04,Azerbaijan Grand Prix,STR,Aston Martin,Finished,51,51,7,5082.738999,5138.648999,0.010999975
2023,4,2023-04,Azerbaijan Grand Prix,RUS,Mercedes,Finished,51,51,8,5082.738999,5164.657999,0.016117097
2023,4,2023-04,Azerbaijan Grand Prix,NOR,McLaren,Finished,51,51,9,5082.738999,5489.464999,0.080021028
2023,4,2023-04,Azerbaijan Grand Prix,TSU,Racing Bulls,Finished,51,51,10,5082.738999,5494.400999,0.080992158
2023,4,2023-04,Azerbaijan Grand Prix,PIA,McLaren,Finished,51,51,11,5082.738999,5498.383999,0.081775791
2023,4,2023-04,Azerbaijan Grand Prix,ALB,Williams,Finished,51,51,12,5082.738999,5651.058999,0.111813729
2023,4,2023-04,Azerbaijan Grand Prix,MAG,Haas F1 Team,Finished,51,51,13,5082.738999,5476.210999,0.077413379
2023,4,2023-04,Azerbaijan Grand Prix,GAS,Alpine,Finished,51,51,14,5082.738999,5653.767999,0.112346709
2023,4,2023-04,Azerbaijan Grand Prix,OCO,Alpine,Finished,51,51,15,5082.738999,5353.643999,0.053299019
2023,4,2023-04,Azerbaijan Grand Prix,SAR,Williams,Finished,51,51,16,5082.738999,5508.933999,0.083851443
2023,4,2023-04,Azerbaijan Grand Prix,HUL,Haas F1 Team,Lapped,50,51,17,5082.738999,5371.53114,0.056818212
2023,4,2023-04,Azerbaijan Grand Prix,BOT,Kick Sauber,Lapped,50,51,18,5082.738999,5537.49942,0.089471527
2023,4,2023-04,Azerbaijan Grand Prix,ZHO,Kick Sauber,Retired,36,51,19,5082.738999,,
2023,4,2023-04,Azerbaijan Grand Prix,DEV,Racing Bulls,Retired,9,51,20,5082.738999,,
2023,5,2023-05,Miami Grand Prix,VER,Red Bull Racing,Finished,57,57,1,5258.240999,5258.240999,0
2023,5,2023-05,Miami Grand Prix,PER,Red Bull Racing,Finished,57,57,2,5258.240999,5263.624999,0.001023917
2023,5,2023-05,Miami Grand Prix,ALO,Aston Martin,Finished,57,57,3,5258.240999,5284.545999,0.005002624
2023,5,2023-05,Miami Grand Prix,RUS,Mercedes,Finished,57,57,4,5258.240999,5291.469999,0.006319414
2023,5,2023-05,Miami Grand Prix,SAI,Ferrari,Finished,57,57,5,5258.240999,5295.751999,0.007133754
2023,5,2023-05,Miami Grand Prix,HAM,Mercedes,Finished,57,57,6,5258.240999,5309.489999,0.009746415
2023,5,2023-05,Miami Grand Prix,LEC,Ferrari,Finished,57,57,7,5258.240999,5311.228999,0.010077134
2023,5,2023-05,Miami Grand Prix,GAS,Alpine,Finished,57,57,8,5258.240999,5313.910999,0.010587191
2023,5,2023-05,Miami Grand Prix,OCO,Alpine,Finished,57,57,9,5258.240999,5316.363999,0.011053696
2023,5,2023-05,Miami Grand Prix,MAG,Haas F1 Team,Finished,57,57,10,5258.240999,5321.185999,0.011970733
2023,5,2023-05,Miami Grand Prix,TSU,Racing Bulls,Finished,57,57,11,5258.240999,5322.549999,0.012230136
2023,5,2023-05,Miami Grand Prix,STR,Aston Martin,Finished,57,57,12,5258.240999,5322.994999,0.012314765
2023,5,2023-05,Miami Grand Prix,BOT,Kick Sauber,Finished,57,57,13,5258.240999,5329.877999,0.013623757
2023,5,2023-05,Miami Grand Prix,ALB,Williams,Finished,57,57,14,5258.240999,5331.101999,0.013856535
2023,5,2023-05,Miami Grand Prix,HUL,Haas F1 Team,Finished,57,57,15,5258.240999,5333.190999,0.014253816
2023,5,2023-05,Miami Grand Prix,ZHO,Kick Sauber,Finished,57,57,16,5258.240999,5336.680999,0.014917536
2023,5,2023-05,Miami Grand Prix,NOR,McLaren,Finished,57,57,17,5258.240999,5345.957999,0.016681814
2023,5,2023-05,Miami Grand Prix,DEV,Racing Bulls,Finished,57,57,18,5258.240999,5347.189999,0.016916113
2023,5,2023-05,Miami Grand Prix,PIA,McLaren,Lapped,56,57,19,5258.240999,5373.01441,0.021827339
2023,5,2023-05,Miami Grand Prix,SAR,Williams,Lapped,56,57,20,5258.240999,5387.140232,0.024513755
2023,6,2023-06,Monaco Grand Prix,VER,Red Bull Racing,Finished,78,78,1,6531.979999,6531.979999,0
2023,6,2023-06,Monaco Grand Prix,ALO,Aston Martin,Finished,78,78,2,6531.979999,6559.900999,0.004274508
2023,6,2023-06,Monaco Grand Prix,OCO,Alpine,Finished,78,78,3,6531.979999,6568.969999,0.005662908
2023,6,2023-06,Monaco Grand Prix,HAM,Mercedes,Finished,78,78,4,6531.979999,6571.041999,0.005980116
2023,6,2023-06,Monaco Grand Prix,RUS,Mercedes,Finished,78,78,5,6531.979999,6583.263999,0.007851218
2023,6,2023-06,Monaco Grand Prix,LEC,Ferrari,Finished,78,78,6,6531.979999,6593.869999,0.009474922
2023,6,2023-06,Monaco Grand Prix,GAS,Alpine,Finished,78,78,7,6531.979999,6594.341999,0.009547182
2023,6,2023-06,Monaco Grand Prix,SAI,Ferrari,Finished,78,78,8,6531.979999,6595.370999,0.009704714
2023,6,2023-06,Monaco Grand Prix,NOR,McLaren,Lapped,77,78,9,6531.979999,6620.924649,0.013616798
2023,6,2023-06,Monaco Grand Prix,PIA,McLaren,Lapped,77,78,10,6531.979999,6630.951194,0.015151791
2023,6,2023-06,Monaco Grand Prix,BOT,Kick Sauber,Lapped,77,78,11,6531.979999,6646.150051,0.017478629
2023,6,2023-06,Monaco Grand Prix,DEV,Racing Bulls,Lapped,77,78,12,6531.979999,6674.872285,0.0218758
2023,6,2023-06,Monaco Grand Prix,ZHO,Kick Sauber,Lapped,77,78,13,6531.979999,6689.596051,0.024129904
2023,6,2023-06,Monaco Grand Prix,ALB,Williams,Lapped,77,78,14,6531.979999,6697.04961,0.025270991
2023,6,2023-06,Monaco Grand Prix,TSU,Racing Bulls,Lapped,76,78,15,6531.979999,6711.617763,0.027501273
2023,6,2023-06,Monaco Grand Prix,PER,Red Bull Racing,Lapped,76,78,16,6531.979999,6754.188315,0.034018524
2023,6,2023-06,Monaco Grand Prix,HUL,Haas F1 Team,Lapped,76,78,17,6531.979999,6753.656684,0.033937135
2023,6,2023-06,Monaco Grand Prix,SAR,Williams,Lapped,76,78,18,6531.979999,6778.777815,0.037783002
2023,6,2023-06,Monaco Grand Prix,MAG,Haas F1 Team,Retired,70,78,19,6531.979999,6646.420114,0.017519973
2023,6,2023-06,Monaco Grand Prix,STR,Aston Martin,Retired,53,78,20,6531.979999,,
2023,7,2023-07,Spanish Grand Prix,VER,Red Bull Racing,Finished,66,66,1,5277.939999,5277.939999,0
2023,7,2023-07,Spanish Grand Prix,HAM,Mercedes,Finished,66,66,2,5277.939999,5302.029999,0.004564281
2023,7,2023-07,Spanish Grand Prix,RUS,Mercedes,Finished,66,66,3,5277.939999,5310.328999,0.006136675
2023,7,2023-07,Spanish Grand Prix,PER,Red Bull Racing,Finished,66,66,4,5277.939999,5313.751999,0.006785223
2023,7,2023-07,Spanish Grand Prix,SAI,Ferrari,Finished,66,66,5,5277.939999,5323.637999,0.008658302
2023,7,2023-07,Spanish Grand Prix,STR,Aston Martin,Finished,66,66,6,5277.939999,5341.259999,0.011997105
2023,7,2023-07,Spanish Grand Prix,ALO,Aston Martin,Finished,66,66,7,5277.939999,5342.066999,0.012150005
2023,7,2023-07,Spanish Grand Prix,OCO,Alpine,Finished,66,66,8,5277.939999,5347.181999,0.013119134
2023,7,2023-07,Spanish Grand Prix,ZHO,Kick Sauber,Finished,66,66,9,5277.939999,5349.817999,0.013618571
2023,7,2023-07,Spanish Grand Prix,GAS,Alpine,Finished,66,66,10,5277.939999,5351.469999,0.013931572
2023,7,2023-07,Spanish Grand Prix,LEC,Ferrari,Finished,66,66,11,5277.939999,5352.358999,0.014100009
2023,7,2023-07,Spanish Grand Prix,TSU,Racing Bulls,Finished,66,66,12,5277.939999,5348.355999,0.013341569
2023,7,2023-07,Spanish Grand Prix,PIA,McLaren,Lapped,65,66,13,5277.939999,5363.479846,0.016207052
2023,7,2023-07,Spanish Grand Prix,DEV,Racing Bulls,Lapped,65,66,14,5277.939999,5364.54803,0.016409438
2023,7,2023-07,Spanish Grand Prix,HUL,Haas F1 Team,Lapped,65,66,15,5277.939999,5376.702184,0.01871226
2023,7,2023-07,Spanish Grand Prix,ALB,Williams,Lapped,65,66,16,5277.939999,5387.273353,0.020715157
2023,7,2023-07,Spanish Grand Prix,NOR,McLaren,Lapped,65,66,17,5277.939999,5389.996615,0.021231127
2023,7,2023-07,Spanish Grand Prix,MAG,Haas F1 Team,Lapped,65,66,18,5277.939999,5397.804923,0.022710551
2023,7,2023-07,Spanish Grand Prix,BOT,Kick Sauber,Lapped,65,66,19,5277.939999,5409.85043,0.024992787
2023,7,2023-07,Spanish Grand Prix,SAR,Williams,Lapped,65,66,20,5277.939999,5411.611107,0.025326379
2023,8,2023-08,Canadian Grand Prix,VER,Red Bull Racing,Finished,70,70,1,5506.69132,5638.347999,0.023908491
2023,8,2023-08,Canadian Grand Prix,ALO,Aston Martin,Finished,70,70,2,5506.69132,5647.917999,0.025646377
2023,8,2023-08,Canadian Grand Prix,HAM,Mercedes,Finished,70,70,3,5506.69132,5652.515999,0.026481361
2023,8,2023-08,Canadian Grand Prix,LEC,Ferrari,Finished,70,70,4,5506.69132,5656.995999,0.027294916
2023,8,2023-08,Canadian Grand Prix,SAI,Ferrari,Finished,70,70,5,5506.69132,5659.887999,0.027820096
2023,8,2023-08,Canadian Grand Prix,PER,Red Bull Racing,Finished,70,70,6,5506.69132,5689.376,0.033175035
2023,8,2023-08,Canadian Grand Prix,ALB,Williams,Finished,70,70,7,5506.69132,5699.160999,0.034951964
2023,8,2023-08,Canadian Grand Prix,OCO,Alpine,Finished,70,70,8,5506.69132,5700.039999,0.035111588
2023,8,2023-08,Canadian Grand Prix,STR,Aston Martin,Finished,70,70,9,5506.69132,5702.749999,0.035603717
2023,8,2023-08,Canadian Grand Prix,BOT,Kick Sauber,Finished,70,70,10,5506.69132,5702.779999,0.035609165
2023,8,2023-08,Canadian Grand Prix,PIA,McLaren,Finished,70,70,11,5506.69132,5703.448999,0.035730653
2023,8,2023-08,Canadian Grand Prix,GAS,Alpine,Finished,70,70,12,5506.69132,5703.596999,0.03575753
2023,8,2023-08,Canadian Grand Prix,NOR,McLaren,Finished,70,70,13,5506.69132,5701.710999,0.035415037
2023,8,2023-08,Canadian Grand Prix,TSU,Racing Bulls,Finished,70,70,14,5506.69132,5711.770999,0.037241906
2023,8,2023-08,Canadian Grand Prix,HUL,Haas F1 Team,Lapped,69,70,15,5506.69132,5737.251739,0.041869138
2023,8,2023-08,Canadian Grand Prix,ZHO,Kick Sauber,Lapped,69,70,16,5506.69132,5737.692028,0.041949093
2023,8,2023-08,Canadian Grand Prix,MAG,Haas F1 Team,Lapped,69,70,17,5506.69132,5791.340434,0.051691496
2023,8,2023-08,Canadian Grand Prix,DEV,Racing Bulls,Lapped,69,70,18,5506.69132,5796.116666,0.052558847
2023,8,2023-08,Canadian Grand Prix,RUS,Mercedes,Retired,53,70,19,5506.69132,5506.69132,0
2023,8,2023-08,Canadian Grand Prix,SAR,Williams,Retired,6,70,20,5506.69132,,
2023,9,2023-09,Austrian Grand Prix,VER,Red Bull Racing,Finished,71,71,1,5133.606999,5133.606999,0
2023,9,2023-09,Austrian Grand Prix,LEC,Ferrari,Finished,71,71,2,5133.606999,5138.761999,0.001004167
2023,9,2023-09,Austrian Grand Prix,PER,Red Bull Racing,Finished,71,71,3,5133.606999,5150.794999,0.003348133
2023,9,2023-09,Austrian Grand Prix,NOR,McLaren,Finished,71,71,4,5133.606999,5159.933999,0.005128363
2023,9,2023-09,Austrian Grand Prix,ALO,Aston Martin,Finished,71,71,5,5133.606999,5163.923999,0.005905594
2023,9,2023-09,Austrian Grand Prix,SAI,Ferrari,Finished,71,71,6,5133.606999,5154.983999,0.004164129
2023,9,2023-09,Austrian Grand Prix,RUS,Mercedes,Finished,71,71,7,5133.606999,5182.009999,0.009428653
2023,9,2023-09,Austrian Grand Prix,HAM,Mercedes,Finished,71,71,8,5133.606999,5172.802999,0.007635177
2023,9,2023-09,Austrian Grand Prix,STR,Aston Martin,Finished,71,71,9,5133.606999,5192.649999,0.01150127
2023,9,2023-09,Austrian Grand Prix,GAS,Alpine,Finished,71,71,10,5133.606999,5191.273999,0.011233232
2023,9,2023-09,Austrian Grand Prix,ALB,Williams,Finished,71,71,11,5133.606999,5203.373999,0.01359025
2023,9,2023-09,Austrian Grand Prix,ZHO,Kick Sauber,Lapped,70,71,12,5133.606999,5231.929142,0.019152643
2023,9,2023-09,Austrian Grand Prix,SAR,Williams,Lapped,70,71,13,5133.606999,5223.5623,0.017522826
2023,9,2023-09,Austrian Grand Prix,OCO,Alpine,Lapped,70,71,14,5133.606999,5219.257671,0.016684306
2023,9,2023-09,Austrian Grand Prix,BOT,Kick Sauber,Lapped,70,71,15,5133.606999,5250.332342,0.022737491
2023,9,2023-09,Austrian Grand Prix,PIA,McLaren,Lapped,70,71,16,5133.606999,5254.178514,0.023486705
2023,9,2023-09,Austrian Grand Prix,DEV,Racing Bulls,Lapped,70,71,17,5133.606999,5237.071571,0.020154362
2023,9,2023-09,Austrian Grand Prix,MAG,Haas F1 Team,Lapped,70,71,18,5133.606999,5180.342571,0.009103847
2023,9,2023-09,Austrian Grand Prix,TSU,Racing Bulls,Lapped,70,71,19,5133.606999,5252.458285,0.023151614
2023,9,2023-09,Austrian Grand Prix,HUL,Haas F1 Team,Retired,12,71,20,5133.606999,,
2023,10,2023-10,British Grand Prix,VER,Red Bull Racing,Finished,52,52,1,4938.466999,4938.466999,0
2023,10,2023-10,British Grand Prix,NOR,McLaren,Finished,52,52,2,4938.466999,4955.334999,0.003415635
2023,10,2023-10,British Grand Prix,HAM,Mercedes,Finished,52,52,3,4938.466999,4971.973999,0.006784899
2023,10,2023-10,British Grand Prix,PIA,McLaren,Finished,52,52,4,4938.466999,5124.713999,0.037713525
2023,10,2023-10,British Grand Prix,RUS,Mercedes,Finished,52,52,5,4938.466999,5128.143999,0.038408073
2023,10,2023-10,British Grand Prix,PER,Red Bull Racing,Finished,52,52,6,4938.466999,5129.819999,0.038747449
2023,10,2023-10,British Grand Prix,ALO,Aston Martin,Finished,52,52,7,4938.466999,5134.130999,0.039620392
2023,10,2023-10,British Grand Prix,ALB,Williams,Finished,52,52,8,4938.466999,5134.815999,0.039759099
2023,10,2023-10,British Grand Prix,LEC,Ferrari,Finished,52,52,9,4938.466999,5135.626999,0.03992332
2023,10,2023-10,British Grand Prix,SAI,Ferrari,Finished,52,52,10,4938.466999,5136.385999,0.040077012
2023,10,2023-10,British Grand Prix,SAR,Williams,Finished,52,52,11,4938.466999,5140.569999,0.040924238
2023,10,2023-10,British Grand Prix,BOT,Kick Sauber,Finished,52,52,12,4938.466999,5142.767999,0.041369316
2023,10,2023-10,British Grand Prix,HUL,Haas F1 Team,Finished,52,52,13,4938.466999,5143.600999,0.041537991
2023,10,2023-10,British Grand Prix,STR,Aston Martin,Finished,52,52,14,4938.466999,5139.420999,0.040691575
2023,10,2023-10,British Grand Prix,ZHO,Kick Sauber,Finished,52,52,15,4938.466999,5146.757999,0.042177259
2023,10,2023-10,British Grand Prix,TSU,Racing Bulls,Finished,52,52,16,4938.466999,5148.162999,0.04246176
2023,10,2023-10,British Grand Prix,DEV,Racing Bulls,Finished,52,52,17,4938.466999,5150.065999,0.042847102
2023,10,2023-10,British Grand Prix,GAS,Alpine,Retired,45,52,18,4938.466999,5199.547022,0.052866613
2023,10,2023-10,British Grand Prix,MAG,Haas F1 Team,Retired,31,52,19,4938.466999,,
2023,10,2023-10,British Grand Prix,OCO,Alpine,Retired,9,52,20,4938.466999,,
2023,11,2023-11,Hungarian Grand Prix,VER,Red Bull Racing,Finished,70,70,1,5888.633999,5888.633999,0
2023,11,2023-11,Hungarian Grand Prix,NOR,McLaren,Finished,70,70,2,5888.633999,5922.364999,0.005728154
2023,11,2023-11,Hungarian Grand Prix,PER,Red Bull Racing,Finished,70,70,3,5888.633999,5926.236999,0.006385691
2023,11,2023-11,Hungarian Grand Prix,HAM,Mercedes,Finished,70,70,4,5888.633999,5927.768,0.006645684
2023,11,2023-11,Hungarian Grand Prix,PIA,McLaren,Finished,70,70,5,5888.633999,5951.205999,0.010625894
2023,11,2023-11,Hungarian Grand Prix,RUS,Mercedes,Finished,70,70,6,5888.633999,5954.459,0.011178314
2023,11,2023-11,Hungarian Grand Prix,LEC,Ferrari,Finished,70,70,7,5888.633999,5953.950999,0.011092046
2023,11,2023-11,Hungarian Grand Prix,SAI,Ferrari,Finished,70,70,8,5888.633999,5959.706999,0.012069522
2023,11,2023-11,Hungarian Grand Prix,ALO,Aston Martin,Finished,70,70,9,5888.633999,5964.343,0.012856802
2023,11,2023-11,Hungarian Grand Prix,STR,Aston Martin,Lapped,69,70,10,5888.633999,5988.803333,0.017010623
2023,11,2023-11,Hungarian Grand Prix,ALB,Williams,Lapped,69,70,11,5888.633999,6003.485072,0.019503857
2023,11,2023-11,Hungarian Grand Prix,BOT,Kick Sauber,Lapped,69,70,12,5888.633999,6004.491449,0.019674758
2023,11,2023-11,Hungarian Grand Prix,RIC,Racing Bulls,Lapped,69,70,13,5888.633999,6010.758985,0.020739103
2023,11,2023-11,Hungarian Grand Prix,HUL,Haas F1 Team,Lapped,69,70,14,5888.633999,6026.01797,0.023330363
2023,11,2023-11,Hungarian Grand Prix,TSU,Racing Bulls,Lapped,69,70,15,5888.633999,6026.266521,0.023372572
2023,11,2023-11,Hungarian Grand Prix,ZHO,Kick Sauber,Lapped,69,70,16,5888.633999,6035.344202,0.024914132
2023,11,2023-11,Hungarian Grand Prix,MAG,Haas F1 Team,Lapped,69,70,17,5888.633999,6057.521014,0.028680168
2023,11,2023-11,Hungarian Grand Prix,SAR,Williams,Retired,67,70,18,5888.633999,6048.442985,0.02713855
2023,11,2023-11,Hungarian Grand Prix,OCO,Alpine,Retired,2,70,19,5888.633999,,
2023,11,2023-11,Hungarian Grand Prix,GAS,Alpine,Retired,1,70,20,5888.633999,,
2023,12,2023-12,Belgian Grand Prix,VER,Red Bull Racing,Finished,44,44,1,4950.449999,4950.449999,0
2023,12,2023-12,Belgian Grand Prix,PER,Red Bull Racing,Finished,44,44,2,4950.449999,4972.754999,0.004505651
2023,12,2023-12,Belgian Grand Prix,LEC,Ferrari,Finished,44,44,3,4950.449999,4982.708999,0.006516377
2023,12,2023-12,Belgian Grand Prix,HAM,Mercedes,Finished,44,44,4,4950.449999,5000.120999,0.010033633
2023,12,2023-12,Belgian Grand Prix,ALO,Aston Martin,Finished,44,44,5,4950.449999,5006.633999,0.011349271
2023,12,2023-12,Belgian Grand Prix,RUS,Mercedes,Finished,44,44,6,4950.449999,5013.550999,0.012746518
2023,12,2023-12,Belgian Grand Prix,NOR,McLaren,Finished,44,44,7,4950.449999,5024.168999,0.014891374
2023,12,2023-12,Belgian Grand Prix,OCO,Alpine,Finished,44,44,8,4950.449999,5025.168999,0.015093375
2023,12,2023-12,Belgian Grand Prix,STR,Aston Martin,Finished,44,44,9,4950.449999,5029.789999,0.016026826
2023,12,2023-12,Belgian Grand Prix,TSU,Racing Bulls,Finished,44,44,10,4950.449999,5030.670999,0.016204789
2023,12,2023-12,Belgian Grand Prix,GAS,Alpine,Finished,44,44,11,4950.449999,5033.534,0.016783121
2023,12,2023-12,Belgian Grand Prix,BOT,Kick Sauber,Finished,44,44,12,4950.449999,5035.640999,0.017208739
2023,12,2023-12,Belgian Grand Prix,ZHO,Kick Sauber,Finished,44,44,13,4950.449999,5045.890999,0.019279257
2023,12,2023-12,Belgian Grand Prix,ALB,Williams,Finished,44,44,14,4950.449999,5046.633999,0.019429345
2023,12,2023-12,Belgian Grand Prix,MAG,Haas F1 Team,Finished,44,44,15,4950.449999,5052.203999,0.020554495
2023,12,2023-12,Belgian Grand Prix,RIC,Racing Bulls,Finished,44,44,16,4950.449999,5053.521,0.020820532
2023,12,2023-12,Belgian Grand Prix,SAR,Williams,Finished,44,44,17,4950.449999,5054.925999,0.021104344
2023,12,2023-12,Belgian Grand Prix,HUL,Haas F1 Team,Finished,44,44,18,4950.449999,5060.899999,0.022311103
2023,12,2023-12,Belgian Grand Prix,SAI,Ferrari,Retired,23,44,19,4950.449999,,
2023,13,2023-13,Dutch Grand Prix,VER,Red Bull Racing,Finished,72,72,1,5914.251,6018.869999,0.017689307
2023,13,2023-13,Dutch Grand Prix,ALO,Aston Martin,Finished,72,72,2,5914.251,6052.520999,0.023379123
2023,13,2023-13,Dutch Grand Prix,GAS,Alpine,Finished,72,72,3,5914.251,5914.251,0
2023,13,2023-13,Dutch Grand Prix,PER,Red Bull Racing,Finished,72,72,4,5914.251,5914.816999,9.57E-05
2023,13,2023-13,Dutch Grand Prix,SAI,Ferrari,Finished,72,72,5,5914.251,5921.407999,0.001210128
2023,13,2023-13,Dutch Grand Prix,HAM,Mercedes,Finished,72,72,6,5914.251,5925.728999,0.001940736
2023,13,2023-13,Dutch Grand Prix,NOR,McLaren,Finished,72,72,7,5914.251,5942.086999,0.004706598
2023,13,2023-13,Dutch Grand Prix,ALB,Williams,Finished,72,72,8,5914.251,5949.195999,0.005908609
2023,13,2023-13,Dutch Grand Prix,PIA,McLaren,Finished,72,72,9,5914.251,5959.855999,0.007711035
2023,13,2023-13,Dutch Grand Prix,OCO,Alpine,Finished,72,72,10,5914.251,5964.541999,0.008503359
2023,13,2023-13,Dutch Grand Prix,STR,Aston Martin,Finished,72,72,11,5914.251,5991.370999,0.01303969
2023,13,2023-13,Dutch Grand Prix,HUL,Haas F1 Team,Finished,72,72,12,5914.251,5993.286999,0.013363653
2023,13,2023-13,Dutch Grand Prix,LAW,Racing Bulls,Finished,72,72,13,5914.251,6014.491999,0.016949061
2023,13,2023-13,Dutch Grand Prix,BOT,Kick Sauber,Finished,72,72,14,5914.251,6004.233,0.015214437
2023,13,2023-13,Dutch Grand Prix,TSU,Racing Bulls,Finished,72,72,15,5914.251,5990.281999,0.012855558
2023,13,2023-13,Dutch Grand Prix,MAG,Haas F1 Team,Finished,72,72,16,5914.251,6166.755999,0.042694333
2023,13,2023-13,Dutch Grand Prix,RUS,Mercedes,Finished,72,72,17,5914.251,5985.220999,0.011999829
2023,13,2023-13,Dutch Grand Prix,ZHO,Kick Sauber,Accident,62,72,18,5914.251,6063.491612,0.025234068
2023,13,2023-13,Dutch Grand Prix,LEC,Ferrari,Undertray,41,72,19,5914.251,,
2023,13,2023-13,Dutch Grand Prix,SAR,Williams,Accident,14,72,20,5914.251,,
2023,14,2023-14,Italian Grand Prix,VER,Red Bull Racing,Finished,51,51,1,4421.142999,4421.142999,0
2023,14,2023-14,Italian Grand Prix,PER,Red Bull Racing,Finished,51,51,2,4421.142999,4427.206999,0.001371591
2023,14,2023-14,Italian Grand Prix,SAI,Ferrari,Finished,51,51,3,4421.142999,4432.335999,0.002531698
2023,14,2023-14,Italian Grand Prix,LEC,Ferrari,Finished,51,51,4,4421.142999,4432.519999,0.002573316
2023,14,2023-14,Italian Grand Prix,RUS,Mercedes,Finished,51,51,5,4421.142999,4439.170999,0.004077679
2023,14,2023-14,Italian Grand Prix,HAM,Mercedes,Finished,51,51,6,4421.142999,4458.821999,0.008522457
2023,14,2023-14,Italian Grand Prix,ALB,Williams,Finished,51,51,7,4421.142999,4466.248999,0.010202339
2023,14,2023-14,Italian Grand Prix,NOR,McLaren,Finished,51,51,8,4421.142999,4466.591999,0.010279921
2023,14,2023-14,Italian Grand Prix,ALO,Aston Martin,Finished,51,51,9,4421.142999,4467.436999,0.010471048
2023,14,2023-14,Italian Grand Prix,BOT,Kick Sauber,Finished,50,51,10,4421.142999,4486.0875,0.014689527
2023,14,2023-14,Italian Grand Prix,LAW,Racing Bulls,Finished,50,51,11,4421.142999,4493.02758,0.016259275
2023,14,2023-14,Italian Grand Prix,PIA,McLaren,Finished,50,51,12,4421.142999,4491.11916,0.015827618
2023,14,2023-14,Italian Grand Prix,SAR,Williams,Finished,50,51,13,4421.142999,4494.37398,0.016563812
2023,14,2023-14,Italian Grand Prix,ZHO,Kick Sauber,Finished,50,51,14,4421.142999,4502.18412,0.018330355
2023,14,2023-14,Italian Grand Prix,GAS,Alpine,Finished,50,51,15,4421.142999,4503.13272,0.018544915
2023,14,2023-14,Italian Grand Prix,STR,Aston Martin,Finished,50,51,16,4421.142999,4506.10296,0.019216741
2023,14,2023-14,Italian Grand Prix,HUL,Haas F1 Team,Lapped,50,51,17,4421.142999,4511.70072,0.020482875
2023,14,2023-14,Italian Grand Prix,MAG,Haas F1 Team,Lapped,50,51,18,4421.142999,4522.44234,0.022912478
2023,14,2023-14,Italian Grand Prix,OCO,Alpine,Retired,39,51,19,4421.142999,4544.200692,0.027833909
2023,15,2023-15,Singapore Grand Prix,SAI,Ferrari,Finished,62,62,1,6058.037999,6058.037999,0
2023,15,2023-15,Singapore Grand Prix,NOR,McLaren,Finished,62,62,2,6058.037999,6216.918999,0.026226478
2023,15,2023-15,Singapore Grand Prix,HAM,Mercedes,Finished,62,62,3,6058.037999,6216.860999,0.026216904
2023,15,2023-15,Singapore Grand Prix,LEC,Ferrari,Finished,62,62,4,6058.037999,6233.828999,0.029017811
2023,15,2023-15,Singapore Grand Prix,VER,Red Bull Racing,Finished,62,62,5,6058.037999,6246.776999,0.031155136
2023,15,2023-15,Singapore Grand Prix,GAS,Alpine,Finished,62,62,6,6058.037999,6266.161999,0.034355017
2023,15,2023-15,Singapore Grand Prix,PIA,McLaren,Finished,62,62,7,6058.037999,6271.132999,0.03517558
2023,15,2023-15,Singapore Grand Prix,PER,Red Bull Racing,Finished,62,62,8,6058.037999,6289.311,0.038176222
2023,15,2023-15,Singapore Grand Prix,LAW,Racing Bulls,Finished,62,62,9,6058.037999,6291.307999,0.038505866
2023,15,2023-15,Singapore Grand Prix,MAG,Haas F1 Team,Finished,62,62,10,6058.037999,6140.824999,0.013665646
2023,15,2023-15,Singapore Grand Prix,ALB,Williams,Finished,62,62,11,6058.037999,6143.568999,0.014118597
2023,15,2023-15,Singapore Grand Prix,ZHO,Kick Sauber,Finished,62,62,12,6058.037999,6324.826999,0.044038846
2023,15,2023-15,Singapore Grand Prix,HUL,Haas F1 Team,Finished,62,62,13,6058.037999,6307.738999,0.04121813
2023,15,2023-15,Singapore Grand Prix,SAR,Williams,Finished,62,62,14,6058.037999,6140.162999,0.013556369
2023,15,2023-15,Singapore Grand Prix,ALO,Aston Martin,Finished,62,62,15,6058.037999,6307.758999,0.041221432
2023,15,2023-15,Singapore Grand Prix,RUS,Mercedes,Retired,61,62,16,6058.037999,6217.972885,0.026400443
2023,15,2023-15,Singapore Grand Prix,BOT,Kick Sauber,Retired,51,62,17,6058.037999,6349.822392,0.048164834
2023,15,2023-15,Singapore Grand Prix,OCO,Alpine,Retired,42,62,18,6058.037999,,
2023,16,2023-16,Japanese Grand Prix,VER,Red Bull Racing,Finished,53,53,1,4953.007999,4953.007999,0
2023,16,2023-16,Japanese Grand Prix,NOR,McLaren,Finished,53,53,2,4953.007999,4974.784999,0.004396722
2023,16,2023-16,Japanese Grand Prix,PIA,McLaren,Finished,53,53,3,4953.007999,4992.894999,0.008053086
2023,16,2023-16,Japanese Grand Prix,LEC,Ferrari,Finished,53,53,4,4953.007999,5001.837999,0.009858656
2023,16,2023-16,Japanese Grand Prix,HAM,Mercedes,Finished,53,53,5,4953.007999,5010.438999,0.011595176
2023,16,2023-16,Japanese Grand Prix,SAI,Ferrari,Finished,53,53,6,4953.007999,5008.722999,0.01124872
2023,16,2023-16,Japanese Grand Prix,RUS,Mercedes,Finished,53,53,7,4953.007999,5020.780999,0.0136832
2023,16,2023-16,Japanese Grand Prix,ALO,Aston Martin,Finished,53,53,8,4953.007999,5034.246999,0.016401952
2023,16,2023-16,Japanese Grand Prix,OCO,Alpine,Finished,53,53,9,4953.007999,5210.973999,0.052082694
2023,16,2023-16,Japanese Grand Prix,GAS,Alpine,Finished,53,53,10,4953.007999,5051.883999,0.019962819
2023,16,2023-16,Japanese Grand Prix,LAW,Racing Bulls,Lapped,52,53,11,4953.007999,5063.799384,0.022368505
2023,16,2023-16,Japanese Grand Prix,TSU,Racing Bulls,Lapped,52,53,12,4953.007999,5065.776692,0.022767719
2023,16,2023-16,Japanese Grand Prix,ZHO,Kick Sauber,Lapped,52,53,13,4953.007999,5077.443826,0.025123284
2023,16,2023-16,Japanese Grand Prix,HUL,Haas F1 Team,Lapped,52,53,14,4953.007999,5074.003923,0.024428776
2023,16,2023-16,Japanese Grand Prix,MAG,Haas F1 Team,Lapped,52,53,15,4953.007999,5094.922615,0.028652208
2023,16,2023-16,Japanese Grand Prix,ALB,Williams,Retired,26,53,16,4953.007999,,
2023,16,2023-16,Japanese Grand Prix,SAR,Williams,Retired,22,53,17,4953.007999,,
2023,16,2023-16,Japanese Grand Prix,STR,Aston Martin,Retired,20,53,18,4953.007999,,
2023,16,2023-16,Japanese Grand Prix,PER,Red Bull Racing,Retired,15,53,19,4953.007999,,
2023,16,2023-16,Japanese Grand Prix,BOT,Kick Sauber,Retired,6,53,20,4953.007999,,
2023,17,2023-17,Qatar Grand Prix,VER,Red Bull Racing,Finished,57,57,1,5106.008999,5106.008999,0
2023,17,2023-17,Qatar Grand Prix,PIA,McLaren,Finished,57,57,2,5106.008999,5110.594999,0.000898157
2023,17,2023-17,Qatar Grand Prix,NOR,McLaren,Finished,57,57,3,5106.008999,5265.136999,0.031164849
2023,17,2023-17,Qatar Grand Prix,RUS,Mercedes,Finished,57,57,4,5106.008999,5293.286999,0.036677961
2023,17,2023-17,Qatar Grand Prix,LEC,Ferrari,Finished,57,57,5,5106.008999,5146.968999,0.008021921
2023,17,2023-17,Qatar Grand Prix,ALO,Aston Martin,Finished,57,57,6,5106.008999,5155.606999,0.009713653
2023,17,2023-17,Qatar Grand Prix,OCO,Alpine,Finished,57,57,7,5106.008999,5171.048999,0.012737933
2023,17,2023-17,Qatar Grand Prix,BOT,Kick Sauber,Finished,57,57,8,5106.008999,5325.730999,0.043032043
2023,17,2023-17,Qatar Grand Prix,ZHO,Kick Sauber,Finished,57,57,9,5106.008999,5335.294999,0.04490513
2023,17,2023-17,Qatar Grand Prix,PER,Red Bull Racing,Finished,57,57,10,5106.008999,5334.348999,0.044719859
2023,17,2023-17,Qatar Grand Prix,STR,Aston Martin,Finished,57,57,11,5106.008999,5330.819999,0.044028712
2023,17,2023-17,Qatar Grand Prix,GAS,Alpine,Finished,57,57,12,5106.008999,5331.467999,0.044155621
2023,17,2023-17,Qatar Grand Prix,ALB,Williams,Finished,57,57,13,5106.008999,5340.181999,0.045862238
2023,17,2023-17,Qatar Grand Prix,MAG,Haas F1 Team,Lapped,56,57,14,5106.008999,5354.349964,0.048637001
2023,17,2023-17,Qatar Grand Prix,TSU,Racing Bulls,Lapped,56,57,15,5106.008999,5362.199678,0.050174349
2023,17,2023-17,Qatar Grand Prix,HUL,Haas F1 Team,Lapped,56,57,16,5106.008999,5368.436089,0.051395736
2023,17,2023-17,Qatar Grand Prix,LAW,Racing Bulls,Lapped,56,57,17,5106.008999,5380.673785,0.05379246
2023,17,2023-17,Qatar Grand Prix,SAR,Williams,Retired,40,57,18,5106.008999,,
2023,18,2023-18,United States Grand Prix,VER,Red Bull Racing,Finished,56,56,1,5721.361999,5721.361999,0
2023,18,2023-18,United States Grand Prix,NOR,McLaren,Finished,56,56,2,5721.361999,5732.091999,0.001875428
2023,18,2023-18,United States Grand Prix,SAI,Ferrari,Finished,56,56,3,5721.361999,5736.495999,0.002645174
2023,18,2023-18,United States Grand Prix,PER,Red Bull Racing,Finished,56,56,4,5721.361999,5739.821999,0.003226504
2023,18,2023-18,United States Grand Prix,RUS,Mercedes,Finished,56,56,5,5721.361999,5746.360999,0.004369414
2023,18,2023-18,United States Grand Prix,GAS,Alpine,Finished,56,56,6,5721.361999,5769.358,0.008388912
2023,18,2023-18,United States Grand Prix,STR,Aston Martin,Finished,56,56,7,5721.361999,5770.058,0.00851126
2023,18,2023-18,United States Grand Prix,TSU,Racing Bulls,Finished,56,56,8,5721.361999,5795.746999,0.013001275
2023,18,2023-18,United States Grand Prix,ALB,Williams,Finished,56,56,9,5721.361999,5803.075999,0.014282264
2023,18,2023-18,United States Grand Prix,SAR,Williams,Finished,56,56,10,5721.361999,5809.359999,0.015380603
2023,18,2023-18,United States Grand Prix,HUL,Haas F1 Team,Finished,56,56,11,5721.361999,5811.265999,0.015713741
2023,18,2023-18,United States Grand Prix,BOT,Kick Sauber,Finished,56,56,12,5721.361999,5819.962999,0.017233833
2023,18,2023-18,United States Grand Prix,ZHO,Kick Sauber,Lapped,55,56,13,5721.361999,5829.027781,0.018818208
2023,18,2023-18,United States Grand Prix,MAG,Haas F1 Team,Lapped,55,56,14,5721.361999,5833.605527,0.019618323
2023,18,2023-18,United States Grand Prix,RIC,Racing Bulls,Lapped,55,56,15,5721.361999,5834.399709,0.019757133
2023,18,2023-18,United States Grand Prix,ALO,Aston Martin,Retired,49,56,16,5721.361999,5803.687999,0.014389231
2023,18,2023-18,United States Grand Prix,PIA,McLaren,Retired,10,56,17,5721.361999,,
2023,18,2023-18,United States Grand Prix,OCO,Alpine,Retired,6,56,18,5721.361999,,
2023,18,2023-18,United States Grand Prix,HAM,Mercedes,Disqualified,56,56,19,5721.361999,5723.586999,0.000388893
2023,18,2023-18,United States Grand Prix,LEC,Ferrari,Disqualified,56,56,20,5721.361999,5746.023999,0.004310512
2023,19,2023-19,Mexico City Grand Prix,VER,Red Bull Racing,Finished,71,71,1,5684.975999,5684.975999,0
2023,19,2023-19,Mexico City Grand Prix,HAM,Mercedes,Finished,71,71,2,5684.975999,5719.852999,0.006134942
2023,19,2023-19,Mexico City Grand Prix,LEC,Ferrari,Finished,71,71,3,5684.975999,5725.028999,0.007045412
2023,19,2023-19,Mexico City Grand Prix,SAI,Ferrari,Finished,71,71,4,5684.975999,5739.236999,0.009544631
2023,19,2023-19,Mexico City Grand Prix,NOR,McLaren,Finished,71,71,5,5684.975999,6044.326999,0.063210645
2023,19,2023-19,Mexico City Grand Prix,RUS,Mercedes,Finished,71,71,6,5684.975999,6054.255999,0.064957178
2023,19,2023-19,Mexico City Grand Prix,RIC,Racing Bulls,Finished,71,71,7,5684.975999,5904.156999,0.038554428
2023,19,2023-19,Mexico City Grand Prix,PIA,McLaren,Finished,71,71,8,5684.975999,6056.085999,0.065279079
2023,19,2023-19,Mexico City Grand Prix,ALB,Williams,Finished,71,71,9,5684.975999,5909.212999,0.03944379
2023,19,2023-19,Mexico City Grand Prix,OCO,Alpine,Finished,71,71,10,5684.975999,6073.395999,0.068323947
2023,19,2023-19,Mexico City Grand Prix,GAS,Alpine,Finished,71,71,11,5684.975999,6077.330999,0.069016123
2023,19,2023-19,Mexico City Grand Prix,TSU,Racing Bulls,Finished,71,71,12,5684.975999,6093.990999,0.071946654
2023,19,2023-19,Mexico City Grand Prix,HUL,Haas F1 Team,Finished,71,71,13,5684.975999,6093.212999,0.071809802
2023,19,2023-19,Mexico City Grand Prix,ZHO,Kick Sauber,Finished,71,71,14,5684.975999,6094.400999,0.072018774
2023,19,2023-19,Mexico City Grand Prix,BOT,Kick Sauber,Finished,71,71,15,5684.975999,6091.970999,0.071591331
2023,19,2023-19,Mexico City Grand Prix,SAR,Williams,Retired,70,71,16,5684.975999,6088.469085,0.070975337
2023,19,2023-19,Mexico City Grand Prix,STR,Aston Martin,Collision damage,66,71,17,5684.975999,6115.023454,0.07564631
2023,19,2023-19,Mexico City Grand Prix,ALO,Aston Martin,Withdrew,47,71,18,5684.975999,,
2023,19,2023-19,Mexico City Grand Prix,MAG,Haas F1 Team,Accident,31,71,19,5684.975999,,
2023,19,2023-19,Mexico City Grand Prix,PER,Red Bull Racing,Collision damage,1,71,20,5684.975999,,
2023,20,2023-20,São Paulo Grand Prix,VER,Red Bull Racing,Finished,71,71,1,5476.882185,5483.723999,0.001249217
2023,20,2023-20,São Paulo Grand Prix,NOR,McLaren,Finished,71,71,2,5476.882185,5490.727999,0.002528047
2023,20,2023-20,São Paulo Grand Prix,ALO,Aston Martin,Finished,71,71,3,5476.882185,5512.022999,0.006416208
2023,20,2023-20,São Paulo Grand Prix,PER,Red Bull Racing,Finished,71,71,4,5476.882185,5511.855999,0.006385716
2023,20,2023-20,São Paulo Grand Prix,STR,Aston Martin,Finished,71,71,5,5476.882185,5519.254999,0.007736667
2023,20,2023-20,São Paulo Grand Prix,SAI,Ferrari,Finished,71,71,6,5476.882185,5525.678999,0.008909597
2023,20,2023-20,São Paulo Grand Prix,GAS,Alpine,Finished,71,71,7,5476.882185,5506.989999,0.005497254
2023,20,2023-20,São Paulo Grand Prix,HAM,Mercedes,Finished,71,71,8,5476.882185,5540.885999,0.011686177
2023,20,2023-20,São Paulo Grand Prix,TSU,Racing Bulls,Finished,71,71,9,5476.882185,5518.83,0.007659068
2023,20,2023-20,São Paulo Grand Prix,OCO,Alpine,Lapped,70,71,10,5476.882185,5533.8252,0.010396976
2023,20,2023-20,São Paulo Grand Prix,SAR,Williams,Lapped,70,71,11,5476.882185,5561.488828,0.015447957
2023,20,2023-20,São Paulo Grand Prix,HUL,Haas F1 Team,Lapped,70,71,12,5476.882185,5569.242028,0.01686358
2023,20,2023-20,São Paulo Grand Prix,RIC,Racing Bulls,Lapped,70,71,13,5476.882185,5476.882185,0
2023,20,2023-20,São Paulo Grand Prix,PIA,McLaren,Lapped,69,71,14,5476.882185,5482.135347,0.000959152
2023,20,2023-20,São Paulo Grand Prix,RUS,Mercedes,Retired,57,71,15,5476.882185,5631.320157,0.028198155
2023,20,2023-20,São Paulo Grand Prix,BOT,Kick Sauber,Retired,39,71,16,5476.882185,,
2023,20,2023-20,São Paulo Grand Prix,ZHO,Kick Sauber,Retired,22,71,17,5476.882185,,
2023,21,2023-21,Las Vegas Grand Prix,VER,Red Bull Racing,Finished,50,50,1,4494.136,4498.104,0.000882928
2023,21,2023-21,Las Vegas Grand Prix,LEC,Ferrari,Finished,50,50,2,4494.136,4494.136,0
2023,21,2023-21,Las Vegas Grand Prix,PER,Red Bull Racing,Finished,50,50,3,4494.136,4664.199,0.037841089
2023,21,2023-21,Las Vegas Grand Prix,OCO,Alpine,Finished,50,50,4,4494.136,4534.197,0.00891406
2023,21,2023-21,Las Vegas Grand Prix,STR,Aston Martin,Finished,50,50,5,4494.136,4672.887,0.039774275
2023,21,2023-21,Las Vegas Grand Prix,SAI,Ferrari,Finished,50,50,6,4494.136,4688.18,0.043177154
2023,21,2023-21,Las Vegas Grand Prix,HAM,Mercedes,Finished,50,50,7,4494.136,4716.719,0.049527429
2023,21,2023-21,Las Vegas Grand Prix,RUS,Mercedes,Finished,50,50,8,4494.136,4517.842,0.005274874
2023,21,2023-21,Las Vegas Grand Prix,ALO,Aston Martin,Finished,50,50,9,4494.136,4718.984,0.050031419
2023,21,2023-21,Las Vegas Grand Prix,PIA,McLaren,Finished,50,50,10,4494.136,4551.343,0.012729254
2023,21,2023-21,Las Vegas Grand Prix,GAS,Alpine,Finished,50,50,11,4494.136,4544.521,0.011211276
2023,21,2023-21,Las Vegas Grand Prix,ALB,Williams,Finished,50,50,12,4494.136,4557.635,0.014129301
2023,21,2023-21,Las Vegas Grand Prix,MAG,Haas F1 Team,Finished,50,50,13,4494.136,4576.58,0.018344794
2023,21,2023-21,Las Vegas Grand Prix,RIC,Racing Bulls,Finished,50,50,14,4494.136,4739.515,0.054599816
2023,21,2023-21,Las Vegas Grand Prix,ZHO,Kick Sauber,Finished,50,50,15,4494.136,4579.846,0.019071519
2023,21,2023-21,Las Vegas Grand Prix,SAR,Williams,Finished,50,50,16,4494.136,4571.024,0.017108517
2023,21,2023-21,Las Vegas Grand Prix,BOT,Kick Sauber,Finished,50,50,17,4494.136,5264.904,0.171505268
2023,21,2023-21,Las Vegas Grand Prix,TSU,Racing Bulls,Retired,46,50,18,4494.136,4908.916304,0.09229367
2023,21,2023-21,Las Vegas Grand Prix,HUL,Haas F1 Team,Retired,45,50,19,4494.136,4711.787777,0.048430171
2023,21,2023-21,Las Vegas Grand Prix,NOR,McLaren,Retired,2,50,20,4494.136,,
2023,22,2023-22,Abu Dhabi Grand Prix,VER,Red Bull Racing,Finished,58,58,1,5222.623999,5222.623999,0
2023,22,2023-22,Abu Dhabi Grand Prix,LEC,Ferrari,Finished,58,58,2,5222.623999,5240.616999,0.003445203
2023,22,2023-22,Abu Dhabi Grand Prix,RUS,Mercedes,Finished,58,58,3,5222.623999,5242.951999,0.003892296
2023,22,2023-22,Abu Dhabi Grand Prix,PER,Red Bull Racing,Finished,58,58,4,5222.623999,5239.076999,0.003150332
2023,22,2023-22,Abu Dhabi Grand Prix,NOR,McLaren,Finished,58,58,5,5222.623999,5246.907999,0.00464977
2023,22,2023-22,Abu Dhabi Grand Prix,PIA,McLaren,Finished,58,58,6,5222.623999,5254.110999,0.006028962
2023,22,2023-22,Abu Dhabi Grand Prix,ALO,Aston Martin,Finished,58,58,7,5222.623999,5262.135999,0.007565546
2023,22,2023-22,Abu Dhabi Grand Prix,TSU,Racing Bulls,Finished,58,58,8,5222.623999,5265.711999,0.008250259
2023,22,2023-22,Abu Dhabi Grand Prix,HAM,Mercedes,Finished,58,58,9,5222.623999,5267.047999,0.008506069
2023,22,2023-22,Abu Dhabi Grand Prix,STR,Aston Martin,Finished,58,58,10,5222.623999,5278.255999,0.010652117
2023,22,2023-22,Abu Dhabi Grand Prix,RIC,Racing Bulls,Finished,58,58,11,5222.623999,5278.852999,0.010766427
2023,22,2023-22,Abu Dhabi Grand Prix,OCO,Alpine,Finished,58,58,12,5222.623999,5288.996999,0.012708746
2023,22,2023-22,Abu Dhabi Grand Prix,GAS,Alpine,Finished,58,58,13,5222.623999,5292.983999,0.013472155
2023,22,2023-22,Abu Dhabi Grand Prix,ALB,Williams,Finished,58,58,14,5222.623999,5295.807999,0.014012879
2023,22,2023-22,Abu Dhabi Grand Prix,HUL,Haas F1 Team,Finished,58,58,15,5222.623999,5306.319999,0.016025661
2023,22,2023-22,Abu Dhabi Grand Prix,SAR,Williams,Finished,58,58,16,5222.623999,5310.414999,0.016809749
2023,22,2023-22,Abu Dhabi Grand Prix,ZHO,Kick Sauber,Finished,58,58,17,5222.623999,5312.046,0.017122045
2023,22,2023-22,Abu Dhabi Grand Prix,SAI,Ferrari,Retired,57,58,18,5222.623999,5302.342701,0.015264109
2023,22,2023-22,Abu Dhabi Grand Prix,BOT,Kick Sauber,Lapped,57,58,19,5222.623999,5326.877719,0.019961943
2023,22,2023-22,Abu Dhabi Grand Prix,MAG,Haas F1 Team,Lapped,57,58,20,5222.623999,5329.385964,0.020442208
2024,1,2024-01,Bahrain Grand Prix,VER,Red Bull Racing,Finished,57,57,1,5504.741999,5504.741999,0
2024,1,2024-01,Bahrain Grand Prix,PER,Red Bull Racing,Finished,57,57,2,5504.741999,5527.198999,0.004079574
2024,1,2024-01,Bahrain Grand Prix,SAI,Ferrari,Finished,57,57,3,5504.741999,5529.851999,0.004561522
2024,1,2024-01,Bahrain Grand Prix,LEC,Ferrari,Finished,57,57,4,5504.741999,5544.410999,0.007206332
2024,1,2024-01,Bahrain Grand Prix,RUS,Mercedes,Finished,57,57,5,5504.741999,5551.529999,0.008499581
2024,1,2024-01,Bahrain Grand Prix,NOR,McLaren,Finished,57,57,6,5504.741999,5553.199999,0.008802956
2024,1,2024-01,Bahrain Grand Prix,HAM,Mercedes,Finished,57,57,7,5504.741999,5555.065999,0.009141936
2024,1,2024-01,Bahrain Grand Prix,PIA,McLaren,Finished,57,57,8,5504.741999,5560.823999,0.010187943
2024,1,2024-01,Bahrain Grand Prix,ALO,Aston Martin,Finished,57,57,9,5504.741999,5579.628999,0.013604089
2024,1,2024-01,Bahrain Grand Prix,STR,Aston Martin,Finished,57,57,10,5504.741999,5597.957999,0.016933764
2024,1,2024-01,Bahrain Grand Prix,ZHO,Kick Sauber,Lapped,56,57,11,5504.741999,5609.92066,0.019106919
2024,1,2024-01,Bahrain Grand Prix,MAG,Haas F1 Team,Lapped,56,57,12,5504.741999,5611.505464,0.019394817
2024,1,2024-01,Bahrain Grand Prix,RIC,Racing Bulls,Lapped,56,57,13,5504.741999,5612.158928,0.019513527
2024,1,2024-01,Bahrain Grand Prix,TSU,Racing Bulls,Lapped,56,57,14,5504.741999,5612.692285,0.019610417
2024,1,2024-01,Bahrain Grand Prix,ALB,Williams,Lapped,56,57,15,5504.741999,5615.139214,0.02005493
2024,1,2024-01,Bahrain Grand Prix,HUL,Haas F1 Team,Lapped,56,57,16,5504.741999,5620.987821,0.021117397
2024,1,2024-01,Bahrain Grand Prix,OCO,Alpine,Lapped,56,57,17,5504.741999,5635.052571,0.023672421
2024,1,2024-01,Bahrain Grand Prix,GAS,Alpine,Lapped,56,57,18,5504.741999,5636.036839,0.023851225
2024,1,2024-01,Bahrain Grand Prix,BOT,Kick Sauber,Lapped,56,57,19,5504.741999,5514.45075,0.001763707
2024,1,2024-01,Bahrain Grand Prix,SAR,Williams,Lapped,55,57,20,5504.741999,5558.7198,0.009805691
2024,2,2024-02,Saudi Arabian Grand Prix,VER,Red Bull Racing,Finished,50,50,1,4493.195,4493.195,0
2024,2,2024-02,Saudi Arabian Grand Prix,PER,Red Bull Racing,Finished,50,50,2,4493.195,4505.651,0.002772192
2024,2,2024-02,Saudi Arabian Grand Prix,LEC,Ferrari,Finished,50,50,3,4493.195,4516.858,0.005266408
2024,2,2024-02,Saudi Arabian Grand Prix,PIA,McLaren,Finished,50,50,4,4493.195,4534.509,0.009194793
2024,2,2024-02,Saudi Arabian Grand Prix,ALO,Aston Martin,Finished,50,50,5,4493.195,4538.772,0.010143562
2024,2,2024-02,Saudi Arabian Grand Prix,RUS,Mercedes,Finished,50,50,6,4493.195,4548.153,0.012231385
2024,2,2024-02,Saudi Arabian Grand Prix,BEA,Ferrari,Finished,50,50,7,4493.195,4706.364,0.047442633
2024,2,2024-02,Saudi Arabian Grand Prix,NOR,McLaren,Finished,50,50,8,4493.195,4553.185,0.013351301
2024,2,2024-02,Saudi Arabian Grand Prix,HAM,Mercedes,Finished,50,50,9,4493.195,4557.842,0.014387757
2024,2,2024-02,Saudi Arabian Grand Prix,HUL,Haas F1 Team,Finished,50,50,10,4493.195,4596.702,0.023036392
2024,2,2024-02,Saudi Arabian Grand Prix,ALB,Williams,Finished,50,50,11,4493.195,4751.644,0.057520094
2024,2,2024-02,Saudi Arabian Grand Prix,MAG,Haas F1 Team,Finished,50,50,12,4493.195,4748.983,0.056927865
2024,2,2024-02,Saudi Arabian Grand Prix,OCO,Alpine,Lapped,49,50,13,4493.195,4766.230612,0.060766473
2024,2,2024-02,Saudi Arabian Grand Prix,SAR,Williams,Lapped,49,50,14,4493.195,4768.132653,0.061189789
2024,2,2024-02,Saudi Arabian Grand Prix,TSU,Racing Bulls,Lapped,49,50,15,4493.195,4764.534693,0.060389031
2024,2,2024-02,Saudi Arabian Grand Prix,RIC,Racing Bulls,Lapped,49,50,16,4493.195,4765.587755,0.060623399
2024,2,2024-02,Saudi Arabian Grand Prix,BOT,Kick Sauber,Lapped,49,50,17,4493.195,4784.75102,0.064888352
2024,2,2024-02,Saudi Arabian Grand Prix,ZHO,Kick Sauber,Lapped,49,50,18,4493.195,4802.374489,0.06881061
2024,2,2024-02,Saudi Arabian Grand Prix,STR,Aston Martin,Retired,5,50,19,4493.195,,
2024,2,2024-02,Saudi Arabian Grand Prix,GAS,Alpine,Retired,1,50,20,4493.195,,
2024,3,2024-03,Australian Grand Prix,SAI,Ferrari,Finished,58,58,1,4826.842999,4826.842999,0
2024,3,2024-03,Australian Grand Prix,LEC,Ferrari,Finished,58,58,2,4826.842999,4829.208999,0.000490175
2024,3,2024-03,Australian Grand Prix,NOR,McLaren,Finished,58,58,3,4826.842999,4832.746999,0.00122316
2024,3,2024-03,Australian Grand Prix,PIA,McLaren,Finished,58,58,4,4826.842999,4862.612999,0.007410641
2024,3,2024-03,Australian Grand Prix,PER,Red Bull Racing,Finished,58,58,5,4826.842999,4883.151999,0.011665803
2024,3,2024-03,Australian Grand Prix,STR,Aston Martin,Finished,58,58,6,4826.842999,4920.064999,0.019313245
2024,3,2024-03,Australian Grand Prix,TSU,Racing Bulls,Finished,58,58,7,4826.842999,4922.443999,0.019806113
2024,3,2024-03,Australian Grand Prix,ALO,Aston Martin,Finished,58,58,8,4826.842999,4907.834999,0.016779497
2024,3,2024-03,Australian Grand Prix,HUL,Haas F1 Team,Finished,58,58,9,4826.842999,4931.395999,0.021660742
2024,3,2024-03,Australian Grand Prix,MAG,Haas F1 Team,Lapped,57,58,10,4826.842999,4915.677052,0.018404173
2024,3,2024-03,Australian Grand Prix,ALB,Williams,Lapped,57,58,11,4826.842999,4916.621333,0.018599804
2024,3,2024-03,Australian Grand Prix,RIC,Racing Bulls,Lapped,57,58,12,4826.842999,4923.23435,0.019969854
2024,3,2024-03,Australian Grand Prix,GAS,Alpine,Lapped,57,58,13,4826.842999,4948.10821,0.02512309
2024,3,2024-03,Australian Grand Prix,BOT,Kick Sauber,Lapped,57,58,14,4826.842999,4954.593017,0.026466578
2024,3,2024-03,Australian Grand Prix,ZHO,Kick Sauber,Lapped,57,58,15,4826.842999,4956.594526,0.02688124
2024,3,2024-03,Australian Grand Prix,OCO,Alpine,Lapped,57,58,16,4826.842999,4966.450456,0.02892314
2024,3,2024-03,Australian Grand Prix,RUS,Mercedes,Retired,56,58,17,4826.842999,4852.045928,0.005221411
2024,3,2024-03,Australian Grand Prix,HAM,Mercedes,Retired,15,58,18,4826.842999,,
2024,3,2024-03,Australian Grand Prix,VER,Red Bull Racing,Retired,3,58,19,4826.842999,,
2024,4,2024-04,Japanese Grand Prix,VER,Red Bull Racing,Finished,53,53,1,4979.512999,4979.512999,0
2024,4,2024-04,Japanese Grand Prix,PER,Red Bull Racing,Finished,53,53,2,4979.512999,4993.088999,0.002726371
2024,4,2024-04,Japanese Grand Prix,SAI,Ferrari,Finished,53,53,3,4979.512999,5004.891999,0.005096683
2024,4,2024-04,Japanese Grand Prix,LEC,Ferrari,Finished,53,53,4,4979.512999,5025.416999,0.009218572
2024,4,2024-04,Japanese Grand Prix,NOR,McLaren,Finished,53,53,5,4979.512999,5011.330999,0.006389781
2024,4,2024-04,Japanese Grand Prix,ALO,Aston Martin,Finished,53,53,6,4979.512999,5030.604999,0.010260441
2024,4,2024-04,Japanese Grand Prix,RUS,Mercedes,Finished,53,53,7,4979.512999,5047.923999,0.013738492
2024,4,2024-04,Japanese Grand Prix,PIA,McLaren,Finished,53,53,8,4979.512999,5036.807999,0.011506145
2024,4,2024-04,Japanese Grand Prix,HAM,Mercedes,Finished,53,53,9,4979.512999,5045.065999,0.01316454
2024,4,2024-04,Japanese Grand Prix,TSU,Racing Bulls,Lapped,52,53,10,4979.512999,5108.369326,0.025877295
2024,4,2024-04,Japanese Grand Prix,HUL,Haas F1 Team,Lapped,52,53,11,4979.512999,5105.451269,0.025291283
2024,4,2024-04,Japanese Grand Prix,STR,Aston Martin,Lapped,52,53,12,4979.512999,5265.591788,0.057451158
2024,4,2024-04,Japanese Grand Prix,MAG,Haas F1 Team,Lapped,52,53,13,4979.512999,5275.461,0.059433121
2024,4,2024-04,Japanese Grand Prix,BOT,Kick Sauber,Lapped,52,53,14,4979.512999,5273.378711,0.05901495
2024,4,2024-04,Japanese Grand Prix,OCO,Alpine,Lapped,52,53,15,4979.512999,5292.97648,0.06295063
2024,4,2024-04,Japanese Grand Prix,GAS,Alpine,Lapped,52,53,16,4979.512999,5307.038807,0.065774667
2024,4,2024-04,Japanese Grand Prix,SAR,Williams,Lapped,52,53,17,4979.512999,5332.413576,0.0708705
2024,4,2024-04,Japanese Grand Prix,ZHO,Kick Sauber,Retired,12,53,18,4979.512999,,
2024,5,2024-05,Chinese Grand Prix,VER,Red Bull Racing,Finished,56,56,1,5577.478999,5577.478999,0
2024,5,2024-05,Chinese Grand Prix,NOR,McLaren,Finished,56,56,2,5577.478999,5909.449999,0.059519901
2024,5,2024-05,Chinese Grand Prix,PER,Red Bull Racing,Finished,56,56,3,5577.478999,5612.673999,0.006310199
2024,5,2024-05,Chinese Grand Prix,LEC,Ferrari,Finished,56,56,4,5577.478999,5619.11,0.007464125
2024,5,2024-05,Chinese Grand Prix,SAI,Ferrari,Finished,56,56,5,5577.478999,5782.635999,0.036783106
2024,5,2024-05,Chinese Grand Prix,RUS,Mercedes,Finished,56,56,6,5577.478999,5939.334999,0.064878057
2024,5,2024-05,Chinese Grand Prix,ALO,Aston Martin,Finished,56,56,7,5577.478999,5794.180999,0.038853037
2024,5,2024-05,Chinese Grand Prix,PIA,McLaren,Finished,56,56,8,5577.478999,5957.674999,0.068166281
2024,5,2024-05,Chinese Grand Prix,HAM,Mercedes,Finished,56,56,9,5577.478999,6110.539999,0.095573825
2024,5,2024-05,Chinese Grand Prix,HUL,Haas F1 Team,Finished,56,56,10,5577.478999,5962.654999,0.069059157
2024,5,2024-05,Chinese Grand Prix,OCO,Alpine,Finished,56,56,11,5577.478999,6115.365999,0.09643909
2024,5,2024-05,Chinese Grand Prix,ALB,Williams,Finished,56,56,12,5577.478999,6118.059999,0.096922104
2024,5,2024-05,Chinese Grand Prix,GAS,Alpine,Finished,56,56,13,5577.478999,6121.776999,0.097588534
2024,5,2024-05,Chinese Grand Prix,ZHO,Kick Sauber,Finished,56,56,14,5577.478999,5971.771999,0.070693767
2024,5,2024-05,Chinese Grand Prix,STR,Aston Martin,Finished,56,56,15,5577.478999,5607.575999,0.005396166
2024,5,2024-05,Chinese Grand Prix,MAG,Haas F1 Team,Finished,56,56,16,5577.478999,5969.498999,0.070286235
2024,5,2024-05,Chinese Grand Prix,SAR,Williams,Finished,56,56,17,5577.478999,6137.663999,0.100436954
2024,5,2024-05,Chinese Grand Prix,RIC,Racing Bulls,Retired,33,56,18,5577.478999,,
2024,5,2024-05,Chinese Grand Prix,TSU,Racing Bulls,Retired,26,56,19,5577.478999,,
2024,5,2024-05,Chinese Grand Prix,BOT,Kick Sauber,Retired,19,56,20,5577.478999,,
2024,6,2024-06,Miami Grand Prix,NOR,McLaren,Finished,57,57,1,5293.235999,5293.235999,0
2024,6,2024-06,Miami Grand Prix,VER,Red Bull Racing,Finished,57,57,2,5293.235999,5302.454999,0.001741657
2024,6,2024-06,Miami Grand Prix,LEC,Ferrari,Finished,57,57,3,5293.235999,5307.729999,0.002738212
2024,6,2024-06,Miami Grand Prix,PER,Red Bull Racing,Finished,57,57,4,5293.235999,5464.525999,0.032360167
2024,6,2024-06,Miami Grand Prix,SAI,Ferrari,Finished,57,57,5,5293.235999,5461.282999,0.031747498
2024,6,2024-06,Miami Grand Prix,HAM,Mercedes,Finished,57,57,6,5293.235999,5466.460999,0.032725728
2024,6,2024-06,Miami Grand Prix,TSU,Racing Bulls,Finished,57,57,7,5293.235999,5476.060999,0.034539363
2024,6,2024-06,Miami Grand Prix,RUS,Mercedes,Finished,57,57,8,5293.235999,5484.664999,0.036164834
2024,6,2024-06,Miami Grand Prix,ALO,Aston Martin,Finished,57,57,9,5293.235999,5486.982999,0.036602751
2024,6,2024-06,Miami Grand Prix,OCO,Alpine,Finished,57,57,10,5293.235999,5489.621999,0.037101312
2024,6,2024-06,Miami Grand Prix,HUL,Haas F1 Team,Finished,57,57,11,5293.235999,5490.664999,0.037298356
2024,6,2024-06,Miami Grand Prix,GAS,Alpine,Finished,57,57,12,5293.235999,5494.833999,0.038085965
2024,6,2024-06,Miami Grand Prix,PIA,McLaren,Finished,57,57,13,5293.235999,5349.190999,0.010571038
2024,6,2024-06,Miami Grand Prix,ZHO,Kick Sauber,Finished,57,57,14,5293.235999,5499.854999,0.039034534
2024,6,2024-06,Miami Grand Prix,RIC,Racing Bulls,Finished,57,57,15,5293.235999,5500.831999,0.039219109
2024,6,2024-06,Miami Grand Prix,BOT,Kick Sauber,Finished,57,57,16,5293.235999,5502.231999,0.039483598
2024,6,2024-06,Miami Grand Prix,STR,Aston Martin,Finished,57,57,17,5293.235999,5495.048999,0.038126583
2024,6,2024-06,Miami Grand Prix,ALB,Williams,Finished,57,57,18,5293.235999,5525.966999,0.043967622
2024,6,2024-06,Miami Grand Prix,MAG,Haas F1 Team,Finished,57,57,19,5293.235999,5504.558999,0.039923215
2024,6,2024-06,Miami Grand Prix,SAR,Williams,Retired,27,57,20,5293.235999,,
2024,7,2024-07,Emilia Romagna Grand Prix,VER,Red Bull Racing,Finished,63,63,1,5125.251999,5125.251999,0
2024,7,2024-07,Emilia Romagna Grand Prix,NOR,McLaren,Finished,63,63,2,5125.251999,5125.976999,0.000141456
2024,7,2024-07,Emilia Romagna Grand Prix,LEC,Ferrari,Finished,63,63,3,5125.251999,5133.167999,0.001544509
2024,7,2024-07,Emilia Romagna Grand Prix,PIA,McLaren,Finished,63,63,4,5125.251999,5139.383999,0.002757328
2024,7,2024-07,Emilia Romagna Grand Prix,SAI,Ferrari,Finished,63,63,5,5125.251999,5147.576999,0.004355883
2024,7,2024-07,Emilia Romagna Grand Prix,HAM,Mercedes,Finished,63,63,6,5125.251999,5160.355999,0.006849224
2024,7,2024-07,Emilia Romagna Grand Prix,RUS,Mercedes,Finished,63,63,7,5125.251999,5172.405999,0.009200328
2024,7,2024-07,Emilia Romagna Grand Prix,PER,Red Bull Racing,Finished,63,63,8,5125.251999,5180.027999,0.010687474
2024,7,2024-07,Emilia Romagna Grand Prix,STR,Aston Martin,Finished,63,63,9,5125.251999,5204.808,0.015522359
2024,7,2024-07,Emilia Romagna Grand Prix,TSU,Racing Bulls,Lapped,62,63,10,5125.251999,5226.061354,0.019669151
2024,7,2024-07,Emilia Romagna Grand Prix,HUL,Haas F1 Team,Lapped,62,63,11,5125.251999,5233.602048,0.021140433
2024,7,2024-07,Emilia Romagna Grand Prix,MAG,Haas F1 Team,Lapped,62,63,12,5125.251999,5234.777709,0.021369819
2024,7,2024-07,Emilia Romagna Grand Prix,RIC,Racing Bulls,Lapped,62,63,13,5125.251999,5236.0245,0.021613084
2024,7,2024-07,Emilia Romagna Grand Prix,OCO,Alpine,Lapped,62,63,14,5125.251999,5252.532532,0.024834005
2024,7,2024-07,Emilia Romagna Grand Prix,ZHO,Kick Sauber,Lapped,62,63,15,5125.251999,5253.57508,0.025037419
2024,7,2024-07,Emilia Romagna Grand Prix,GAS,Alpine,Lapped,62,63,16,5125.251999,5258.434209,0.025985495
2024,7,2024-07,Emilia Romagna Grand Prix,SAR,Williams,Lapped,62,63,17,5125.251999,5259.791758,0.02625037
2024,7,2024-07,Emilia Romagna Grand Prix,BOT,Kick Sauber,Lapped,62,63,18,5125.251999,5265.169112,0.027299558
2024,7,2024-07,Emilia Romagna Grand Prix,ALO,Aston Martin,Lapped,62,63,19,5125.251999,5284.253032,0.031023066
2024,7,2024-07,Emilia Romagna Grand Prix,ALB,Williams,Retired,51,63,20,5125.251999,5218.723588,0.018237462
2024,8,2024-08,Monaco Grand Prix,LEC,Ferrari,Finished,78,78,1,8417.696999,8417.696999,0
2024,8,2024-08,Monaco Grand Prix,PIA,McLaren,Finished,78,78,2,8417.696999,8426.578999,0.001055158
2024,8,2024-08,Monaco Grand Prix,SAI,Ferrari,Finished,78,78,3,8417.696999,8430.474999,0.001517992
2024,8,2024-08,Monaco Grand Prix,NOR,McLaren,Finished,78,78,4,8417.696999,8436.537999,0.002238261
2024,8,2024-08,Monaco Grand Prix,RUS,Mercedes,Finished,78,78,5,8417.696999,8446.696999,0.003445123
2024,8,2024-08,Monaco Grand Prix,VER,Red Bull Racing,Finished,78,78,6,8417.696999,8451.963999,0.004070828
2024,8,2024-08,Monaco Grand Prix,HAM,Mercedes,Finished,78,78,7,8417.696999,8457.649999,0.00474631
2024,8,2024-08,Monaco Grand Prix,TSU,Racing Bulls,Lapped,77,78,8,8417.696999,8747.184389,0.039142225
2024,8,2024-08,Monaco Grand Prix,ALB,Williams,Lapped,77,78,9,8417.696999,8761.938545,0.040894979
2024,8,2024-08,Monaco Grand Prix,GAS,Alpine,Lapped,77,78,10,8417.696999,8768.207922,0.041639765
2024,8,2024-08,Monaco Grand Prix,ALO,Aston Martin,Lapped,76,78,11,8417.696999,8825.70821,0.048470646
2024,8,2024-08,Monaco Grand Prix,RIC,Racing Bulls,Lapped,76,78,12,8417.696999,8826.129,0.048520635
2024,8,2024-08,Monaco Grand Prix,BOT,Kick Sauber,Lapped,76,78,13,8417.696999,8826.358894,0.048547945
2024,8,2024-08,Monaco Grand Prix,STR,Aston Martin,Lapped,76,78,14,8417.696999,8827.876815,0.04872827
2024,8,2024-08,Monaco Grand Prix,SAR,Williams,Lapped,76,78,15,8417.696999,8831.016315,0.049101235
2024,8,2024-08,Monaco Grand Prix,ZHO,Kick Sauber,Lapped,76,78,16,8417.696999,8878.467,0.05473825
2024,9,2024-09,Canadian Grand Prix,VER,Red Bull Racing,Finished,70,70,1,6347.926999,6347.926999,0
2024,9,2024-09,Canadian Grand Prix,NOR,McLaren,Finished,70,70,2,6347.926999,6351.805999,0.000611066
2024,9,2024-09,Canadian Grand Prix,RUS,Mercedes,Finished,70,70,3,6347.926999,6352.243999,0.000680065
2024,9,2024-09,Canadian Grand Prix,HAM,Mercedes,Finished,70,70,4,6347.926999,6352.841999,0.000774269
2024,9,2024-09,Canadian Grand Prix,PIA,McLaren,Finished,70,70,5,6347.926999,6358.125999,0.001606666
2024,9,2024-09,Canadian Grand Prix,ALO,Aston Martin,Finished,70,70,6,6347.926999,6365.436999,0.002758381
2024,9,2024-09,Canadian Grand Prix,STR,Aston Martin,Finished,70,70,7,6347.926999,6371.551999,0.003721687
2024,9,2024-09,Canadian Grand Prix,RIC,Racing Bulls,Finished,70,70,8,6347.926999,6376.598999,0.00451675
2024,9,2024-09,Canadian Grand Prix,GAS,Alpine,Finished,70,70,9,6347.926999,6377.947999,0.00472926
2024,9,2024-09,Canadian Grand Prix,OCO,Alpine,Finished,70,70,10,6347.926999,6378.239999,0.00477526
2024,9,2024-09,Canadian Grand Prix,HUL,Haas F1 Team,Finished,70,70,11,6347.926999,6378.750999,0.004855758
2024,9,2024-09,Canadian Grand Prix,MAG,Haas F1 Team,Finished,70,70,12,6347.926999,6379.179999,0.00492334
2024,9,2024-09,Canadian Grand Prix,BOT,Kick Sauber,Finished,70,70,13,6347.926999,6388.413999,0.006377988
2024,9,2024-09,Canadian Grand Prix,TSU,Racing Bulls,Finished,70,70,14,6347.926999,6400.620999,0.008300978
2024,9,2024-09,Canadian Grand Prix,ZHO,Kick Sauber,Lapped,69,70,15,6347.926999,6494.22971,0.023047321
2024,9,2024-09,Canadian Grand Prix,SAI,Ferrari,Retired,52,70,16,6347.926999,,
2024,9,2024-09,Canadian Grand Prix,ALB,Williams,Retired,52,70,17,6347.926999,,
2024,9,2024-09,Canadian Grand Prix,PER,Red Bull Racing,Retired,51,70,18,6347.926999,,
2024,9,2024-09,Canadian Grand Prix,LEC,Ferrari,Retired,40,70,19,6347.926999,,
2024,9,2024-09,Canadian Grand Prix,SAR,Williams,Retired,23,70,20,6347.926999,,
2024,10,2024-10,Spanish Grand Prix,VER,Red Bull Racing,Finished,66,66,1,5300.226999,5300.226999,0
2024,10,2024-10,Spanish Grand Prix,NOR,McLaren,Finished,66,66,2,5300.226999,5302.445999,0.000418661
2024,10,2024-10,Spanish Grand Prix,HAM,Mercedes,Finished,66,66,3,5300.226999,5318.016999,0.00335646
2024,10,2024-10,Spanish Grand Prix,RUS,Mercedes,Finished,66,66,4,5300.226999,5322.546999,0.00421114
2024,10,2024-10,Spanish Grand Prix,LEC,Ferrari,Finished,66,66,5,5300.226999,5322.935999,0.004284533
2024,10,2024-10,Spanish Grand Prix,SAI,Ferrari,Finished,66,66,6,5300.226999,5331.254999,0.005854089
2024,10,2024-10,Spanish Grand Prix,PIA,McLaren,Finished,66,66,7,5300.226999,5333.986999,0.006369539
2024,10,2024-10,Spanish Grand Prix,PER,Red Bull Racing,Finished,66,66,8,5300.226999,5359.750999,0.011230462
2024,10,2024-10,Spanish Grand Prix,GAS,Alpine,Finished,66,66,9,5300.226999,5362.251999,0.011702329
2024,10,2024-10,Spanish Grand Prix,OCO,Alpine,Finished,66,66,10,5300.226999,5372.115999,0.013563381
2024,10,2024-10,Spanish Grand Prix,HUL,Haas F1 Team,Finished,66,66,11,5300.226999,5374.441999,0.01400223
2024,10,2024-10,Spanish Grand Prix,ALO,Aston Martin,Lapped,65,66,12,5300.226999,5391.412061,0.017203992
2024,10,2024-10,Spanish Grand Prix,ZHO,Kick Sauber,Lapped,65,66,13,5300.226999,5397.483046,0.018349412
2024,10,2024-10,Spanish Grand Prix,STR,Aston Martin,Lapped,65,66,14,5300.226999,5407.409446,0.020222237
2024,10,2024-10,Spanish Grand Prix,RIC,Racing Bulls,Lapped,65,66,15,5300.226999,5426.496646,0.023823441
2024,10,2024-10,Spanish Grand Prix,BOT,Kick Sauber,Lapped,65,66,16,5300.226999,5435.902153,0.025597989
2024,10,2024-10,Spanish Grand Prix,MAG,Haas F1 Team,Lapped,65,66,17,5300.226999,5437.399846,0.025880561
2024,10,2024-10,Spanish Grand Prix,ALB,Williams,Lapped,65,66,18,5300.226999,5440.812553,0.02652444
2024,10,2024-10,Spanish Grand Prix,TSU,Racing Bulls,Lapped,65,66,19,5300.226999,5446.656092,0.027626947
2024,10,2024-10,Spanish Grand Prix,SAR,Williams,Lapped,64,66,20,5300.226999,5470.877156,0.032196764
2024,11,2024-11,Austrian Grand Prix,RUS,Mercedes,Finished,71,71,1,5062.797999,5062.797999,0
2024,11,2024-11,Austrian Grand Prix,PIA,McLaren,Finished,71,71,2,5062.797999,5064.703999,0.000376472
2024,11,2024-11,Austrian Grand Prix,SAI,Ferrari,Finished,71,71,3,5062.797999,5067.330999,0.000895355
2024,11,2024-11,Austrian Grand Prix,HAM,Mercedes,Finished,71,71,4,5062.797999,5085.939999,0.00457099
2024,11,2024-11,Austrian Grand Prix,VER,Red Bull Racing,Finished,71,71,5,5062.797999,5090.050999,0.005382992
2024,11,2024-11,Austrian Grand Prix,HUL,Haas F1 Team,Finished,71,71,6,5062.797999,5116.885999,0.010683421
2024,11,2024-11,Austrian Grand Prix,PER,Red Bull Racing,Finished,71,71,7,5062.797999,5117.469999,0.010798772
2024,11,2024-11,Austrian Grand Prix,MAG,Haas F1 Team,Finished,71,71,8,5062.797999,5123.152999,0.011921274
2024,11,2024-11,Austrian Grand Prix,RIC,Racing Bulls,Finished,71,71,9,5062.797999,5123.966999,0.012082054
2024,11,2024-11,Austrian Grand Prix,GAS,Alpine,Finished,71,71,10,5062.797999,5124.563999,0.012199973
2024,11,2024-11,Austrian Grand Prix,LEC,Ferrari,Finished,71,71,11,5062.797999,5129.853999,0.01324485
2024,11,2024-11,Austrian Grand Prix,OCO,Alpine,Finished,71,71,12,5062.797999,5131.122999,0.013495502
2024,11,2024-11,Austrian Grand Prix,STR,Aston Martin,Lapped,70,71,13,5062.797999,5145.503885,0.016336004
2024,11,2024-11,Austrian Grand Prix,TSU,Racing Bulls,Lapped,70,71,14,5062.797999,5148.456471,0.016919196
2024,11,2024-11,Austrian Grand Prix,ALB,Williams,Lapped,70,71,15,5062.797999,5146.144914,0.016462619
2024,11,2024-11,Austrian Grand Prix,BOT,Kick Sauber,Lapped,70,71,16,5062.797999,5154.775471,0.01816732
2024,11,2024-11,Austrian Grand Prix,ZHO,Kick Sauber,Lapped,70,71,17,5062.797999,5180.646857,0.023277417
2024,11,2024-11,Austrian Grand Prix,ALO,Aston Martin,Lapped,70,71,18,5062.797999,5183.464542,0.023833964
2024,11,2024-11,Austrian Grand Prix,SAR,Williams,Lapped,69,71,19,5062.797999,5216.037637,0.030267776
2024,11,2024-11,Austrian Grand Prix,NOR,McLaren,Lapped,64,71,20,5062.797999,5093.200531,0.006005085
2024,12,2024-12,British Grand Prix,HAM,Mercedes,Finished,52,52,1,4947.059,4947.059,0
2024,12,2024-12,British Grand Prix,VER,Red Bull Racing,Finished,52,52,2,4947.059,4948.523999,0.000296135
2024,12,2024-12,British Grand Prix,NOR,McLaren,Finished,52,52,3,4947.059,4954.605999,0.001525553
2024,12,2024-12,British Grand Prix,PIA,McLaren,Finished,52,52,4,4947.059,4959.487999,0.002512402
2024,12,2024-12,British Grand Prix,SAI,Ferrari,Finished,52,52,5,4947.059,4994.376999,0.009564875
2024,12,2024-12,British Grand Prix,HUL,Haas F1 Team,Finished,52,52,6,4947.059,5002.780999,0.011263662
2024,12,2024-12,British Grand Prix,STR,Aston Martin,Finished,52,52,7,4947.059,5003.627999,0.011434875
2024,12,2024-12,British Grand Prix,ALO,Aston Martin,Finished,52,52,8,4947.059,5010.635999,0.012851474
2024,12,2024-12,British Grand Prix,ALB,Williams,Finished,52,52,9,4947.059,5015.445999,0.013823769
2024,12,2024-12,British Grand Prix,TSU,Racing Bulls,Finished,52,52,10,4947.059,5026.361999,0.016030332
2024,12,2024-12,British Grand Prix,SAR,Williams,Finished,52,52,11,4947.059,5036.018999,0.017982401
2024,12,2024-12,British Grand Prix,MAG,Haas F1 Team,Finished,52,52,12,4947.059,5037.211999,0.018223554
2024,12,2024-12,British Grand Prix,RIC,Racing Bulls,Lapped,51,52,13,4947.059,5054.192,0.021655897
2024,12,2024-12,British Grand Prix,LEC,Ferrari,Lapped,51,52,14,4947.059,5085.326745,0.027949484
2024,12,2024-12,British Grand Prix,BOT,Kick Sauber,Lapped,51,52,15,4947.059,5086.701176,0.028227312
2024,12,2024-12,British Grand Prix,OCO,Alpine,Lapped,50,52,16,4947.059,5156.05064,0.042245633
2024,12,2024-12,British Grand Prix,PER,Red Bull Racing,Lapped,50,52,17,4947.059,5163.66656,0.043785118
2024,12,2024-12,British Grand Prix,ZHO,Kick Sauber,Lapped,50,52,18,4947.059,5201.5964,0.051452267
2024,12,2024-12,British Grand Prix,RUS,Mercedes,Retired,33,52,19,4947.059,,
2024,13,2024-13,Hungarian Grand Prix,PIA,McLaren,Finished,70,70,1,5881.988999,5881.988999,0
2024,13,2024-13,Hungarian Grand Prix,NOR,McLaren,Finished,70,70,2,5881.988999,5884.13,0.000363993
2024,13,2024-13,Hungarian Grand Prix,HAM,Mercedes,Finished,70,70,3,5881.988999,5896.868999,0.002529757
2024,13,2024-13,Hungarian Grand Prix,LEC,Ferrari,Finished,70,70,4,5881.988999,5901.674999,0.003346827
2024,13,2024-13,Hungarian Grand Prix,VER,Red Bull Racing,Finished,70,70,5,5881.988999,5903.338,0.003629555
2024,13,2024-13,Hungarian Grand Prix,SAI,Ferrari,Finished,70,70,6,5881.988999,5905.061999,0.003922653
2024,13,2024-13,Hungarian Grand Prix,PER,Red Bull Racing,Finished,70,70,7,5881.988999,5921.780999,0.006765059
2024,13,2024-13,Hungarian Grand Prix,RUS,Mercedes,Finished,70,70,8,5881.988999,5924.356999,0.007203006
2024,13,2024-13,Hungarian Grand Prix,TSU,Racing Bulls,Finished,70,70,9,5881.988999,5959.247999,0.013134843
2024,13,2024-13,Hungarian Grand Prix,STR,Aston Martin,Finished,70,70,10,5881.988999,5959.964999,0.01325674
2024,13,2024-13,Hungarian Grand Prix,ALO,Aston Martin,Finished,70,70,11,5881.988999,5964.448999,0.014019067
2024,13,2024-13,Hungarian Grand Prix,RIC,Racing Bulls,Lapped,69,70,12,5881.988999,5985.418985,0.017584186
2024,13,2024-13,Hungarian Grand Prix,HUL,Haas F1 Team,Lapped,69,70,13,5881.988999,6000.900144,0.020216145
2024,13,2024-13,Hungarian Grand Prix,ALB,Williams,Lapped,69,70,14,5881.988999,6004.537101,0.020834466
2024,13,2024-13,Hungarian Grand Prix,MAG,Haas F1 Team,Lapped,69,70,15,5881.988999,6013.193768,0.022306191
2024,13,2024-13,Hungarian Grand Prix,BOT,Kick Sauber,Lapped,69,70,16,5881.988999,6013.302318,0.022324645
2024,13,2024-13,Hungarian Grand Prix,SAR,Williams,Lapped,69,70,17,5881.988999,6020.588405,0.023563357
2024,13,2024-13,Hungarian Grand Prix,OCO,Alpine,Lapped,69,70,18,5881.988999,6029.047246,0.025001449
2024,13,2024-13,Hungarian Grand Prix,ZHO,Kick Sauber,Lapped,69,70,19,5881.988999,6031.754927,0.025461783
2024,13,2024-13,Hungarian Grand Prix,GAS,Alpine,Retired,33,70,20,5881.988999,,
2024,14,2024-14,Belgian Grand Prix,HAM,Mercedes,Finished,44,44,1,4797.039999,4797.565999,0.000109651
2024,14,2024-14,Belgian Grand Prix,PIA,McLaren,Finished,44,44,2,4797.039999,4798.212999,0.000244526
2024,14,2024-14,Belgian Grand Prix,LEC,Ferrari,Finished,44,44,3,4797.039999,4805.588999,0.001782141
2024,14,2024-14,Belgian Grand Prix,VER,Red Bull Racing,Finished,44,44,4,4797.039999,4806.265999,0.001923269
2024,14,2024-14,Belgian Grand Prix,NOR,McLaren,Finished,44,44,5,4797.039999,4806.89,0.00205335
2024,14,2024-14,Belgian Grand Prix,SAI,Ferrari,Finished,44,44,6,4797.039999,4816.834999,0.004126503
2024,14,2024-14,Belgian Grand Prix,PER,Red Bull Racing,Finished,44,44,7,4797.039999,4840.234999,0.009004511
2024,14,2024-14,Belgian Grand Prix,ALO,Aston Martin,Finished,44,44,8,4797.039999,4847.002999,0.010415381
2024,14,2024-14,Belgian Grand Prix,OCO,Alpine,Finished,44,44,9,4797.039999,4849.592,0.010955089
2024,14,2024-14,Belgian Grand Prix,RIC,Racing Bulls,Finished,44,44,10,4797.039999,4851.965999,0.011449977
2024,14,2024-14,Belgian Grand Prix,STR,Aston Martin,Finished,44,44,11,4797.039999,4860.050999,0.013135392
2024,14,2024-14,Belgian Grand Prix,ALB,Williams,Finished,44,44,12,4797.039999,4860.691,0.013268808
2024,14,2024-14,Belgian Grand Prix,GAS,Alpine,Finished,44,44,13,4797.039999,4861.404999,0.013417649
2024,14,2024-14,Belgian Grand Prix,MAG,Haas F1 Team,Finished,44,44,14,4797.039999,4863.670999,0.013890024
2024,14,2024-14,Belgian Grand Prix,BOT,Kick Sauber,Finished,44,44,15,4797.039999,4867.677999,0.014725331
2024,14,2024-14,Belgian Grand Prix,TSU,Racing Bulls,Finished,44,44,16,4797.039999,4873.776999,0.01599674
2024,14,2024-14,Belgian Grand Prix,SAR,Williams,Finished,44,44,17,4797.039999,4883.096999,0.017939604
2024,14,2024-14,Belgian Grand Prix,HUL,Haas F1 Team,Finished,44,44,18,4797.039999,4885.872999,0.018518295
2024,14,2024-14,Belgian Grand Prix,ZHO,Kick Sauber,Retired,5,44,19,4797.039999,,
2024,14,2024-14,Belgian Grand Prix,RUS,Mercedes,Disqualified,44,44,20,4797.039999,4797.039999,0
2024,15,2024-15,Dutch Grand Prix,NOR,McLaren,Finished,72,72,1,5445.518999,5445.518999,0
2024,15,2024-15,Dutch Grand Prix,VER,Red Bull Racing,Finished,72,72,2,5445.518999,5468.414999,0.004204558
2024,15,2024-15,Dutch Grand Prix,LEC,Ferrari,Finished,72,72,3,5445.518999,5470.957999,0.004671547
2024,15,2024-15,Dutch Grand Prix,PIA,McLaren,Finished,72,72,4,5445.518999,5472.855999,0.005020091
2024,15,2024-15,Dutch Grand Prix,SAI,Ferrari,Finished,72,72,5,5445.518999,5477.655999,0.00590155
2024,15,2024-15,Dutch Grand Prix,PER,Red Bull Racing,Finished,72,72,6,5445.518999,5485.060999,0.007261383
2024,15,2024-15,Dutch Grand Prix,RUS,Mercedes,Finished,72,72,7,5445.518999,5490.135999,0.008193342
2024,15,2024-15,Dutch Grand Prix,HAM,Mercedes,Finished,72,72,8,5445.518999,5495.117999,0.009108223
2024,15,2024-15,Dutch Grand Prix,GAS,Alpine,Lapped,71,72,9,5445.518999,5530.941633,0.015686775
2024,15,2024-15,Dutch Grand Prix,ALO,Aston Martin,Lapped,71,72,10,5445.518999,5535.940056,0.016604672
2024,15,2024-15,Dutch Grand Prix,HUL,Haas F1 Team,Lapped,71,72,11,5445.518999,5541.70107,0.017662609
2024,15,2024-15,Dutch Grand Prix,RIC,Racing Bulls,Lapped,71,72,12,5445.518999,5543.580169,0.018007681
2024,15,2024-15,Dutch Grand Prix,STR,Aston Martin,Lapped,71,72,13,5445.518999,5543.220169,0.017941572
2024,15,2024-15,Dutch Grand Prix,ALB,Williams,Lapped,71,72,14,5445.518999,5563.500845,0.021665859
2024,15,2024-15,Dutch Grand Prix,OCO,Alpine,Lapped,71,72,15,5445.518999,5569.754704,0.0228143
2024,15,2024-15,Dutch Grand Prix,SAR,Williams,Lapped,71,72,16,5445.518999,5587.66445,0.026103196
2024,15,2024-15,Dutch Grand Prix,TSU,Racing Bulls,Lapped,71,72,17,5445.518999,5588.28,0.026216234
2024,15,2024-15,Dutch Grand Prix,MAG,Haas F1 Team,Lapped,71,72,18,5445.518999,5588.848901,0.026320706
2024,15,2024-15,Dutch Grand Prix,BOT,Kick Sauber,Lapped,70,72,19,5445.518999,5604.446057,0.029184924
2024,15,2024-15,Dutch Grand Prix,ZHO,Kick Sauber,Lapped,70,72,20,5445.518999,5638.153371,0.035374842
2024,16,2024-16,Italian Grand Prix,LEC,Ferrari,Finished,53,53,1,4480.726999,4480.726999,0
2024,16,2024-16,Italian Grand Prix,PIA,McLaren,Finished,53,53,2,4480.726999,4483.390999,0.000594546
2024,16,2024-16,Italian Grand Prix,NOR,McLaren,Finished,53,53,3,4480.726999,4486.879999,0.001373215
2024,16,2024-16,Italian Grand Prix,SAI,Ferrari,Finished,53,53,4,4480.726999,4496.347999,0.003486265
2024,16,2024-16,Italian Grand Prix,HAM,Mercedes,Finished,53,53,5,4480.726999,4503.546999,0.005092924
2024,16,2024-16,Italian Grand Prix,VER,Red Bull Racing,Finished,53,53,6,4480.726999,4518.658999,0.008465591
2024,16,2024-16,Italian Grand Prix,RUS,Mercedes,Finished,53,53,7,4480.726999,4520.441999,0.008863517
2024,16,2024-16,Italian Grand Prix,PER,Red Bull Racing,Finished,53,53,8,4480.726999,4534.874999,0.012084646
2024,16,2024-16,Italian Grand Prix,ALB,Williams,Finished,53,53,9,4480.726999,4548.182999,0.0150547
2024,16,2024-16,Italian Grand Prix,MAG,Haas F1 Team,Finished,53,53,10,4480.726999,4539.028999,0.013011728
2024,16,2024-16,Italian Grand Prix,ALO,Aston Martin,Finished,53,53,11,4480.726999,4549.221999,0.015286582
2024,16,2024-16,Italian Grand Prix,COL,Williams,Finished,53,53,12,4480.726999,4562.034999,0.018146162
2024,16,2024-16,Italian Grand Prix,RIC,Racing Bulls,Finished,53,53,13,4480.726999,4559.178999,0.017508766
2024,16,2024-16,Italian Grand Prix,OCO,Alpine,Lapped,52,53,14,4480.726999,4579.797269,0.022110312
2024,16,2024-16,Italian Grand Prix,GAS,Alpine,Lapped,52,53,15,4480.726999,4585.591596,0.023403478
2024,16,2024-16,Italian Grand Prix,BOT,Kick Sauber,Lapped,52,53,16,4480.726999,4594.629115,0.025420454
2024,16,2024-16,Italian Grand Prix,HUL,Haas F1 Team,Lapped,52,53,17,4480.726999,4598.35848,0.026252767
2024,16,2024-16,Italian Grand Prix,ZHO,Kick Sauber,Lapped,52,53,18,4480.726999,4607.720115,0.028342078
2024,16,2024-16,Italian Grand Prix,STR,Aston Martin,Lapped,52,53,19,4480.726999,4611.239519,0.029127532
2024,16,2024-16,Italian Grand Prix,TSU,Racing Bulls,Retired,7,53,20,4480.726999,,
2024,17,2024-17,Azerbaijan Grand Prix,PIA,McLaren,Finished,50,51,1,5533.16646,5533.16646,0
2024,17,2024-17,Azerbaijan Grand Prix,LEC,Ferrari,Finished,50,51,2,5533.16646,5542.56984,0.001699457
2024,17,2024-17,Azerbaijan Grand Prix,RUS,Mercedes,Finished,50,51,3,5533.16646,5565.5229,0.005847726
2024,17,2024-17,Azerbaijan Grand Prix,NOR,McLaren,Finished,50,51,4,5533.16646,5571.21042,0.006875622
2024,17,2024-17,Azerbaijan Grand Prix,VER,Red Bull Racing,Finished,49,51,5,5533.16646,5562.218204,0.005250474
2024,17,2024-17,Azerbaijan Grand Prix,ALO,Aston Martin,Finished,50,51,6,5533.16646,5621.42298,0.015950455
2024,17,2024-17,Azerbaijan Grand Prix,ALB,Williams,Finished,50,51,7,5533.16646,5622.97746,0.016231393
2024,17,2024-17,Azerbaijan Grand Prix,COL,Williams,Finished,50,51,8,5533.16646,5624.82774,0.016565791
2024,17,2024-17,Azerbaijan Grand Prix,HAM,Mercedes,Finished,50,51,9,5533.16646,5626.96362,0.016951805
2024,17,2024-17,Azerbaijan Grand Prix,BEA,Haas F1 Team,Finished,50,51,10,5533.16646,5628.2427,0.017182971
2024,17,2024-17,Azerbaijan Grand Prix,HUL,Haas F1 Team,Finished,50,51,11,5533.16646,5630.02566,0.017505203
2024,17,2024-17,Azerbaijan Grand Prix,GAS,Alpine,Finished,50,51,12,5533.16646,5641.33032,0.019548275
2024,17,2024-17,Azerbaijan Grand Prix,RIC,Racing Bulls,Finished,49,51,13,5533.16646,5623.730448,0.016367479
2024,17,2024-17,Azerbaijan Grand Prix,ZHO,Kick Sauber,Finished,49,51,14,5533.16646,5644.223081,0.020071079
2024,17,2024-17,Azerbaijan Grand Prix,OCO,Alpine,Lapped,49,51,15,5533.16646,5655.004897,0.022019659
2024,17,2024-17,Azerbaijan Grand Prix,BOT,Kick Sauber,Lapped,49,51,16,5533.16646,5673.542877,0.025369997
2024,17,2024-17,Azerbaijan Grand Prix,PER,Red Bull Racing,Retired,49,51,17,5533.16646,5538.389755,0.000943997
2024,17,2024-17,Azerbaijan Grand Prix,SAI,Ferrari,Retired,49,51,18,5533.16646,5538.98302,0.001051217
2024,17,2024-17,Azerbaijan Grand Prix,STR,Aston Martin,Retired,45,51,19,5533.16646,5667.890666,0.024348482
2024,17,2024-17,Azerbaijan Grand Prix,TSU,Racing Bulls,Retired,14,51,20,5533.16646,,
2024,18,2024-18,Singapore Grand Prix,NOR,McLaren,Finished,62,62,1,6052.570999,6052.570999,0
2024,18,2024-18,Singapore Grand Prix,VER,Red Bull Racing,Finished,62,62,2,6052.570999,6073.515999,0.003460513
2024,18,2024-18,Singapore Grand Prix,PIA,McLaren,Finished,62,62,3,6052.570999,6094.393999,0.006909956
2024,18,2024-18,Singapore Grand Prix,RUS,Mercedes,Finished,62,62,4,6052.570999,6113.610999,0.010084971
2024,18,2024-18,Singapore Grand Prix,LEC,Ferrari,Finished,62,62,5,6052.570999,6115.000999,0.010314625
2024,18,2024-18,Singapore Grand Prix,HAM,Mercedes,Finished,62,62,6,6052.570999,6137.818999,0.014084593
2024,18,2024-18,Singapore Grand Prix,SAI,Ferrari,Finished,62,62,7,6052.570999,6148.609999,0.015867472
2024,18,2024-18,Singapore Grand Prix,ALO,Aston Martin,Lapped,61,62,8,6052.570999,6152.680786,0.016540043
2024,18,2024-18,Singapore Grand Prix,HUL,Haas F1 Team,Lapped,61,62,9,6052.570999,6154.98495,0.016920735
2024,18,2024-18,Singapore Grand Prix,PER,Red Bull Racing,Lapped,61,62,10,6052.570999,6156.493278,0.01716994
2024,18,2024-18,Singapore Grand Prix,COL,Williams,Lapped,61,62,11,6052.570999,6158.180491,0.017448699
2024,18,2024-18,Singapore Grand Prix,TSU,Racing Bulls,Lapped,61,62,12,6052.570999,6160.729606,0.017869862
2024,18,2024-18,Singapore Grand Prix,OCO,Alpine,Lapped,61,62,13,6052.570999,6196.519868,0.023783095
2024,18,2024-18,Singapore Grand Prix,STR,Aston Martin,Lapped,61,62,14,6052.570999,6200.144327,0.024381924
2024,18,2024-18,Singapore Grand Prix,ZHO,Kick Sauber,Lapped,61,62,15,6052.570999,6209.951508,0.026002257
2024,18,2024-18,Singapore Grand Prix,BOT,Kick Sauber,Lapped,61,62,16,6052.570999,6210.570491,0.026104525
2024,18,2024-18,Singapore Grand Prix,GAS,Alpine,Lapped,61,62,17,6052.570999,6211.820655,0.026311076
2024,18,2024-18,Singapore Grand Prix,RIC,Racing Bulls,Lapped,61,62,18,6052.570999,6243.06154,0.031472665
2024,18,2024-18,Singapore Grand Prix,MAG,Haas F1 Team,Retired,57,62,19,6052.570999,6136.09214,0.013799283
2024,18,2024-18,Singapore Grand Prix,ALB,Williams,Retired,15,62,20,6052.570999,,
2024,19,2024-19,United States Grand Prix,LEC,Ferrari,Finished,56,56,1,5389.65,5389.65,0
2024,19,2024-19,United States Grand Prix,SAI,Ferrari,Finished,56,56,2,5389.65,5399.880999,0.001898268
2024,19,2024-19,United States Grand Prix,VER,Red Bull Racing,Finished,56,56,3,5389.65,5409.931999,0.003763138
2024,19,2024-19,United States Grand Prix,NOR,McLaren,Finished,56,56,4,5389.65,5408.553999,0.003507463
2024,19,2024-19,United States Grand Prix,PIA,McLaren,Finished,56,56,5,5389.65,5567.305999,0.032962437
2024,19,2024-19,United States Grand Prix,RUS,Mercedes,Finished,56,56,6,5389.65,5615.813,0.041962465
2024,19,2024-19,United States Grand Prix,PER,Red Bull Racing,Finished,56,56,7,5389.65,5462.535999,0.013523327
2024,19,2024-19,United States Grand Prix,HUL,Haas F1 Team,Finished,56,56,8,5389.65,5618.978999,0.042549887
2024,19,2024-19,United States Grand Prix,LAW,Racing Bulls,Finished,56,56,9,5389.65,5479.005999,0.016579184
2024,19,2024-19,United States Grand Prix,COL,Williams,Finished,56,56,10,5389.65,5630.788999,0.044741124
2024,19,2024-19,United States Grand Prix,MAG,Haas F1 Team,Finished,56,56,11,5389.65,5479.321999,0.016637815
2024,19,2024-19,United States Grand Prix,GAS,Alpine,Finished,56,56,12,5389.65,5634.989999,0.045520581
2024,19,2024-19,United States Grand Prix,ALO,Aston Martin,Lapped,55,56,13,5389.65,5657.860218,0.04976394
2024,19,2024-19,United States Grand Prix,TSU,Racing Bulls,Lapped,55,56,14,5389.65,5504.3632,0.021283979
2024,19,2024-19,United States Grand Prix,STR,Aston Martin,Lapped,55,56,15,5389.65,5522.726109,0.024691048
2024,19,2024-19,United States Grand Prix,ALB,Williams,Lapped,55,56,16,5389.65,5672.893672,0.052553259
2024,19,2024-19,United States Grand Prix,BOT,Kick Sauber,Lapped,55,56,17,5389.65,5695.332363,0.056716552
2024,19,2024-19,United States Grand Prix,OCO,Alpine,Lapped,55,56,18,5389.65,5702.919854,0.058124341
2024,19,2024-19,United States Grand Prix,ZHO,Kick Sauber,Lapped,55,56,19,5389.65,5863.58589,0.087934447
2024,19,2024-19,United States Grand Prix,HAM,Mercedes,Retired,1,56,20,5389.65,,
2024,20,2024-20,Mexico City Grand Prix,SAI,Ferrari,Finished,71,71,1,6055.799999,6055.799999,0
2024,20,2024-20,Mexico City Grand Prix,NOR,McLaren,Finished,71,71,2,6055.799999,6060.504999,0.000776941
2024,20,2024-20,Mexico City Grand Prix,LEC,Ferrari,Finished,71,71,3,6055.799999,6090.186999,0.005678358
2024,20,2024-20,Mexico City Grand Prix,HAM,Mercedes,Finished,71,71,4,6055.799999,6100.579999,0.007394564
2024,20,2024-20,Mexico City Grand Prix,RUS,Mercedes,Finished,71,71,5,6055.799999,6104.335999,0.008014796
2024,20,2024-20,Mexico City Grand Prix,VER,Red Bull Racing,Finished,71,71,6,6055.799999,6115.357999,0.009834869
2024,20,2024-20,Mexico City Grand Prix,MAG,Haas F1 Team,Finished,71,71,7,6055.799999,6119.441999,0.010509264
2024,20,2024-20,Mexico City Grand Prix,PIA,McLaren,Finished,71,71,8,6055.799999,6120.727999,0.010721622
2024,20,2024-20,Mexico City Grand Prix,HUL,Haas F1 Team,Lapped,70,71,9,6055.799999,6145.070285,0.014741287
2024,20,2024-20,Mexico City Grand Prix,GAS,Alpine,Lapped,70,71,10,6055.799999,6161.163957,0.01739885
2024,20,2024-20,Mexico City Grand Prix,STR,Aston Martin,Lapped,70,71,11,6055.799999,6167.7416,0.018485023
2024,20,2024-20,Mexico City Grand Prix,COL,Williams,Lapped,70,71,12,6055.799999,6170.201242,0.018891186
2024,20,2024-20,Mexico City Grand Prix,OCO,Alpine,Lapped,70,71,13,6055.799999,6182.541042,0.020928869
2024,20,2024-20,Mexico City Grand Prix,BOT,Kick Sauber,Lapped,70,71,14,6055.799999,6185.141671,0.021358313
2024,20,2024-20,Mexico City Grand Prix,ZHO,Kick Sauber,Lapped,70,71,15,6055.799999,6204.915171,0.02462353
2024,20,2024-20,Mexico City Grand Prix,LAW,Racing Bulls,Lapped,70,71,16,6055.799999,6207.698371,0.025083122
2024,20,2024-20,Mexico City Grand Prix,PER,Red Bull Racing,Lapped,70,71,17,6055.799999,6216.642342,0.026560049
2024,20,2024-20,Mexico City Grand Prix,ALO,Aston Martin,Retired,15,71,18,6055.799999,,
2024,21,2024-21,São Paulo Grand Prix,VER,Red Bull Racing,Finished,69,69,1,5899.390999,5899.390999,0
2024,21,2024-21,São Paulo Grand Prix,OCO,Alpine,Finished,69,69,2,5899.390999,5917.852999,0.003129476
2024,21,2024-21,São Paulo Grand Prix,GAS,Alpine,Finished,69,69,3,5899.390999,5925.653999,0.004451815
2024,21,2024-21,São Paulo Grand Prix,RUS,Mercedes,Finished,69,69,4,5899.390999,5930.003999,0.00518918
2024,21,2024-21,São Paulo Grand Prix,LEC,Ferrari,Finished,69,69,5,5899.390999,5939.669999,0.006827654
2024,21,2024-21,São Paulo Grand Prix,NOR,McLaren,Finished,69,69,6,5899.390999,5936.151999,0.006231321
2024,21,2024-21,São Paulo Grand Prix,TSU,Racing Bulls,Finished,69,69,7,5899.390999,5949.699999,0.008527829
2024,21,2024-21,São Paulo Grand Prix,PIA,McLaren,Finished,69,69,8,5899.390999,5947.050999,0.0080788
2024,21,2024-21,São Paulo Grand Prix,LAW,Racing Bulls,Finished,69,69,9,5899.390999,5971.703999,0.012257706
2024,21,2024-21,São Paulo Grand Prix,HAM,Mercedes,Finished,69,69,10,5899.390999,5971.720999,0.012260588
2024,21,2024-21,São Paulo Grand Prix,PER,Red Bull Racing,Finished,69,69,11,5899.390999,5988.623999,0.015125799
2024,21,2024-21,São Paulo Grand Prix,BEA,Haas F1 Team,Finished,69,69,12,5899.390999,5987.936999,0.015009346
2024,21,2024-21,São Paulo Grand Prix,BOT,Kick Sauber,Finished,69,69,13,5899.390999,5998.715999,0.016836484
2024,21,2024-21,São Paulo Grand Prix,ALO,Aston Martin,Finished,69,69,14,5899.390999,5995.299999,0.016257441
2024,21,2024-21,São Paulo Grand Prix,ZHO,Kick Sauber,Finished,69,69,15,5899.390999,5967.479999,0.0115417
2024,21,2024-21,São Paulo Grand Prix,SAI,Ferrari,Retired,38,69,16,5899.390999,,
2024,21,2024-21,São Paulo Grand Prix,COL,Williams,Retired,30,69,17,5899.390999,,
2024,21,2024-21,São Paulo Grand Prix,HUL,Haas F1 Team,Disqualified,29,69,20,5899.390999,,
2024,22,2024-22,Las Vegas Grand Prix,RUS,Mercedes,Finished,50,50,1,4925.969,4925.969,0
2024,22,2024-22,Las Vegas Grand Prix,HAM,Mercedes,Finished,50,50,2,4925.969,4933.282,0.001484581
2024,22,2024-22,Las Vegas Grand Prix,SAI,Ferrari,Finished,50,50,3,4925.969,4937.875,0.002416986
2024,22,2024-22,Las Vegas Grand Prix,LEC,Ferrari,Finished,50,50,4,4925.969,4940.252,0.002899531
2024,22,2024-22,Las Vegas Grand Prix,VER,Red Bull Racing,Finished,50,50,5,4925.969,4942.551,0.003366241
2024,22,2024-22,Las Vegas Grand Prix,NOR,McLaren,Finished,50,50,6,4925.969,4969.354,0.008807404
2024,22,2024-22,Las Vegas Grand Prix,PIA,McLaren,Finished,50,50,7,4925.969,4977.334,0.01042739
2024,22,2024-22,Las Vegas Grand Prix,HUL,Haas F1 Team,Finished,50,50,8,4925.969,4985.777,0.012141368
2024,22,2024-22,Las Vegas Grand Prix,TSU,Racing Bulls,Finished,50,50,9,4925.969,4988.777,0.012750385
2024,22,2024-22,Las Vegas Grand Prix,PER,Red Bull Racing,Finished,50,50,10,4925.969,4989.083,0.012812505
2024,22,2024-22,Las Vegas Grand Prix,ALO,Aston Martin,Finished,50,50,11,4925.969,4995.164,0.014046982
2024,22,2024-22,Las Vegas Grand Prix,MAG,Haas F1 Team,Finished,50,50,12,4925.969,4995.772,0.01417041
2024,22,2024-22,Las Vegas Grand Prix,ZHO,Kick Sauber,Finished,50,50,13,4925.969,5000.054,0.015039681
2024,22,2024-22,Las Vegas Grand Prix,COL,Williams,Finished,50,50,14,4925.969,5001.141,0.015260348
2024,22,2024-22,Las Vegas Grand Prix,STR,Aston Martin,Finished,50,50,15,4925.969,5010.071,0.017073189
2024,22,2024-22,Las Vegas Grand Prix,LAW,Racing Bulls,Finished,50,50,16,4925.969,5016.974,0.018474538
2024,22,2024-22,Las Vegas Grand Prix,OCO,Alpine,Lapped,49,50,17,4925.969,5028.60102,0.02083489
2024,22,2024-22,Las Vegas Grand Prix,BOT,Kick Sauber,Lapped,49,50,18,4925.969,5038.014285,0.022745836
2024,22,2024-22,Las Vegas Grand Prix,ALB,Williams,Retired,25,50,19,4925.969,,
2024,22,2024-22,Las Vegas Grand Prix,GAS,Alpine,Retired,15,50,20,4925.969,,
2024,23,2024-23,Qatar Grand Prix,VER,Red Bull Racing,Finished,57,57,1,4823.347999,4823.347999,0
2024,23,2024-23,Qatar Grand Prix,LEC,Ferrari,Finished,57,57,2,4823.347999,5146.665999,0.067031863
2024,23,2024-23,Qatar Grand Prix,PIA,McLaren,Finished,57,57,3,4823.347999,5306.601999,0.100190573
2024,23,2024-23,Qatar Grand Prix,RUS,Mercedes,Finished,57,57,4,4823.347999,5474.426999,0.134984869
2024,23,2024-23,Qatar Grand Prix,GAS,Alpine,Finished,57,57,5,4823.347999,5482.104999,0.13657671
2024,23,2024-23,Qatar Grand Prix,SAI,Ferrari,Finished,57,57,6,4823.347999,5482.798999,0.136720593
2024,23,2024-23,Qatar Grand Prix,ALO,Aston Martin,Finished,57,57,7,4823.347999,5485.189999,0.137216307
2024,23,2024-23,Qatar Grand Prix,ZHO,Kick Sauber,Finished,57,57,8,4823.347999,5490.682999,0.138355143
2024,23,2024-23,Qatar Grand Prix,MAG,Haas F1 Team,Finished,57,57,9,4823.347999,5497.499999,0.139768476
2024,23,2024-23,Qatar Grand Prix,NOR,McLaren,Finished,57,57,10,4823.347999,5012.329999,0.039180669
2024,23,2024-23,Qatar Grand Prix,BOT,Kick Sauber,Finished,57,57,11,4823.347999,5194.375999,0.076923332
2024,23,2024-23,Qatar Grand Prix,HAM,Mercedes,Finished,57,57,12,4823.347999,5173.713999,0.072639586
2024,23,2024-23,Qatar Grand Prix,TSU,Racing Bulls,Finished,57,57,13,4823.347999,5526.422999,0.145764933
2024,23,2024-23,Qatar Grand Prix,LAW,Racing Bulls,Finished,57,57,14,4823.347999,5368.542999,0.113032483
2024,23,2024-23,Qatar Grand Prix,ALB,Williams,Lapped,56,57,15,4823.347999,5576.118642,0.156068076
2024,23,2024-23,Qatar Grand Prix,HUL,Haas F1 Team,Retired,39,57,16,4823.347999,,
2024,23,2024-23,Qatar Grand Prix,PER,Red Bull Racing,Retired,38,57,17,4823.347999,,
2024,23,2024-23,Qatar Grand Prix,STR,Aston Martin,Retired,8,57,18,4823.347999,,
2024,24,2024-24,Abu Dhabi Grand Prix,NOR,McLaren,Finished,58,58,1,5193.291,5193.291,0
2024,24,2024-24,Abu Dhabi Grand Prix,SAI,Ferrari,Finished,58,58,2,5193.291,5199.122999,0.001122987
2024,24,2024-24,Abu Dhabi Grand Prix,LEC,Ferrari,Finished,58,58,3,5193.291,5225.218999,0.006147932
2024,24,2024-24,Abu Dhabi Grand Prix,HAM,Mercedes,Finished,58,58,4,5193.291,5229.773999,0.007025025
2024,24,2024-24,Abu Dhabi Grand Prix,RUS,Mercedes,Finished,58,58,5,5193.291,5230.828999,0.007228172
2024,24,2024-24,Abu Dhabi Grand Prix,VER,Red Bull Racing,Finished,58,58,6,5193.291,5243.137999,0.009598345
2024,24,2024-24,Abu Dhabi Grand Prix,GAS,Alpine,Finished,58,58,7,5193.291,5265.850999,0.013971872
2024,24,2024-24,Abu Dhabi Grand Prix,HUL,Haas F1 Team,Finished,58,58,8,5193.291,5268.844999,0.014548385
2024,24,2024-24,Abu Dhabi Grand Prix,ALO,Aston Martin,Finished,58,58,9,5193.291,5275.663999,0.015861426
2024,24,2024-24,Abu Dhabi Grand Prix,PIA,McLaren,Finished,58,58,10,5193.291,5277.111999,0.016140247
2024,24,2024-24,Abu Dhabi Grand Prix,ALB,Williams,Lapped,57,58,11,5193.291,5295.849754,0.019748316
2024,24,2024-24,Abu Dhabi Grand Prix,TSU,Racing Bulls,Lapped,57,58,12,5193.291,5299.397929,0.020431539
2024,24,2024-24,Abu Dhabi Grand Prix,ZHO,Kick Sauber,Lapped,57,58,13,5193.291,5302.008947,0.020934307
2024,24,2024-24,Abu Dhabi Grand Prix,STR,Aston Martin,Lapped,57,58,14,5193.291,5298.110736,0.020183682
2024,24,2024-24,Abu Dhabi Grand Prix,DOO,Alpine,Lapped,57,58,15,5193.291,5311.422245,0.022746895
2024,24,2024-24,Abu Dhabi Grand Prix,MAG,Haas F1 Team,Lapped,57,58,16,5193.291,5363.359719,0.032747774
2024,24,2024-24,Abu Dhabi Grand Prix,LAW,Racing Bulls,Retired,55,58,17,5193.291,5353.87349,0.030921142
2024,24,2024-24,Abu Dhabi Grand Prix,BOT,Kick Sauber,Retired,30,58,18,5193.291,,
2024,24,2024-24,Abu Dhabi Grand Prix,COL,Williams,Retired,26,58,19,5193.291,,
2025,1,2025-01,Australian Grand Prix,NOR,McLaren,Finished,57,57,1,5295.55526,5481.699999,0.035151128
2025,1,2025-01,Australian Grand Prix,VER,Red Bull Racing,Finished,57,57,2,5295.55526,5477.080999,0.034278887
2025,1,2025-01,Australian Grand Prix,RUS,Mercedes,Finished,57,57,3,5295.55526,5495.375999,0.037733671
2025,1,2025-01,Australian Grand Prix,ANT,Mercedes,Finished,57,57,4,5295.55526,5647.285999,0.066419992
2025,1,2025-01,Australian Grand Prix,ALB,Williams,Finished,57,57,5,5295.55526,5652.308999,0.067368524
2025,1,2025-01,Australian Grand Prix,STR,Aston Martin,Finished,57,57,6,5295.55526,5655.426999,0.067957319
2025,1,2025-01,Australian Grand Prix,HUL,Kick Sauber,Finished,57,57,7,5295.55526,5655.968999,0.068059669
2025,1,2025-01,Australian Grand Prix,LEC,Ferrari,Finished,57,57,8,5295.55526,5508.476999,0.040207632
2025,1,2025-01,Australian Grand Prix,PIA,McLaren,Finished,57,57,9,5295.55526,5308.391999,0.002424059
2025,1,2025-01,Australian Grand Prix,HAM,Ferrari,Finished,57,57,10,5295.55526,5510.260999,0.040544519
2025,1,2025-01,Australian Grand Prix,GAS,Alpine,Finished,57,57,11,5295.55526,5664.014999,0.069579057
2025,1,2025-01,Australian Grand Prix,TSU,Racing Bulls,Finished,57,57,12,5295.55526,5516.541999,0.041730608
2025,1,2025-01,Australian Grand Prix,OCO,Haas F1 Team,Finished,57,57,13,5295.55526,5503.980999,0.039358618
2025,1,2025-01,Australian Grand Prix,BEA,Haas F1 Team,Finished,57,57,14,5295.55526,5505.113999,0.039572571
2025,1,2025-01,Australian Grand Prix,LAW,Red Bull Racing,Retired,46,57,15,5295.55526,5295.55526,0
2025,1,2025-01,Australian Grand Prix,BOR,Kick Sauber,Retired,45,57,16,5295.55526,5331.249266,0.006740371
2025,1,2025-01,Australian Grand Prix,ALO,Aston Martin,Retired,32,57,17,5295.55526,,
2025,2,2025-02,Chinese Grand Prix,PIA,McLaren,Finished,56,56,1,5455.025999,5455.025999,0
2025,2,2025-02,Chinese Grand Prix,NOR,McLaren,Finished,56,56,2,5455.025999,5464.774,0.001786976
2025,2,2025-02,Chinese Grand Prix,RUS,Mercedes,Finished,56,56,3,5455.025999,5466.122999,0.002034271
2025,2,2025-02,Chinese Grand Prix,VER,Red Bull Racing,Finished,56,56,4,5455.025999,5471.681999,0.003053331
2025,2,2025-02,Chinese Grand Prix,OCO,Haas F1 Team,Finished,56,56,5,5455.025999,5504.994999,0.009160176
2025,2,2025-02,Chinese Grand Prix,ANT,Mercedes,Finished,56,56,6,5455.025999,5508.773999,0.009852932
2025,2,2025-02,Chinese Grand Prix,ALB,Williams,Finished,56,56,7,5455.025999,5511.346999,0.010324607
2025,2,2025-02,Chinese Grand Prix,BEA,Haas F1 Team,Finished,56,56,8,5455.025999,5516.329,0.011237893
2025,2,2025-02,Chinese Grand Prix,STR,Aston Martin,Finished,56,56,9,5455.025999,5525.229999,0.0128696
2025,2,2025-02,Chinese Grand Prix,SAI,Williams,Finished,56,56,10,5455.025999,5531.412999,0.01400305
2025,2,2025-02,Chinese Grand Prix,HAD,Racing Bulls,Finished,56,56,11,5455.025999,5533.900999,0.014459143
2025,2,2025-02,Chinese Grand Prix,LAW,Red Bull Racing,Finished,56,56,12,5455.025999,5536.172999,0.014875639
2025,2,2025-02,Chinese Grand Prix,DOO,Alpine,Finished,56,56,13,5455.025999,5533.426999,0.01437225
2025,2,2025-02,Chinese Grand Prix,BOR,Kick Sauber,Lapped,55,56,14,5455.025999,5565.159854,0.020189428
2025,2,2025-02,Chinese Grand Prix,HUL,Kick Sauber,Lapped,55,56,15,5455.025999,5574.802036,0.021957006
2025,2,2025-02,Chinese Grand Prix,TSU,Racing Bulls,Lapped,55,56,16,5455.025999,5578.146763,0.022570152
2025,2,2025-02,Chinese Grand Prix,ALO,Aston Martin,Retired,4,56,17,5455.025999,,
2025,2,2025-02,Chinese Grand Prix,LEC,Ferrari,Disqualified,56,56,18,5455.025999,5478.236999,0.004254975
2025,2,2025-02,Chinese Grand Prix,HAM,Ferrari,Disqualified,56,56,19,5455.025999,5480.406999,0.004652773
2025,2,2025-02,Chinese Grand Prix,GAS,Alpine,Disqualified,56,56,20,5455.025999,5522.220999,0.012317998
2025,3,2025-03,Japanese Grand Prix,VER,Red Bull Racing,Finished,53,53,1,4926.982999,4926.982999,0
2025,3,2025-03,Japanese Grand Prix,NOR,McLaren,Finished,53,53,2,4926.982999,4928.405999,0.000288818
2025,3,2025-03,Japanese Grand Prix,PIA,McLaren,Finished,53,53,3,4926.982999,4929.111999,0.00043211
2025,3,2025-03,Japanese Grand Prix,LEC,Ferrari,Finished,53,53,4,4926.982999,4943.079999,0.003267111
2025,3,2025-03,Japanese Grand Prix,RUS,Mercedes,Finished,53,53,5,4926.982999,4944.344999,0.00352386
2025,3,2025-03,Japanese Grand Prix,ANT,Mercedes,Finished,53,53,6,4926.982999,4945.653999,0.00378954
2025,3,2025-03,Japanese Grand Prix,HAM,Ferrari,Finished,53,53,7,4926.982999,4956.164999,0.005922894
2025,3,2025-03,Japanese Grand Prix,HAD,Racing Bulls,Finished,53,53,8,4926.982999,4964.116999,0.007536864
2025,3,2025-03,Japanese Grand Prix,ALB,Williams,Finished,53,53,9,4926.982999,4967.349999,0.008193046
2025,3,2025-03,Japanese Grand Prix,BEA,Haas F1 Team,Finished,53,53,10,4926.982999,4981.511999,0.011067422
2025,3,2025-03,Japanese Grand Prix,ALO,Aston Martin,Finished,53,53,11,4926.982999,4984.315999,0.011636533
2025,3,2025-03,Japanese Grand Prix,TSU,Red Bull Racing,Finished,53,53,12,4926.982999,4985.383999,0.011853298
2025,3,2025-03,Japanese Grand Prix,GAS,Alpine,Finished,53,53,13,4926.982999,4989.104999,0.012608527
2025,3,2025-03,Japanese Grand Prix,SAI,Williams,Finished,53,53,14,4926.982999,5001.111999,0.015045516
2025,3,2025-03,Japanese Grand Prix,DOO,Alpine,Finished,53,53,15,4926.982999,5008.296999,0.016503812
2025,3,2025-03,Japanese Grand Prix,HUL,Kick Sauber,Finished,53,53,16,4926.982999,5008.939999,0.016634318
2025,3,2025-03,Japanese Grand Prix,LAW,Racing Bulls,Finished,53,53,17,4926.982999,5009.716999,0.016792021
2025,3,2025-03,Japanese Grand Prix,OCO,Haas F1 Team,Finished,53,53,18,4926.982999,5010.420999,0.016934907
2025,3,2025-03,Japanese Grand Prix,BOR,Kick Sauber,Finished,53,53,19,4926.982999,5010.879999,0.017028068
2025,3,2025-03,Japanese Grand Prix,STR,Aston Martin,Lapped,52,53,20,4926.982999,5034.910307,0.021905354
2025,4,2025-04,Bahrain Grand Prix,PIA,McLaren,Finished,57,57,1,5573.364999,5573.364999,0
2025,4,2025-04,Bahrain Grand Prix,RUS,Mercedes,Finished,57,57,2,5573.364999,5597.129999,0.004264031
2025,4,2025-04,Bahrain Grand Prix,NOR,McLaren,Finished,57,57,3,5573.364999,5599.103999,0.004618215
2025,4,2025-04,Bahrain Grand Prix,LEC,Ferrari,Finished,57,57,4,5573.364999,5601.043999,0.0049663
2025,4,2025-04,Bahrain Grand Prix,HAM,Ferrari,Finished,57,57,5,5573.364999,5615.233999,0.007512338
2025,4,2025-04,Bahrain Grand Prix,VER,Red Bull Racing,Finished,57,57,6,5573.364999,5773.829999,0.035968396
2025,4,2025-04,Bahrain Grand Prix,GAS,Alpine,Finished,57,57,7,5573.364999,5775.436999,0.036256732
2025,4,2025-04,Bahrain Grand Prix,OCO,Haas F1 Team,Finished,57,57,8,5573.364999,5783.678999,0.037735551
2025,4,2025-04,Bahrain Grand Prix,TSU,Red Bull Racing,Finished,57,57,9,5573.364999,5632.985999,0.010697487
2025,4,2025-04,Bahrain Grand Prix,BEA,Haas F1 Team,Finished,57,57,10,5573.364999,5787.028999,0.038336624
2025,4,2025-04,Bahrain Grand Prix,ANT,Mercedes,Finished,57,57,11,5573.364999,5636.256999,0.011284386
2025,4,2025-04,Bahrain Grand Prix,ALB,Williams,Finished,57,57,12,5573.364999,5637.147999,0.011444253
2025,4,2025-04,Bahrain Grand Prix,HAD,Racing Bulls,Finished,57,57,13,5573.364999,5795.748999,0.039901209
2025,4,2025-04,Bahrain Grand Prix,DOO,Alpine,Finished,57,57,14,5573.364999,5792.240999,0.039271786
2025,4,2025-04,Bahrain Grand Prix,ALO,Aston Martin,Finished,57,57,15,5573.364999,5648.067999,0.013403572
2025,4,2025-04,Bahrain Grand Prix,LAW,Racing Bulls,Finished,57,57,16,5573.364999,5636.755999,0.011373919
2025,4,2025-04,Bahrain Grand Prix,STR,Aston Martin,Finished,57,57,17,5573.364999,5652.303999,0.014163616
2025,4,2025-04,Bahrain Grand Prix,BOR,Kick Sauber,Finished,57,57,18,5573.364999,5654.407999,0.014541126
2025,4,2025-04,Bahrain Grand Prix,SAI,Williams,Retired,45,57,19,5573.364999,5706.143333,0.023823728
2025,4,2025-04,Bahrain Grand Prix,HUL,Kick Sauber,Disqualified,57,57,20,5573.364999,5792.906999,0.039391283
2025,5,2025-05,Saudi Arabian Grand Prix,PIA,McLaren,Finished,50,50,1,4527.487,4527.487,0
2025,5,2025-05,Saudi Arabian Grand Prix,VER,Red Bull Racing,Finished,50,50,2,4527.487,4529.147,0.000366649
2025,5,2025-05,Saudi Arabian Grand Prix,LEC,Ferrari,Finished,50,50,3,4527.487,4538.261,0.002379687
2025,5,2025-05,Saudi Arabian Grand Prix,NOR,McLaren,Finished,50,50,4,4527.487,4546.283,0.00415153
2025,5,2025-05,Saudi Arabian Grand Prix,RUS,Mercedes,Finished,50,50,5,4527.487,4556.776,0.006469152
2025,5,2025-05,Saudi Arabian Grand Prix,ANT,Mercedes,Finished,50,50,6,4527.487,4565.983,0.00850273
2025,5,2025-05,Saudi Arabian Grand Prix,HAM,Ferrari,Finished,50,50,7,4527.487,4573.069,0.010067837
2025,5,2025-05,Saudi Arabian Grand Prix,SAI,Williams,Finished,50,50,8,4527.487,4599.452,0.015895131
2025,5,2025-05,Saudi Arabian Grand Prix,ALB,Williams,Finished,50,50,9,4527.487,4604.48,0.017005681
2025,5,2025-05,Saudi Arabian Grand Prix,HAD,Racing Bulls,Finished,50,50,10,4527.487,4608.049,0.017793977
2025,5,2025-05,Saudi Arabian Grand Prix,ALO,Aston Martin,Finished,50,50,11,4527.487,4614.49,0.019216621
2025,5,2025-05,Saudi Arabian Grand Prix,LAW,Racing Bulls,Finished,50,50,12,4527.487,4611.122,0.01847272
2025,5,2025-05,Saudi Arabian Grand Prix,BEA,Haas F1 Team,Finished,50,50,13,4527.487,4622.658,0.021020712
2025,5,2025-05,Saudi Arabian Grand Prix,OCO,Haas F1 Team,Finished,50,50,14,4527.487,4646.468,0.0262797
2025,5,2025-05,Saudi Arabian Grand Prix,HUL,Kick Sauber,Lapped,49,50,15,4527.487,4642.881632,0.025487568
2025,5,2025-05,Saudi Arabian Grand Prix,STR,Aston Martin,Lapped,49,50,16,4527.487,4642.791836,0.025467734
2025,5,2025-05,Saudi Arabian Grand Prix,DOO,Alpine,Lapped,49,50,17,4527.487,4658.573469,0.028953472
2025,5,2025-05,Saudi Arabian Grand Prix,BOR,Kick Sauber,Lapped,49,50,18,4527.487,4659.277551,0.029108985
2025,5,2025-05,Saudi Arabian Grand Prix,TSU,Red Bull Racing,Retired,1,50,19,4527.487,,
2025,6,2025-06,Miami Grand Prix,PIA,McLaren,Finished,57,57,1,5331.586999,5331.586999,0
2025,6,2025-06,Miami Grand Prix,NOR,McLaren,Finished,57,57,2,5331.586999,5336.216999,0.000868409
2025,6,2025-06,Miami Grand Prix,RUS,Mercedes,Finished,57,57,3,5331.586999,5369.230999,0.007060562
2025,6,2025-06,Miami Grand Prix,VER,Red Bull Racing,Finished,57,57,4,5331.586999,5371.542999,0.007494204
2025,6,2025-06,Miami Grand Prix,ALB,Williams,Finished,57,57,5,5331.586999,5379.653999,0.009015515
2025,6,2025-06,Miami Grand Prix,ANT,Mercedes,Finished,57,57,6,5331.586999,5387.088999,0.010410034
2025,6,2025-06,Miami Grand Prix,LEC,Ferrari,Finished,57,57,7,5331.586999,5388.622999,0.010697753
2025,6,2025-06,Miami Grand Prix,HAM,Ferrari,Finished,57,57,8,5331.586999,5391.772999,0.011288571
2025,6,2025-06,Miami Grand Prix,SAI,Williams,Finished,57,57,9,5331.586999,5392.163999,0.011361908
2025,6,2025-06,Miami Grand Prix,TSU,Red Bull Racing,Finished,57,57,10,5331.586999,5401.020999,0.013023139
2025,6,2025-06,Miami Grand Prix,HAD,Racing Bulls,Finished,57,57,11,5331.586999,5406.188999,0.013992457
2025,6,2025-06,Miami Grand Prix,OCO,Haas F1 Team,Finished,57,57,12,5331.586999,5413.592999,0.015381161
2025,6,2025-06,Miami Grand Prix,GAS,Alpine,Finished,57,57,13,5331.586999,5422.031999,0.016963992
2025,6,2025-06,Miami Grand Prix,HUL,Kick Sauber,Lapped,56,57,14,5331.586999,5427.969535,0.018077645
2025,6,2025-06,Miami Grand Prix,ALO,Aston Martin,Lapped,56,57,15,5331.586999,5448.147535,0.021862259
2025,6,2025-06,Miami Grand Prix,STR,Aston Martin,Lapped,56,57,16,5331.586999,5452.405232,0.022660839
2025,6,2025-06,Miami Grand Prix,LAW,Racing Bulls,Retired,36,57,17,5331.586999,,
2025,6,2025-06,Miami Grand Prix,BOR,Kick Sauber,Retired,30,57,18,5331.586999,,
2025,6,2025-06,Miami Grand Prix,BEA,Haas F1 Team,Retired,27,57,19,5331.586999,,
2025,7,2025-07,Emilia Romagna Grand Prix,VER,Red Bull Racing,Finished,63,63,1,5493.198999,5493.198999,0
2025,7,2025-07,Emilia Romagna Grand Prix,NOR,McLaren,Finished,63,63,2,5493.198999,5499.307999,0.001112102
2025,7,2025-07,Emilia Romagna Grand Prix,PIA,McLaren,Finished,63,63,3,5493.198999,5506.154999,0.002358553
2025,7,2025-07,Emilia Romagna Grand Prix,HAM,Ferrari,Finished,63,63,4,5493.198999,5507.554999,0.002613413
2025,7,2025-07,Emilia Romagna Grand Prix,ALB,Williams,Finished,63,63,5,5493.198999,5511.143999,0.003266767
2025,7,2025-07,Emilia Romagna Grand Prix,LEC,Ferrari,Finished,63,63,6,5493.198999,5513.972999,0.003781767
2025,7,2025-07,Emilia Romagna Grand Prix,RUS,Mercedes,Finished,63,63,7,5493.198999,5515.232999,0.004011142
2025,7,2025-07,Emilia Romagna Grand Prix,SAI,Williams,Finished,63,63,8,5493.198999,5516.096999,0.004168427
2025,7,2025-07,Emilia Romagna Grand Prix,HAD,Racing Bulls,Finished,63,63,9,5493.198999,5516.784999,0.004293673
2025,7,2025-07,Emilia Romagna Grand Prix,TSU,Red Bull Racing,Finished,63,63,10,5493.198999,5519.644999,0.004814317
2025,7,2025-07,Emilia Romagna Grand Prix,ALO,Aston Martin,Finished,63,63,11,5493.198999,5520.448999,0.00496068
2025,7,2025-07,Emilia Romagna Grand Prix,HUL,Kick Sauber,Finished,63,63,12,5493.198999,5523.494999,0.005515183
2025,7,2025-07,Emilia Romagna Grand Prix,GAS,Alpine,Finished,63,63,13,5493.198999,5524.622999,0.005720528
2025,7,2025-07,Emilia Romagna Grand Prix,LAW,Racing Bulls,Finished,63,63,14,5493.198999,5525.709999,0.005918409
2025,7,2025-07,Emilia Romagna Grand Prix,STR,Aston Martin,Finished,63,63,15,5493.198999,5526.191999,0.006006154
2025,7,2025-07,Emilia Romagna Grand Prix,COL,Alpine,Finished,63,63,16,5493.198999,5526.609999,0.006082248
2025,7,2025-07,Emilia Romagna Grand Prix,BEA,Haas F1 Team,Finished,63,63,17,5493.198999,5527.006999,0.006154519
2025,7,2025-07,Emilia Romagna Grand Prix,BOR,Kick Sauber,Finished,63,63,18,5493.198999,5531.770999,0.007021774
2025,7,2025-07,Emilia Romagna Grand Prix,ANT,Mercedes,Retired,44,63,19,5493.198999,,
2025,7,2025-07,Emilia Romagna Grand Prix,OCO,Haas F1 Team,Retired,27,63,20,5493.198999,,
2025,8,2025-08,Monaco Grand Prix,NOR,McLaren,Finished,78,78,1,6033.842999,6033.842999,0
2025,8,2025-08,Monaco Grand Prix,LEC,Ferrari,Finished,78,78,2,6033.842999,6036.973999,0.000518906
2025,8,2025-08,Monaco Grand Prix,PIA,McLaren,Finished,78,78,3,6033.842999,6037.500999,0.000606247
2025,8,2025-08,Monaco Grand Prix,VER,Red Bull Racing,Finished,78,78,4,6033.842999,6054.414999,0.003409436
2025,8,2025-08,Monaco Grand Prix,HAM,Ferrari,Finished,78,78,5,6033.842999,6085.229999,0.008516463
2025,8,2025-08,Monaco Grand Prix,HAD,Racing Bulls,Lapped,77,78,6,6033.842999,6178.131818,0.023913254
2025,8,2025-08,Monaco Grand Prix,OCO,Haas F1 Team,Lapped,77,78,7,6033.842999,6179.091116,0.02407224
2025,8,2025-08,Monaco Grand Prix,LAW,Racing Bulls,Lapped,77,78,8,6033.842999,6179.817428,0.024192613
2025,8,2025-08,Monaco Grand Prix,ALB,Williams,Lapped,76,78,9,6033.842999,6204.809684,0.028334626
2025,8,2025-08,Monaco Grand Prix,SAI,Williams,Lapped,76,78,10,6033.842999,6208.261184,0.02890665
2025,8,2025-08,Monaco Grand Prix,RUS,Mercedes,Lapped,76,78,11,6033.842999,6227.362973,0.032072424
2025,8,2025-08,Monaco Grand Prix,BEA,Haas F1 Team,Lapped,76,78,12,6033.842999,6248.760631,0.035618698
2025,8,2025-08,Monaco Grand Prix,COL,Alpine,Lapped,76,78,13,6033.842999,6251.245342,0.036030494
2025,8,2025-08,Monaco Grand Prix,BOR,Kick Sauber,Lapped,76,78,14,6033.842999,6262.852973,0.037954248
2025,8,2025-08,Monaco Grand Prix,STR,Aston Martin,Lapped,76,78,15,6033.842999,6264.875842,0.038289502
2025,8,2025-08,Monaco Grand Prix,HUL,Kick Sauber,Lapped,76,78,16,6033.842999,6266.055078,0.038484939
2025,8,2025-08,Monaco Grand Prix,TSU,Red Bull Racing,Lapped,76,78,17,6033.842999,6266.368105,0.038536817
2025,8,2025-08,Monaco Grand Prix,ANT,Mercedes,Lapped,75,78,18,6033.842999,6283.94208,0.041449385
2025,8,2025-08,Monaco Grand Prix,ALO,Aston Martin,Retired,36,78,19,6033.842999,,
2025,8,2025-08,Monaco Grand Prix,GAS,Alpine,Retired,7,78,20,6033.842999,,
2025,9,2025-09,Spanish Grand Prix,PIA,McLaren,Finished,66,66,1,5416.896452,5577.374999,0.029625552
2025,9,2025-09,Spanish Grand Prix,NOR,McLaren,Finished,66,66,2,5416.896452,5579.845999,0.030081717
2025,9,2025-09,Spanish Grand Prix,LEC,Ferrari,Finished,66,66,3,5416.896452,5587.829999,0.031555624
2025,9,2025-09,Spanish Grand Prix,RUS,Mercedes,Finished,66,66,4,5416.896452,5588.733999,0.031722509
2025,9,2025-09,Spanish Grand Prix,HUL,Kick Sauber,Finished,66,66,5,5416.896452,5591.022999,0.032145076
2025,9,2025-09,Spanish Grand Prix,HAM,Ferrari,Finished,66,66,6,5416.896452,5592.882999,0.032488446
2025,9,2025-09,Spanish Grand Prix,HAD,Racing Bulls,Finished,66,66,7,5416.896452,5593.396999,0.032583334
2025,9,2025-09,Spanish Grand Prix,GAS,Alpine,Finished,66,66,8,5416.896452,5595.256999,0.032926704
2025,9,2025-09,Spanish Grand Prix,ALO,Aston Martin,Finished,66,66,9,5416.896452,5598.938999,0.033606429
2025,9,2025-09,Spanish Grand Prix,VER,Red Bull Racing,Finished,66,66,10,5416.896452,5589.200999,0.031808721
2025,9,2025-09,Spanish Grand Prix,LAW,Racing Bulls,Finished,66,66,11,5416.896452,5602.906999,0.034338952
2025,9,2025-09,Spanish Grand Prix,BOR,Kick Sauber,Finished,66,66,12,5416.896452,5603.370999,0.03442461
2025,9,2025-09,Spanish Grand Prix,TSU,Red Bull Racing,Finished,66,66,13,5416.896452,5606.196999,0.034946311
2025,9,2025-09,Spanish Grand Prix,SAI,Williams,Finished,66,66,14,5416.896452,5606.683999,0.035036215
2025,9,2025-09,Spanish Grand Prix,COL,Alpine,Finished,66,66,15,5416.896452,5608.755999,0.035418722
2025,9,2025-09,Spanish Grand Prix,OCO,Haas F1 Team,Finished,66,66,16,5416.896452,5609.571999,0.035569361
2025,9,2025-09,Spanish Grand Prix,BEA,Haas F1 Team,Finished,66,66,17,5416.896452,5604.439999,0.034621955
2025,9,2025-09,Spanish Grand Prix,ANT,Mercedes,Retired,53,66,18,5416.896452,5416.896452,0
2025,9,2025-09,Spanish Grand Prix,ALB,Williams,Retired,27,66,19,5416.896452,,
2025,10,2025-10,Canadian Grand Prix,RUS,Mercedes,Finished,70,70,1,5342.771212,5512.687999,0.031803119
2025,10,2025-10,Canadian Grand Prix,VER,Red Bull Racing,Finished,70,70,2,5342.771212,5512.915999,0.031845793
2025,10,2025-10,Canadian Grand Prix,ANT,Mercedes,Finished,70,70,3,5342.771212,5513.701999,0.031992908
2025,10,2025-10,Canadian Grand Prix,PIA,McLaren,Finished,70,70,4,5342.771212,5514.796999,0.032197858
2025,10,2025-10,Canadian Grand Prix,LEC,Ferrari,Finished,70,70,5,5342.771212,5516.129999,0.032447354
2025,10,2025-10,Canadian Grand Prix,HAM,Ferrari,Finished,70,70,6,5342.771212,5523.400999,0.033808258
2025,10,2025-10,Canadian Grand Prix,ALO,Aston Martin,Finished,70,70,7,5342.771212,5523.659999,0.033856735
2025,10,2025-10,Canadian Grand Prix,HUL,Kick Sauber,Finished,70,70,8,5342.771212,5528.051999,0.03467878
2025,10,2025-10,Canadian Grand Prix,OCO,Haas F1 Team,Lapped,69,70,9,5342.771212,5594.076376,0.047036482
2025,10,2025-10,Canadian Grand Prix,SAI,Williams,Lapped,69,70,10,5342.771212,5594.495362,0.047114903
2025,10,2025-10,Canadian Grand Prix,BEA,Haas F1 Team,Lapped,69,70,11,5342.771212,5596.352898,0.047462576
2025,10,2025-10,Canadian Grand Prix,TSU,Red Bull Racing,Lapped,69,70,12,5342.771212,5598.117101,0.04779278
2025,10,2025-10,Canadian Grand Prix,COL,Alpine,Lapped,69,70,13,5342.771212,5599.701739,0.048089375
2025,10,2025-10,Canadian Grand Prix,BOR,Kick Sauber,Lapped,69,70,14,5342.771212,5600.575217,0.048252863
2025,10,2025-10,Canadian Grand Prix,GAS,Alpine,Lapped,69,70,15,5342.771212,5600.647246,0.048266344
2025,10,2025-10,Canadian Grand Prix,HAD,Racing Bulls,Lapped,69,70,16,5342.771212,5601.445652,0.048415781
2025,10,2025-10,Canadian Grand Prix,STR,Aston Martin,Lapped,69,70,17,5342.771212,5601.776376,0.048477682
2025,10,2025-10,Canadian Grand Prix,NOR,McLaren,Retired,66,70,18,5342.771212,5342.771212,0
2025,10,2025-10,Canadian Grand Prix,LAW,Racing Bulls,Retired,53,70,19,5342.771212,5489.415849,0.027447299
2025,10,2025-10,Canadian Grand Prix,ALB,Williams,Retired,46,70,20,5342.771212,,
2025,11,2025-11,Austrian Grand Prix,NOR,McLaren,Finished,70,70,1,5027.692999,5027.692999,0
2025,11,2025-11,Austrian Grand Prix,PIA,McLaren,Finished,70,70,2,5027.692999,5030.387999,0.000536031
2025,11,2025-11,Austrian Grand Prix,LEC,Ferrari,Finished,70,70,3,5027.692999,5047.512999,0.003942166
2025,11,2025-11,Austrian Grand Prix,HAM,Ferrari,Finished,70,70,4,5027.692999,5056.712999,0.005772031
2025,11,2025-11,Austrian Grand Prix,RUS,Mercedes,Finished,70,70,5,5027.692999,5090.088999,0.012410463
2025,11,2025-11,Austrian Grand Prix,LAW,Racing Bulls,Finished,70,70,6,5027.692999,5095.447,0.013476161
2025,11,2025-11,Austrian Grand Prix,ALO,Aston Martin,Lapped,69,70,7,5027.692999,5102.015941,0.014782713
2025,11,2025-11,Austrian Grand Prix,BOR,Kick Sauber,Lapped,69,70,8,5027.692999,5102.538405,0.01488663
2025,11,2025-11,Austrian Grand Prix,HUL,Kick Sauber,Lapped,69,70,9,5027.692999,5108.39,0.016050503
2025,11,2025-11,Austrian Grand Prix,OCO,Haas F1 Team,Lapped,69,70,10,5027.692999,5110.68884,0.016507738
2025,11,2025-11,Austrian Grand Prix,BEA,Haas F1 Team,Lapped,69,70,11,5027.692999,5125.772318,0.019507818
2025,11,2025-11,Austrian Grand Prix,HAD,Racing Bulls,Lapped,69,70,12,5027.692999,5128.920289,0.020133944
2025,11,2025-11,Austrian Grand Prix,GAS,Alpine,Lapped,69,70,13,5027.692999,5134.092173,0.021162623
2025,11,2025-11,Austrian Grand Prix,STR,Aston Martin,Lapped,69,70,14,5027.692999,5135.519565,0.021446529
2025,11,2025-11,Austrian Grand Prix,COL,Alpine,Lapped,69,70,15,5027.692999,5138.796376,0.022098282
2025,11,2025-11,Austrian Grand Prix,TSU,Red Bull Racing,Lapped,68,70,16,5027.692999,5178.632941,0.03002171
2025,11,2025-11,Austrian Grand Prix,ALB,Williams,Retired,15,70,17,5027.692999,,
2025,12,2025-12,British Grand Prix,NOR,McLaren,Finished,52,52,1,4845.698999,4855.263999,0.001973915
2025,12,2025-12,British Grand Prix,PIA,McLaren,Finished,52,52,2,4845.698999,4845.698999,0
2025,12,2025-12,British Grand Prix,HUL,Kick Sauber,Finished,52,52,3,4845.698999,4902.185999,0.011657142
2025,12,2025-12,British Grand Prix,HAM,Ferrari,Finished,52,52,4,4845.698999,5059.468999,0.04411541
2025,12,2025-12,British Grand Prix,VER,Red Bull Racing,Finished,52,52,5,4845.698999,4902.984999,0.01182203
2025,12,2025-12,British Grand Prix,GAS,Alpine,Finished,52,52,6,4845.698999,5078.548999,0.048052923
2025,12,2025-12,British Grand Prix,STR,Aston Martin,Finished,52,52,7,4845.698999,4923.266999,0.016007598
2025,12,2025-12,British Grand Prix,ALB,Williams,Finished,52,52,8,4845.698999,5089.994,0.050414811
2025,12,2025-12,British Grand Prix,ALO,Aston Martin,Finished,52,52,9,4845.698999,5088.736999,0.050155406
2025,12,2025-12,British Grand Prix,RUS,Mercedes,Finished,52,52,10,4845.698999,5092.071999,0.050843645
2025,12,2025-12,British Grand Prix,BEA,Haas F1 Team,Finished,52,52,11,4845.698999,5104.841999,0.053478972
2025,12,2025-12,British Grand Prix,SAI,Williams,Finished,52,52,12,4845.698999,5102.717999,0.053040645
2025,12,2025-12,British Grand Prix,OCO,Haas F1 Team,Finished,52,52,13,4845.698999,5090.607999,0.050541521
2025,12,2025-12,British Grand Prix,LEC,Ferrari,Finished,52,52,14,4845.698999,5114.049999,0.055379214
2025,12,2025-12,British Grand Prix,TSU,Red Bull Racing,Lapped,51,52,15,4845.698999,5161.877882,0.065249386
2025,12,2025-12,British Grand Prix,ANT,Mercedes,Retired,23,52,16,4845.698999,,
2025,12,2025-12,British Grand Prix,HAD,Racing Bulls,Retired,15,52,17,4845.698999,,
2025,12,2025-12,British Grand Prix,BOR,Kick Sauber,Retired,3,52,18,4845.698999,,
2025,13,2025-13,Belgian Grand Prix,PIA,McLaren,Finished,44,44,1,4594.563999,4594.563999,0
2025,13,2025-13,Belgian Grand Prix,NOR,McLaren,Finished,44,44,2,4594.563999,4597.389999,0.000615075
2025,13,2025-13,Belgian Grand Prix,LEC,Ferrari,Finished,44,44,3,4594.563999,4617.027999,0.004889256
2025,13,2025-13,Belgian Grand Prix,VER,Red Bull Racing,Finished,44,44,4,4594.563999,4619.868999,0.005507595
2025,13,2025-13,Belgian Grand Prix,RUS,Mercedes,Finished,44,44,5,4594.563999,4635.558999,0.008922501
2025,13,2025-13,Belgian Grand Prix,ALB,Williams,Finished,44,44,6,4594.563999,4638.783999,0.009624417
2025,13,2025-13,Belgian Grand Prix,HAM,Ferrari,Finished,44,44,7,4594.563999,4653.977999,0.012931368
2025,13,2025-13,Belgian Grand Prix,LAW,Racing Bulls,Finished,44,44,8,4594.563999,4655.789999,0.013325748
2025,13,2025-13,Belgian Grand Prix,BOR,Kick Sauber,Finished,44,44,9,4594.563999,4660.302999,0.014307995
2025,13,2025-13,Belgian Grand Prix,GAS,Alpine,Finished,44,44,10,4594.563999,4679.798999,0.018551271
2025,13,2025-13,Belgian Grand Prix,BEA,Haas F1 Team,Finished,44,44,11,4594.563999,4678.528999,0.018274857
2025,13,2025-13,Belgian Grand Prix,HUL,Kick Sauber,Finished,44,44,12,4594.563999,4682.136999,0.019060133
2025,13,2025-13,Belgian Grand Prix,TSU,Red Bull Racing,Finished,44,44,13,4594.563999,4677.459999,0.018042191
2025,13,2025-13,Belgian Grand Prix,STR,Aston Martin,Finished,44,44,14,4594.563999,4689.463999,0.020654843
2025,13,2025-13,Belgian Grand Prix,OCO,Haas F1 Team,Finished,44,44,15,4594.563999,4691.380999,0.021072076
2025,13,2025-13,Belgian Grand Prix,ANT,Mercedes,Finished,44,44,16,4594.563999,4701.999999,0.023383285
2025,13,2025-13,Belgian Grand Prix,ALO,Aston Martin,Finished,44,44,17,4594.563999,4704.411999,0.023908253
2025,13,2025-13,Belgian Grand Prix,SAI,Williams,Finished,44,44,18,4594.563999,4703.370999,0.023681681
2025,13,2025-13,Belgian Grand Prix,COL,Alpine,Finished,44,44,19,4594.563999,4704.211999,0.023864724
2025,13,2025-13,Belgian Grand Prix,HAD,Racing Bulls,Lapped,43,44,20,4594.563999,4722.970232,0.027947425
2025,14,2025-14,Hungarian Grand Prix,NOR,McLaren,Finished,70,70,1,5721.230999,5721.230999,0
2025,14,2025-14,Hungarian Grand Prix,PIA,McLaren,Finished,70,70,2,5721.230999,5721.928999,0.000122002
2025,14,2025-14,Hungarian Grand Prix,RUS,Mercedes,Finished,70,70,3,5721.230999,5743.146999,0.003830644
2025,14,2025-14,Hungarian Grand Prix,LEC,Ferrari,Finished,70,70,4,5721.230999,5758.790999,0.006565021
2025,14,2025-14,Hungarian Grand Prix,ALO,Aston Martin,Finished,70,70,5,5721.230999,5780.271,0.010319458
2025,14,2025-14,Hungarian Grand Prix,BOR,Kick Sauber,Finished,70,70,6,5721.230999,5787.399999,0.011565518
2025,14,2025-14,Hungarian Grand Prix,STR,Aston Martin,Finished,70,70,7,5721.230999,5789.404999,0.011915967
2025,14,2025-14,Hungarian Grand Prix,LAW,Racing Bulls,Finished,70,70,8,5721.230999,5790.681999,0.012139171
2025,14,2025-14,Hungarian Grand Prix,VER,Red Bull Racing,Finished,70,70,9,5721.230999,5793.875999,0.012697442
2025,14,2025-14,Hungarian Grand Prix,ANT,Mercedes,Lapped,69,70,10,5721.230999,5811.907246,0.01584908
2025,14,2025-14,Hungarian Grand Prix,HAD,Racing Bulls,Lapped,69,70,11,5721.230999,5812.770579,0.01599998
2025,14,2025-14,Hungarian Grand Prix,HAM,Ferrari,Lapped,69,70,12,5721.230999,5814.151304,0.016241313
2025,14,2025-14,Hungarian Grand Prix,HUL,Kick Sauber,Lapped,69,70,13,5721.230999,5835.86855,0.020037218
2025,14,2025-14,Hungarian Grand Prix,SAI,Williams,Lapped,69,70,14,5721.230999,5837.956376,0.020402144
2025,14,2025-14,Hungarian Grand Prix,ALB,Williams,Lapped,69,70,15,5721.230999,5842.810724,0.021250623
2025,14,2025-14,Hungarian Grand Prix,OCO,Haas F1 Team,Lapped,69,70,16,5721.230999,5850.061304,0.022517935
2025,14,2025-14,Hungarian Grand Prix,TSU,Red Bull Racing,Lapped,69,70,17,5721.230999,5851.770724,0.02281672
2025,14,2025-14,Hungarian Grand Prix,COL,Alpine,Lapped,69,70,18,5721.230999,5852.203913,0.022892436
2025,14,2025-14,Hungarian Grand Prix,GAS,Alpine,Lapped,69,70,19,5721.230999,5851.163043,0.022710505
2025,14,2025-14,Hungarian Grand Prix,BEA,Haas F1 Team,Retired,48,70,20,5721.230999,,
2025,15,2025-15,Dutch Grand Prix,PIA,McLaren,Finished,72,72,1,5814.547875,5909.848999,0.016390118
2025,15,2025-15,Dutch Grand Prix,VER,Red Bull Racing,Finished,72,72,2,5814.547875,5911.119999,0.016608707
2025,15,2025-15,Dutch Grand Prix,HAD,Racing Bulls,Finished,72,72,3,5814.547875,5913.081999,0.016946137
2025,15,2025-15,Dutch Grand Prix,RUS,Mercedes,Finished,72,72,4,5814.547875,5915.502999,0.017362506
2025,15,2025-15,Dutch Grand Prix,ALB,Williams,Finished,72,72,5,5814.547875,5916.175999,0.01747825
2025,15,2025-15,Dutch Grand Prix,BEA,Haas F1 Team,Finished,72,72,6,5814.547875,5918.892999,0.017945527
2025,15,2025-15,Dutch Grand Prix,STR,Aston Martin,Finished,72,72,7,5814.547875,5919.345999,0.018023435
2025,15,2025-15,Dutch Grand Prix,ALO,Aston Martin,Finished,72,72,8,5814.547875,5921.557999,0.01840386
2025,15,2025-15,Dutch Grand Prix,TSU,Red Bull Racing,Finished,72,72,9,5814.547875,5923.445999,0.018728563
2025,15,2025-15,Dutch Grand Prix,OCO,Haas F1 Team,Finished,72,72,10,5814.547875,5923.911999,0.018808706
2025,15,2025-15,Dutch Grand Prix,COL,Alpine,Finished,72,72,11,5814.547875,5924.359999,0.018885755
2025,15,2025-15,Dutch Grand Prix,LAW,Racing Bulls,Finished,72,72,12,5814.547875,5926.911999,0.019324654
2025,15,2025-15,Dutch Grand Prix,SAI,Williams,Finished,72,72,13,5814.547875,5927.224999,0.019378484
2025,15,2025-15,Dutch Grand Prix,HUL,Kick Sauber,Finished,72,72,14,5814.547875,5929.573999,0.019782471
2025,15,2025-15,Dutch Grand Prix,BOR,Kick Sauber,Finished,72,72,15,5814.547875,5931.414,0.020098919
2025,15,2025-15,Dutch Grand Prix,ANT,Mercedes,Finished,72,72,16,5814.547875,5916.877999,0.017598982
2025,15,2025-15,Dutch Grand Prix,GAS,Alpine,Finished,72,72,17,5814.547875,5933.477999,0.02045389
2025,15,2025-15,Dutch Grand Prix,NOR,McLaren,Retired,64,72,18,5814.547875,5814.547875,0
2025,15,2025-15,Dutch Grand Prix,LEC,Ferrari,Retired,52,72,19,5814.547875,,
2025,15,2025-15,Dutch Grand Prix,HAM,Ferrari,Retired,22,72,20,5814.547875,,
2025,16,2025-16,Italian Grand Prix,VER,Red Bull Racing,Finished,53,53,1,4404.324999,4404.324999,0
2025,16,2025-16,Italian Grand Prix,NOR,McLaren,Finished,53,53,2,4404.324999,4423.531999,0.004360941
2025,16,2025-16,Italian Grand Prix,PIA,McLaren,Finished,53,53,3,4404.324999,4425.675999,0.004847735
2025,16,2025-16,Italian Grand Prix,LEC,Ferrari,Finished,53,53,4,4404.324999,4429.948999,0.005817918
2025,16,2025-16,Italian Grand Prix,RUS,Mercedes,Finished,53,53,5,4404.324999,4437.205999,0.007465616
2025,16,2025-16,Italian Grand Prix,HAM,Ferrari,Finished,53,53,6,4404.324999,4441.773999,0.008502779
2025,16,2025-16,Italian Grand Prix,ALB,Williams,Finished,53,53,7,4404.324999,4454.862,0.011474403
2025,16,2025-16,Italian Grand Prix,BOR,Kick Sauber,Finished,53,53,8,4404.324999,4462.808999,0.013278766
2025,16,2025-16,Italian Grand Prix,ANT,Mercedes,Finished,53,53,9,4404.324999,4459.086999,0.012433687
2025,16,2025-16,Italian Grand Prix,HAD,Racing Bulls,Finished,53,53,10,4404.324999,4468.215999,0.014506423
2025,16,2025-16,Italian Grand Prix,SAI,Williams,Finished,53,53,11,4404.324999,4468.793999,0.014637657
2025,16,2025-16,Italian Grand Prix,BEA,Haas F1 Team,Finished,53,53,12,4404.324999,4473.612999,0.015731809
2025,16,2025-16,Italian Grand Prix,TSU,Red Bull Racing,Finished,53,53,13,4404.324999,4485.025999,0.018323126
2025,16,2025-16,Italian Grand Prix,LAW,Racing Bulls,Finished,53,53,14,4404.324999,4486.675999,0.018697757
2025,16,2025-16,Italian Grand Prix,OCO,Haas F1 Team,Lapped,52,53,15,4404.324999,4491.199615,0.019724842
2025,16,2025-16,Italian Grand Prix,GAS,Alpine,Lapped,52,53,16,4404.324999,4494.972807,0.020581544
2025,16,2025-16,Italian Grand Prix,COL,Alpine,Lapped,52,53,17,4404.324999,4496.614788,0.020954355
2025,16,2025-16,Italian Grand Prix,STR,Aston Martin,Lapped,52,53,18,4404.324999,4498.503423,0.021383169
2025,16,2025-16,Italian Grand Prix,ALO,Aston Martin,Retired,24,53,19,4404.324999,,
2025,17,2025-17,Azerbaijan Grand Prix,VER,Red Bull Racing,Finished,51,51,1,5090.820999,5090.820999,0
2025,17,2025-17,Azerbaijan Grand Prix,RUS,Mercedes,Finished,51,51,2,5090.820999,5109.914999,0.003750672
2025,17,2025-17,Azerbaijan Grand Prix,SAI,Williams,Finished,51,51,3,5090.820999,5110.129999,0.003792905
2025,17,2025-17,Azerbaijan Grand Prix,ANT,Mercedes,Finished,51,51,4,5090.820999,5115.274999,0.004803547
2025,17,2025-17,Azerbaijan Grand Prix,LAW,Racing Bulls,Finished,51,51,5,5090.820999,5125.801999,0.006871387
2025,17,2025-17,Azerbaijan Grand Prix,TSU,Red Bull Racing,Finished,51,51,6,5090.820999,5132.277999,0.00814348
2025,17,2025-17,Azerbaijan Grand Prix,NOR,McLaren,Finished,51,51,7,5090.820999,5134.758999,0.008630828
2025,17,2025-17,Azerbaijan Grand Prix,HAM,Ferrari,Finished,51,51,8,5090.820999,5140.445999,0.009747937
2025,17,2025-17,Azerbaijan Grand Prix,LEC,Ferrari,Finished,51,51,9,5090.820999,5139.632999,0.009588237
2025,17,2025-17,Azerbaijan Grand Prix,HAD,Racing Bulls,Finished,51,51,10,5090.820999,5139.853999,0.009631649
2025,17,2025-17,Azerbaijan Grand Prix,BOR,Kick Sauber,Finished,51,51,11,5090.820999,5173.018999,0.016146315
2025,17,2025-17,Azerbaijan Grand Prix,BEA,Haas F1 Team,Finished,51,51,12,5090.820999,5176.487999,0.016827738
2025,17,2025-17,Azerbaijan Grand Prix,ALB,Williams,Finished,51,51,13,5090.820999,5176.898999,0.016908471
2025,17,2025-17,Azerbaijan Grand Prix,OCO,Haas F1 Team,Finished,51,51,14,5090.820999,5187.735999,0.019037204
2025,17,2025-17,Azerbaijan Grand Prix,ALO,Aston Martin,Finished,51,51,15,5090.820999,5183.825999,0.018269155
2025,17,2025-17,Azerbaijan Grand Prix,HUL,Kick Sauber,Finished,51,51,16,5090.820999,5190.882999,0.019655376
2025,17,2025-17,Azerbaijan Grand Prix,STR,Aston Martin,Finished,51,51,17,5090.820999,5202.143999,0.021867396
2025,17,2025-17,Azerbaijan Grand Prix,GAS,Alpine,Lapped,50,51,18,5090.820999,5216.14332,0.02461731
2025,17,2025-17,Azerbaijan Grand Prix,COL,Alpine,Lapped,50,51,19,5090.820999,5215.91586,0.02457263
2025,18,2025-18,Singapore Grand Prix,RUS,Mercedes,Finished,62,62,1,6022.366999,6022.366999,0
2025,18,2025-18,Singapore Grand Prix,VER,Red Bull Racing,Finished,62,62,2,6022.366999,6027.796999,0.000901639
2025,18,2025-18,Singapore Grand Prix,NOR,McLaren,Finished,62,62,3,6022.366999,6028.432999,0.001007245
2025,18,2025-18,Singapore Grand Prix,PIA,McLaren,Finished,62,62,4,6022.366999,6030.512999,0.001352624
2025,18,2025-18,Singapore Grand Prix,ANT,Mercedes,Finished,62,62,5,6022.366999,6056.047999,0.005592652
2025,18,2025-18,Singapore Grand Prix,LEC,Ferrari,Finished,62,62,6,6022.366999,6068.362999,0.007637529
2025,18,2025-18,Singapore Grand Prix,ALO,Aston Martin,Finished,62,62,7,6022.366999,6103.033999,0.013394567
2025,18,2025-18,Singapore Grand Prix,HAM,Ferrari,Finished,62,62,8,6022.366999,6102.617999,0.013325491
2025,18,2025-18,Singapore Grand Prix,BEA,Haas F1 Team,Finished,62,62,9,6022.366999,6115.893999,0.01552994
2025,18,2025-18,Singapore Grand Prix,SAI,Williams,Lapped,61,62,10,6022.366999,6132.024622,0.018208393
2025,18,2025-18,Singapore Grand Prix,HAD,Racing Bulls,Lapped,61,62,11,6022.366999,6138.713508,0.019319067
2025,18,2025-18,Singapore Grand Prix,TSU,Red Bull Racing,Lapped,61,62,12,6022.366999,6140.679213,0.019645467
2025,18,2025-18,Singapore Grand Prix,STR,Aston Martin,Lapped,61,62,13,6022.366999,6145.985803,0.020526614
2025,18,2025-18,Singapore Grand Prix,ALB,Williams,Lapped,61,62,14,6022.366999,6146.829409,0.020666693
2025,18,2025-18,Singapore Grand Prix,LAW,Racing Bulls,Lapped,61,62,15,6022.366999,6148.684327,0.020974698
2025,18,2025-18,Singapore Grand Prix,COL,Alpine,Lapped,61,62,16,6022.366999,6164.687442,0.023631978
2025,18,2025-18,Singapore Grand Prix,BOR,Kick Sauber,Lapped,61,62,17,6022.366999,6168.61377,0.024283935
2025,18,2025-18,Singapore Grand Prix,OCO,Haas F1 Team,Lapped,61,62,18,6022.366999,6169,0.024348068
2025,18,2025-18,Singapore Grand Prix,GAS,Alpine,Lapped,61,62,19,6022.366999,6169.333377,0.024403424
2025,18,2025-18,Singapore Grand Prix,HUL,Kick Sauber,Lapped,61,62,20,6022.366999,6170.938262,0.024669912
2025,19,2025-19,United States Grand Prix,VER,Red Bull Racing,Finished,56,56,1,5640.160999,5640.160999,0
2025,19,2025-19,United States Grand Prix,NOR,McLaren,Finished,56,56,2,5640.160999,5648.119999,0.00141113
2025,19,2025-19,United States Grand Prix,LEC,Ferrari,Finished,56,56,3,5640.160999,5655.533999,0.002725631
2025,19,2025-19,United States Grand Prix,HAM,Ferrari,Finished,56,56,4,5640.160999,5668.696999,0.00505943
2025,19,2025-19,United States Grand Prix,PIA,McLaren,Finished,56,56,5,5640.160999,5669.839,0.005261907
2025,19,2025-19,United States Grand Prix,RUS,Mercedes,Finished,56,56,6,5640.160999,5673.616999,0.005931746
2025,19,2025-19,United States Grand Prix,TSU,Red Bull Racing,Finished,56,56,7,5640.160999,5692.874999,0.009346187
2025,19,2025-19,United States Grand Prix,HUL,Kick Sauber,Finished,56,56,8,5640.160999,5697.409999,0.010150242
2025,19,2025-19,United States Grand Prix,BEA,Haas F1 Team,Finished,56,56,9,5640.160999,5704.882999,0.011475204
2025,19,2025-19,United States Grand Prix,ALO,Aston Martin,Finished,56,56,10,5640.160999,5710.161999,0.012411171
2025,19,2025-19,United States Grand Prix,LAW,Racing Bulls,Finished,56,56,11,5640.160999,5713.369999,0.012979949
2025,19,2025-19,United States Grand Prix,STR,Aston Martin,Finished,56,56,12,5640.160999,5714.938999,0.013258132
2025,19,2025-19,United States Grand Prix,ANT,Mercedes,Finished,56,56,13,5640.160999,5715.906999,0.013429758
2025,19,2025-19,United States Grand Prix,ALB,Williams,Finished,56,56,14,5640.160999,5720.160999,0.014183992
2025,19,2025-19,United States Grand Prix,OCO,Haas F1 Team,Finished,56,56,15,5640.160999,5723.203999,0.014723516
2025,19,2025-19,United States Grand Prix,HAD,Racing Bulls,Finished,56,56,16,5640.160999,5732.967999,0.016454672
2025,19,2025-19,United States Grand Prix,COL,Alpine,Lapped,55,56,17,5640.160999,5745.058327,0.018598286
2025,19,2025-19,United States Grand Prix,BOR,Kick Sauber,Lapped,55,56,18,5640.160999,5746.331054,0.01882394
2025,19,2025-19,United States Grand Prix,GAS,Alpine,Lapped,55,56,19,5640.160999,5748.97629,0.019292941
2025,19,2025-19,United States Grand Prix,SAI,Williams,Retired,5,56,20,5640.160999,,
2025,20,2025-20,Mexico City Grand Prix,NOR,McLaren,Finished,71,71,1,5878.573999,5878.573999,0
2025,20,2025-20,Mexico City Grand Prix,LEC,Ferrari,Finished,71,71,2,5878.573999,5908.897999,0.005158394
2025,20,2025-20,Mexico City Grand Prix,VER,Red Bull Racing,Finished,71,71,3,5878.573999,5909.622999,0.005281723
2025,20,2025-20,Mexico City Grand Prix,BEA,Haas F1 Team,Finished,71,71,4,5878.573999,5919.528999,0.006966826
2025,20,2025-20,Mexico City Grand Prix,PIA,McLaren,Finished,71,71,5,5878.573999,5920.638999,0.007155647
2025,20,2025-20,Mexico City Grand Prix,ANT,Mercedes,Finished,71,71,6,5878.573999,5926.410999,0.008137518
2025,20,2025-20,Mexico City Grand Prix,RUS,Mercedes,Finished,71,71,7,5878.573999,5928.860999,0.008554285
2025,20,2025-20,Mexico City Grand Prix,HAM,Ferrari,Finished,71,71,8,5878.573999,5935.019999,0.009601989
2025,20,2025-20,Mexico City Grand Prix,OCO,Haas F1 Team,Finished,71,71,9,5878.573999,5954.037999,0.012837127
2025,20,2025-20,Mexico City Grand Prix,BOR,Kick Sauber,Finished,71,71,10,5878.573999,5955.436999,0.01307511
2025,20,2025-20,Mexico City Grand Prix,TSU,Red Bull Racing,Finished,71,71,11,5878.573999,5957.621999,0.013446798
2025,20,2025-20,Mexico City Grand Prix,ALB,Williams,Lapped,70,71,12,5878.573999,5965.038628,0.014708436
2025,20,2025-20,Mexico City Grand Prix,HAD,Racing Bulls,Lapped,70,71,13,5878.573999,5969.304714,0.015434137
2025,20,2025-20,Mexico City Grand Prix,STR,Aston Martin,Lapped,70,71,14,5878.573999,5969.689128,0.015499529
2025,20,2025-20,Mexico City Grand Prix,GAS,Alpine,Lapped,70,71,15,5878.573999,6007.263342,0.021891252
2025,20,2025-20,Mexico City Grand Prix,COL,Alpine,Lapped,70,71,16,5878.573999,6007.563571,0.021942323
2025,20,2025-20,Mexico City Grand Prix,SAI,Williams,Retired,67,71,17,5878.573999,5949.304059,0.01203184
2025,20,2025-20,Mexico City Grand Prix,ALO,Aston Martin,Retired,34,71,18,5878.573999,,
2025,20,2025-20,Mexico City Grand Prix,HUL,Kick Sauber,Retired,25,71,19,5878.573999,,
2025,20,2025-20,Mexico City Grand Prix,LAW,Racing Bulls,Retired,5,71,20,5878.573999,,
2025,21,2025-21,São Paulo Grand Prix,NOR,McLaren,Finished,71,71,1,5521.595999,5521.595999,0
2025,21,2025-21,São Paulo Grand Prix,ANT,Mercedes,Finished,71,71,2,5521.595999,5531.983999,0.00188134
2025,21,2025-21,São Paulo Grand Prix,VER,Red Bull Racing,Finished,71,71,3,5521.595999,5532.345999,0.001946901
2025,21,2025-21,São Paulo Grand Prix,RUS,Mercedes,Finished,71,71,4,5521.595999,5536.862999,0.002764961
2025,21,2025-21,São Paulo Grand Prix,PIA,McLaren,Finished,71,71,5,5521.595999,5537.344999,0.002852255
2025,21,2025-21,São Paulo Grand Prix,BEA,Haas F1 Team,Finished,71,71,6,5521.595999,5551.225999,0.005366202
2025,21,2025-21,São Paulo Grand Prix,LAW,Racing Bulls,Finished,71,71,7,5521.595999,5574.237999,0.009533838
2025,21,2025-21,São Paulo Grand Prix,HAD,Racing Bulls,Finished,71,71,8,5521.595999,5574.468999,0.009575673
2025,21,2025-21,São Paulo Grand Prix,HUL,Kick Sauber,Finished,71,71,9,5521.595999,5574.92,0.009657353
2025,21,2025-21,São Paulo Grand Prix,GAS,Alpine,Finished,71,71,10,5521.595999,5575.509999,0.009764206
2025,21,2025-21,São Paulo Grand Prix,ALB,Williams,Finished,71,71,11,5521.595999,5575.779999,0.009813105
2025,21,2025-21,São Paulo Grand Prix,OCO,Haas F1 Team,Finished,71,71,12,5521.595999,5576.291999,0.009905832
2025,21,2025-21,São Paulo Grand Prix,SAI,Williams,Finished,71,71,13,5521.595999,5577.015999,0.010036953
2025,21,2025-21,São Paulo Grand Prix,ALO,Aston Martin,Finished,71,71,14,5521.595999,5577.361999,0.010099616
2025,21,2025-21,São Paulo Grand Prix,COL,Alpine,Finished,71,71,15,5521.595999,5579.372999,0.010463822
2025,21,2025-21,São Paulo Grand Prix,STR,Aston Martin,Finished,71,71,16,5521.595999,5579.842999,0.010548943
2025,21,2025-21,São Paulo Grand Prix,TSU,Red Bull Racing,Finished,71,71,17,5521.595999,5590.771999,0.012528262
2025,21,2025-21,São Paulo Grand Prix,HAM,Ferrari,Retired,37,71,18,5521.595999,,
2025,21,2025-21,São Paulo Grand Prix,LEC,Ferrari,Retired,5,71,19,5521.595999,,
2025,22,2025-22,Las Vegas Grand Prix,VER,Red Bull Racing,Finished,50,50,1,4868.429,4868.429,0
2025,22,2025-22,Las Vegas Grand Prix,RUS,Mercedes,Finished,50,50,2,4868.429,4891.975,0.004836468
2025,22,2025-22,Las Vegas Grand Prix,ANT,Mercedes,Finished,50,50,3,4868.429,4893.917,0.005235364
2025,22,2025-22,Las Vegas Grand Prix,LEC,Ferrari,Finished,50,50,4,4868.429,4899.107,0.006301417
2025,22,2025-22,Las Vegas Grand Prix,SAI,Williams,Finished,50,50,5,4868.429,4903.353,0.007173567
2025,22,2025-22,Las Vegas Grand Prix,HAD,Racing Bulls,Finished,50,50,6,4868.429,4913.686,0.009296017
2025,22,2025-22,Las Vegas Grand Prix,HUL,Kick Sauber,Finished,50,50,7,4868.429,4919.563,0.010503183
2025,22,2025-22,Las Vegas Grand Prix,HAM,Ferrari,Finished,50,50,8,4868.429,4927.798,0.012194694
2025,22,2025-22,Las Vegas Grand Prix,OCO,Haas F1 Team,Finished,50,50,9,4868.429,4929.064,0.012454736
2025,22,2025-22,Las Vegas Grand Prix,BEA,Haas F1 Team,Finished,50,50,10,4868.429,4938.978,0.014491122
2025,22,2025-22,Las Vegas Grand Prix,ALO,Aston Martin,Finished,50,50,11,4868.429,4953.737,0.017522696
2025,22,2025-22,Las Vegas Grand Prix,TSU,Red Bull Racing,Finished,50,50,12,4868.429,4955.403,0.017864901
2025,22,2025-22,Las Vegas Grand Prix,GAS,Alpine,Finished,50,50,13,4868.429,4960.131,0.018836056
2025,22,2025-22,Las Vegas Grand Prix,LAW,Racing Bulls,Lapped,49,50,14,4868.429,4971.142857,0.021097947
2025,22,2025-22,Las Vegas Grand Prix,COL,Alpine,Lapped,49,50,15,4868.429,4978.457142,0.022600338
2025,22,2025-22,Las Vegas Grand Prix,ALB,Williams,Retired,35,50,16,4868.429,,
2025,22,2025-22,Las Vegas Grand Prix,BOR,Kick Sauber,Retired,1,50,17,4868.429,,
2025,22,2025-22,Las Vegas Grand Prix,NOR,McLaren,Disqualified,50,50,19,4868.429,4889.17,0.004260307
2025,22,2025-22,Las Vegas Grand Prix,PIA,McLaren,Disqualified,50,50,20,4868.429,4896.079,0.00567945
2025,23,2025-23,Qatar Grand Prix,VER,Red Bull Racing,Finished,57,57,1,5009.646535,5078.240999,0.013692476
2025,23,2025-23,Qatar Grand Prix,PIA,McLaren,Finished,57,57,2,5009.646535,5086.235999,0.015288397
2025,23,2025-23,Qatar Grand Prix,SAI,Williams,Finished,57,57,3,5009.646535,5100.905999,0.018216747
2025,23,2025-23,Qatar Grand Prix,NOR,McLaren,Finished,57,57,4,5009.646535,5101.555999,0.018346497
2025,23,2025-23,Qatar Grand Prix,ANT,Mercedes,Finished,57,57,5,5009.646535,5106.557999,0.01934497
2025,23,2025-23,Qatar Grand Prix,RUS,Mercedes,Finished,57,57,6,5009.646535,5126.839999,0.023393559
2025,23,2025-23,Qatar Grand Prix,ALO,Aston Martin,Finished,57,57,7,5009.646535,5132.285999,0.024480662
2025,23,2025-23,Qatar Grand Prix,LEC,Ferrari,Finished,57,57,8,5009.646535,5135.025999,0.025027607
2025,23,2025-23,Qatar Grand Prix,LAW,Racing Bulls,Finished,57,57,9,5009.646535,5138.313999,0.025683941
2025,23,2025-23,Qatar Grand Prix,TSU,Red Bull Racing,Finished,57,57,10,5009.646535,5140.010999,0.026022687
2025,23,2025-23,Qatar Grand Prix,ALB,Williams,Finished,57,57,11,5009.646535,5145.171999,0.027052899
2025,23,2025-23,Qatar Grand Prix,HAM,Ferrari,Finished,57,57,12,5009.646535,5155.970999,0.029208541
2025,23,2025-23,Qatar Grand Prix,BOR,Kick Sauber,Finished,57,57,13,5009.646535,5163.052999,0.030622213
2025,23,2025-23,Qatar Grand Prix,COL,Alpine,Lapped,56,57,14,5009.646535,5172.2655,0.032461165
2025,23,2025-23,Qatar Grand Prix,OCO,Haas F1 Team,Lapped,56,57,15,5009.646535,5009.646535,0
2025,23,2025-23,Qatar Grand Prix,GAS,Alpine,Lapped,56,57,16,5009.646535,5173.953107,0.032798037
2025,23,2025-23,Qatar Grand Prix,STR,Aston Martin,Retired,55,57,17,5009.646535,5197.574018,0.037513122
2025,23,2025-23,Qatar Grand Prix,HAD,Racing Bulls,Retired,54,57,18,5009.646535,5144.141277,0.026847152
2025,23,2025-23,Qatar Grand Prix,BEA,Haas F1 Team,Retired,41,57,19,5009.646535,,
2025,23,2025-23,Qatar Grand Prix,HUL,Kick Sauber,Retired,6,57,20,5009.646535,,
2025,24,2025-24,Abu Dhabi Grand Prix,VER,Red Bull Racing,Finished,58,58,1,5167.468999,5167.468999,0
2025,24,2025-24,Abu Dhabi Grand Prix,PIA,McLaren,Finished,58,58,2,5167.468999,5180.062999,0.00243717
2025,24,2025-24,Abu Dhabi Grand Prix,NOR,McLaren,Finished,58,58,3,5167.468999,5184.040999,0.003206986
2025,24,2025-24,Abu Dhabi Grand Prix,LEC,Ferrari,Finished,58,58,4,5167.468999,5190.747999,0.004504913
2025,24,2025-24,Abu Dhabi Grand Prix,RUS,Mercedes,Finished,58,58,5,5167.468999,5216.031999,0.009397831
2025,24,2025-24,Abu Dhabi Grand Prix,ALO,Aston Martin,Finished,58,58,6,5167.468999,5235.030999,0.013074486
2025,24,2025-24,Abu Dhabi Grand Prix,OCO,Haas F1 Team,Finished,58,58,7,5167.468999,5237.344999,0.013522287
2025,24,2025-24,Abu Dhabi Grand Prix,HAM,Ferrari,Finished,58,58,8,5167.468999,5240.138999,0.014062977
2025,24,2025-24,Abu Dhabi Grand Prix,HUL,Kick Sauber,Finished,58,58,9,5167.468999,5246.482999,0.015290658
2025,24,2025-24,Abu Dhabi Grand Prix,STR,Aston Martin,Finished,58,58,10,5167.468999,5241.991999,0.014421567
2025,24,2025-24,Abu Dhabi Grand Prix,BOR,Kick Sauber,Finished,58,58,11,5167.468999,5248.511999,0.015683306
2025,24,2025-24,Abu Dhabi Grand Prix,BEA,Haas F1 Team,Finished,58,58,12,5167.468999,5243.635,0.014739518
2025,24,2025-24,Abu Dhabi Grand Prix,SAI,Williams,Finished,58,58,13,5167.468999,5249.626999,0.015899079
2025,24,2025-24,Abu Dhabi Grand Prix,TSU,Red Bull Racing,Finished,58,58,14,5167.468999,5251.262999,0.016215675
2025,24,2025-24,Abu Dhabi Grand Prix,ANT,Mercedes,Finished,58,58,15,5167.468999,5251.867999,0.016332754
2025,24,2025-24,Abu Dhabi Grand Prix,ALB,Williams,Finished,58,58,16,5167.468999,5252.795999,0.016512339
2025,24,2025-24,Abu Dhabi Grand Prix,HAD,Racing Bulls,Lapped,57,58,17,5167.468999,5259.476631,0.017805164
2025,24,2025-24,Abu Dhabi Grand Prix,LAW,Racing Bulls,Lapped,57,58,18,5167.468999,5262.867087,0.018461279
2025,24,2025-24,Abu Dhabi Grand Prix,GAS,Alpine,Lapped,57,58,19,5167.468999,5265.155543,0.018904137
2025,24,2025-24,Abu Dhabi Grand Prix,COL,Alpine,Lapped,57,58,20,5167.468999,5272.375017,0.020301238
